transformador_id,lat,lon,region,densidad_poblacional,temperatura_actual,dias_desde_mantenimiento,antiguedad_anios,capacidad_kva,hogares_estimados,carga_estimada_kw,porcentaje_carga,fallas_ultimos_12_meses,riesgo_score_simulado,riesgo_clase,requiere_revision,riesgo_predicho,probabilidad_alto,probabilidad_bajo,probabilidad_medio,probabilidad_maxima
TR-00001,-34.8346678196048,-58.2132632943315,Provincia,7022.0,32.3,263,24,315,141,187.8,0.648,0,0.327,Medio,1,Bajo,0.0192,0.5968,0.384,0.5968
TR-00002,-34.8184022939347,-58.4110733119755,Provincia,5012.0,31.6,401,5,400,121,178.1,0.484,0,0.269,Medio,1,Medio,0.022,0.0808,0.8972,0.8972
TR-00003,-34.8212150458535,-58.2665300661848,Provincia,5957.0,35.1,320,31,315,124,210.9,0.728,3,0.457,Alto,1,Alto,0.8856,0.0135,0.1009,0.8856
TR-00004,-34.7223093141387,-58.2288643256008,Provincia,9102.0,34.5,96,22,315,104,194.8,0.672,2,0.341,Medio,1,Medio,0.0519,0.3134,0.6347,0.6347
TR-00005,-34.719164501066,-58.2322957033684,Provincia,7209.0,29.2,114,15,315,136,233.3,0.805,0,0.246,Bajo,0,Bajo,0.0162,0.7782,0.2056,0.7782
TR-00006,-34.8489303263608,-58.46813184493,Provincia,8221.0,37.3,294,24,500,140,136.2,0.296,1,0.369,Medio,1,Medio,0.0456,0.3072,0.6472,0.6472
TR-00007,-34.8182582580664,-58.2784457250442,Provincia,9210.0,33.4,193,6,500,97,205.7,0.447,1,0.269,Bajo,0,Bajo,0.0078,0.8087,0.1835,0.8087
TR-00008,-34.6815046519467,-58.3126095163329,Provincia,6075.0,30.1,105,12,1000,50,73.3,0.08,0,0.076,Bajo,0,Bajo,0.0322,0.917,0.0508,0.917
TR-00009,-34.839123862093,-58.2346919952219,Provincia,9469.0,37.5,186,24,250,168,360.4,1.567,2,0.54,Alto,1,Alto,0.9738,0.0026,0.0236,0.9738
TR-00010,-34.6849422637533,-58.3021946425167,Provincia,8337.0,35.7,299,1,315,124,174.1,0.601,0,0.285,Bajo,0,Bajo,0.0726,0.5802,0.3472,0.5802
TR-00011,-34.7492817366499,-58.2690550483734,Provincia,3496.0,29.7,208,18,1000,39,37.6,0.041,0,0.161,Bajo,0,Bajo,0.0046,0.9432,0.0522,0.9432
TR-00012,-34.8391236809908,-58.4861211788589,Provincia,11527.0,39.4,251,18,500,161,198.9,0.432,1,0.393,Medio,1,Medio,0.0557,0.4069,0.5374,0.5374
TR-00013,-34.7198731668589,-58.2252517566347,Provincia,5698.0,35.8,217,28,400,106,155.8,0.423,0,0.3,Bajo,0,Bajo,0.0176,0.7223,0.2601,0.7223
TR-00014,-34.8148637456976,-58.3545239796739,Provincia,2235.0,33.7,173,3,400,54,74.4,0.202,2,0.238,Bajo,0,Bajo,0.1227,0.7801,0.0971,0.7801
TR-00015,-34.9144591657416,-58.7133287359054,Provincia,4065.0,38.8,274,25,160,39,86.6,0.588,0,0.368,Medio,1,Medio,0.0606,0.3347,0.6047,0.6047
TR-00016,-34.7804662327788,-58.4223162451638,Provincia,4137.0,34.2,99,10,800,125,214.7,0.292,1,0.225,Bajo,0,Bajo,0.0093,0.8467,0.1439,0.8467
TR-00017,-34.8249095764975,-58.3797531530073,Provincia,7357.0,33.6,163,11,500,142,219.2,0.477,0,0.309,Bajo,0,Bajo,0.005,0.8837,0.1113,0.8837
TR-00018,-34.9229456008779,-58.6611357650899,Provincia,6378.0,31.6,348,5,400,97,141.4,0.384,0,0.252,Medio,1,Medio,0.0216,0.0799,0.8985,0.8985
TR-00019,-34.7513697351653,-58.4600872751453,Provincia,6190.0,35.6,115,6,400,95,127.1,0.345,0,0.186,Bajo,0,Bajo,0.0142,0.8851,0.1007,0.8851
TR-00020,-34.8267311606591,-58.4288163957117,Provincia,9059.0,35.2,246,17,315,146,198.7,0.686,1,0.42,Medio,1,Medio,0.0428,0.2531,0.7041,0.7041
TR-00021,-34.8242657169114,-58.4157371739486,Provincia,8220.0,33.7,200,6,315,99,200.8,0.693,0,0.236,Bajo,0,Bajo,0.009,0.828,0.163,0.828
TR-00022,-34.8065133495486,-58.1946011595228,Provincia,8148.0,31.2,191,19,500,134,202.8,0.441,0,0.226,Bajo,0,Bajo,0.0138,0.8952,0.091,0.8952
TR-00023,-34.7587859236634,-58.2559678087841,Provincia,8429.0,34.1,363,9,400,96,123.9,0.337,0,0.294,Medio,1,Medio,0.0114,0.103,0.8856,0.8856
TR-00024,-34.9414151052519,-58.5670078595181,Provincia,9048.0,33.5,396,6,160,135,213.6,1.451,0,0.304,Medio,1,Medio,0.1488,0.0301,0.8211,0.8211
TR-00025,-34.8397364842554,-58.4650029325358,Provincia,876.0,29.4,143,10,315,10,10.2,0.035,1,0.152,Bajo,0,Bajo,0.0088,0.8816,0.1096,0.8816
TR-00026,-34.8344077682535,-58.4860969637609,Provincia,6107.0,29.0,226,16,800,74,112.1,0.152,0,0.144,Bajo,0,Bajo,0.0001,0.9637,0.0362,0.9637
TR-00027,-34.7982997767918,-58.4103934630139,Provincia,659.0,35.5,85,12,315,78,119.9,0.414,0,0.244,Bajo,0,Bajo,0.0386,0.7731,0.1883,0.7731
TR-00028,-34.9484908102358,-58.6132079498029,Provincia,7308.0,25.4,354,14,400,117,170.6,0.464,1,0.224,Medio,1,Medio,0.0076,0.069,0.9235,0.9235
TR-00029,-34.7558961325029,-58.3357424723614,Provincia,7186.0,34.4,240,19,500,120,164.2,0.357,2,0.341,Medio,1,Bajo,0.0365,0.6179,0.3456,0.6179
TR-00030,-34.6768695485116,-58.3098022510424,Provincia,10337.0,32.2,111,22,630,102,112.4,0.194,0,0.198,Bajo,0,Bajo,0.009,0.9204,0.0706,0.9204
TR-00031,-34.8072045735929,-58.2055427467354,Provincia,10763.0,37.9,166,12,500,142,203.0,0.441,0,0.326,Medio,1,Bajo,0.0663,0.5419,0.3918,0.5419
TR-00032,-35.0503283186986,-58.7467810648849,Provincia,7808.0,32.1,137,7,630,133,161.7,0.279,2,0.26,Bajo,0,Bajo,0.0722,0.772,0.1558,0.772
TR-00033,-34.828180800211,-58.2036042190632,Provincia,5699.0,35.8,162,15,250,102,181.9,0.791,1,0.345,Medio,1,Medio,0.058,0.1962,0.7458,0.7458
TR-00034,-34.7341472677594,-58.2793951521235,Provincia,8655.0,32.4,90,17,800,78,93.2,0.127,0,0.185,Bajo,0,Bajo,0.003,0.9506,0.0464,0.9506
TR-00035,-34.8382530087374,-58.404091734567,Provincia,5616.0,34.1,442,4,800,101,135.1,0.184,2,0.388,Medio,1,Medio,0.0641,0.073,0.8629,0.8629
TR-00036,-34.982759483347,-58.6986210073124,Provincia,7196.0,36.1,146,8,400,124,196.1,0.533,1,0.303,Bajo,0,Bajo,0.0656,0.6756,0.2589,0.6756
TR-00037,-34.9316242671927,-58.6927626904094,Provincia,10158.0,32.2,245,9,500,182,347.1,0.755,0,0.238,Bajo,0,Bajo,0.0321,0.7715,0.1964,0.7715
TR-00038,-34.844131833799,-58.458568572775,Provincia,5527.0,36.9,298,13,250,78,164.6,0.716,1,0.307,Bajo,0,Medio,0.093,0.3754,0.5316,0.5316
TR-00039,-34.6518101746118,-58.3357944572118,CABA,11614.0,31.3,241,9,400,111,159.5,0.433,2,0.234,Bajo,0,Bajo,0.0748,0.751,0.1743,0.751
TR-00040,-34.809854216992,-58.2031938059112,Provincia,9232.0,34.6,249,19,250,114,194.5,0.846,0,0.31,Medio,1,Medio,0.0349,0.306,0.6591,0.6591
TR-00041,-34.7739320262392,-58.3227758053823,Provincia,4336.0,36.7,215,3,160,53,89.3,0.607,0,0.273,Bajo,0,Bajo,0.0615,0.6463,0.2921,0.6463
TR-00042,-34.8434997170279,-58.5008730495672,Provincia,10122.0,35.8,254,3,1000,168,294.7,0.32,0,0.223,Bajo,0,Bajo,0.0667,0.7598,0.1735,0.7598
TR-00043,-34.8379857371604,-58.4045896013957,Provincia,9296.0,39.8,143,12,315,72,113.9,0.393,0,0.316,Bajo,0,Bajo,0.042,0.7483,0.2098,0.7483
TR-00044,-34.6832534202888,-58.3211687208964,CABA,15313.0,32.1,124,13,400,200,218.1,0.593,1,0.24,Bajo,0,Bajo,0.0146,0.7826,0.2028,0.7826
TR-00045,-34.7274891232693,-58.4832992388008,Provincia,4913.0,29.3,213,4,315,123,189.1,0.653,1,0.192,Bajo,0,Bajo,0.0191,0.8361,0.1447,0.8361
TR-00046,-34.8309581014685,-58.4162092048116,Provincia,4622.0,30.5,72,10,315,84,107.6,0.371,0,0.179,Bajo,0,Bajo,0.0059,0.9242,0.0698,0.9242
TR-00047,-34.7951548393266,-58.2135107384145,Provincia,5587.0,35.8,175,11,315,118,235.5,0.813,2,0.423,Medio,1,Medio,0.1173,0.1297,0.753,0.753
TR-00048,-34.8837747637172,-58.2239675117314,Provincia,8828.0,35.3,194,11,315,93,165.9,0.572,1,0.271,Bajo,0,Bajo,0.0394,0.6039,0.3566,0.6039
TR-00049,-34.7194061112219,-58.2908179345692,Provincia,4333.0,34.0,542,15,500,41,74.6,0.162,0,0.306,Medio,1,Medio,0.0152,0.0778,0.907,0.907
TR-00050,-34.8428227090555,-58.4776288543845,Provincia,8513.0,30.1,420,9,1000,166,252.5,0.274,0,0.148,Medio,1,Medio,0.0,0.1271,0.8729,0.8729
TR-00051,-34.7834704806538,-58.3167775071863,Provincia,3475.0,36.2,297,24,400,73,119.9,0.326,1,0.302,Bajo,0,Bajo,0.0067,0.5381,0.4552,0.5381
TR-00052,-34.8351243429613,-58.231552130677,Provincia,6588.0,29.8,358,17,1000,110,150.8,0.164,1,0.225,Medio,1,Medio,0.0033,0.0513,0.9454,0.9454
TR-00053,-34.8020315087424,-58.4118843495285,Provincia,7529.0,37.4,148,8,500,91,153.5,0.334,0,0.295,Bajo,0,Bajo,0.0038,0.8394,0.1568,0.8394
TR-00054,-34.6895889434037,-58.2921707765013,Provincia,14535.0,42.8,257,15,400,205,323.1,0.878,2,0.476,Medio,1,Medio,0.3287,0.0816,0.5897,0.5897
TR-00055,-34.9337189781932,-58.5381395880272,Provincia,3068.0,34.9,338,15,315,37,57.8,0.199,0,0.24,Medio,1,Medio,0.0226,0.0717,0.9057,0.9057
TR-00056,-34.8378093063023,-58.4840676474699,Provincia,11616.0,35.6,149,23,160,197,346.4,2.353,1,0.53,Alto,1,Alto,0.901,0.0152,0.0837,0.901
TR-00057,-34.8426590422226,-58.5038673263735,Provincia,7650.0,32.1,114,10,630,188,242.5,0.418,0,0.194,Bajo,0,Bajo,0.0063,0.9166,0.0771,0.9166
TR-00058,-34.7375965697252,-58.2713156066355,Provincia,8434.0,27.9,283,19,400,142,219.8,0.597,1,0.229,Bajo,0,Bajo,0.0168,0.5927,0.3904,0.5927
TR-00059,-34.8189552203145,-58.2676148780655,Provincia,7555.0,31.8,120,14,400,103,104.8,0.285,0,0.257,Bajo,0,Bajo,0.0022,0.9706,0.0272,0.9706
TR-00060,-34.7485383568448,-58.3350385156753,Provincia,8534.0,30.2,310,24,630,67,59.9,0.103,0,0.206,Medio,1,Medio,0.034,0.1081,0.8579,0.8579
TR-00061,-34.7329043046187,-58.2857878673608,Provincia,6739.0,29.1,393,23,315,67,102.5,0.354,0,0.248,Medio,1,Medio,0.022,0.1033,0.8747,0.8747
TR-00062,-34.7050392941033,-58.267074033667,Provincia,11562.0,39.2,151,15,630,206,402.5,0.694,1,0.361,Medio,1,Medio,0.1473,0.1929,0.6598,0.6598
TR-00063,-34.8456707083725,-58.4749138924529,Provincia,5831.0,34.6,157,12,315,73,118.1,0.408,0,0.255,Bajo,0,Bajo,0.0187,0.8313,0.15,0.8313
TR-00064,-34.7213653954025,-58.2939282015428,Provincia,10597.0,34.9,388,18,800,146,213.0,0.289,0,0.341,Medio,1,Medio,0.031,0.0733,0.8958,0.8958
TR-00065,-34.8036445851235,-58.2070982098345,Provincia,5267.0,32.7,250,13,315,108,160.9,0.555,0,0.312,Bajo,0,Bajo,0.0118,0.8726,0.1155,0.8726
TR-00066,-34.7520551472764,-58.2619250990842,Provincia,7019.0,33.1,364,26,250,150,222.9,0.969,0,0.338,Medio,1,Medio,0.2262,0.0491,0.7248,0.7248
TR-00067,-34.8335772622166,-58.3882567013096,Provincia,3984.0,36.8,217,15,500,71,101.2,0.22,0,0.308,Bajo,0,Bajo,0.0084,0.8825,0.1091,0.8825
TR-00068,-34.6980449711649,-58.3038209769645,Provincia,8565.0,33.6,224,11,250,121,182.9,0.795,1,0.337,Medio,1,Bajo,0.0249,0.4939,0.4812,0.4939
TR-00069,-34.7989768193249,-58.2108775663547,Provincia,11535.0,35.4,247,11,800,168,284.8,0.387,0,0.299,Bajo,0,Bajo,0.0413,0.6981,0.2606,0.6981
TR-00070,-34.8290589049172,-58.4122473310359,Provincia,6968.0,33.1,491,6,500,96,129.5,0.282,1,0.297,Medio,1,Medio,0.0073,0.0739,0.9188,0.9188
TR-00071,-34.7550692257953,-58.2669466387356,Provincia,6609.0,32.6,351,18,315,93,144.7,0.499,2,0.351,Medio,1,Medio,0.0997,0.071,0.8293,0.8293
TR-00072,-34.6780238399844,-58.3277847683208,CABA,10533.0,30.0,400,8,250,165,234.2,1.018,0,0.32,Medio,1,Medio,0.1592,0.0879,0.7529,0.7529
TR-00073,-35.0136904465249,-58.7151150431992,Provincia,6512.0,27.4,266,22,800,111,156.8,0.213,0,0.209,Bajo,0,Bajo,0.0161,0.8542,0.1297,0.8542
TR-00074,-34.8282694831109,-58.4319121131038,Provincia,2422.0,32.9,209,5,400,111,145.0,0.394,1,0.3,Bajo,0,Bajo,0.024,0.9338,0.0422,0.9338
TR-00075,-34.9172600766287,-58.6319927361746,Provincia,4461.0,33.9,191,15,800,93,152.6,0.207,1,0.269,Bajo,0,Bajo,0.0343,0.8484,0.1173,0.8484
TR-00076,-34.8304880089844,-58.4112045244793,Provincia,7880.0,29.6,306,22,250,152,261.8,1.138,1,0.347,Medio,1,Medio,0.1805,0.073,0.7465,0.7465
TR-00077,-34.7405221118789,-58.2690542884255,Provincia,11157.0,33.6,278,1,800,135,174.3,0.237,0,0.118,Bajo,0,Bajo,0.01,0.8651,0.1249,0.8651
TR-00078,-34.7391152808124,-58.2770927084335,Provincia,15628.0,33.9,152,28,400,228,371.6,1.01,0,0.282,Bajo,0,Bajo,0.1695,0.4384,0.3921,0.4384
TR-00079,-34.8160071354386,-58.2717658904393,Provincia,5440.0,26.8,247,11,500,76,71.3,0.155,1,0.15,Bajo,0,Bajo,0.0001,0.9027,0.0972,0.9027
TR-00080,-34.7076468873532,-58.2978841799122,Provincia,11506.0,30.8,188,15,315,176,243.7,0.841,2,0.288,Bajo,0,Bajo,0.0986,0.5525,0.3488,0.5525
TR-00081,-34.6625318337367,-58.3246358725832,CABA,16099.0,35.8,143,18,160,238,456.8,3.103,1,0.626,Alto,1,Alto,0.9581,0.0089,0.033,0.9581
TR-00082,-34.7534368883508,-58.2382832519598,Provincia,6746.0,34.9,184,19,800,111,159.1,0.216,2,0.277,Bajo,0,Bajo,0.0238,0.6791,0.2971,0.6791
TR-00083,-34.7159421087389,-58.3002028534513,Provincia,8498.0,30.0,225,16,1000,190,291.5,0.317,1,0.215,Bajo,0,Bajo,0.0256,0.7918,0.1826,0.7918
TR-00084,-35.0289916748719,-58.7245927451236,Provincia,7386.0,34.2,194,21,315,153,265.7,0.917,1,0.344,Medio,1,Medio,0.0666,0.2408,0.6926,0.6926
TR-00085,-34.7776254012046,-58.2363041456468,Provincia,7531.0,37.0,97,18,800,148,383.6,0.521,1,0.367,Medio,1,Medio,0.1448,0.3021,0.5531,0.5531
TR-00086,-34.8129583934825,-58.4221132782076,Provincia,5975.0,36.2,480,26,250,119,155.6,0.677,0,0.378,Medio,1,Medio,0.2465,0.0593,0.6942,0.6942
TR-00087,-34.7148384254866,-58.3014750870529,Provincia,3006.0,33.4,246,18,250,109,140.8,0.612,0,0.298,Bajo,0,Bajo,0.057,0.8073,0.1357,0.8073
TR-00088,-34.8302080899384,-58.397330978123,Provincia,2569.0,32.2,488,28,160,24,28.7,0.195,0,0.309,Medio,1,Medio,0.0772,0.1172,0.8057,0.8057
TR-00089,-34.7341310043231,-58.2849121238786,Provincia,9160.0,31.7,251,20,315,172,186.4,0.643,0,0.301,Bajo,0,Bajo,0.0182,0.8252,0.1566,0.8252
TR-00090,-34.8261598116101,-58.4135357902871,Provincia,6370.0,35.2,331,1,160,80,105.1,0.714,0,0.318,Medio,1,Medio,0.0634,0.1286,0.8079,0.8079
TR-00091,-34.918757691624,-58.533580115299,Provincia,5412.0,34.3,178,32,315,79,119.7,0.413,2,0.37,Medio,1,Bajo,0.0871,0.5058,0.4071,0.5058
TR-00092,-35.0306187958485,-58.7264698666396,Provincia,7226.0,35.7,180,10,250,129,207.8,0.903,1,0.285,Medio,1,Medio,0.1118,0.2906,0.5976,0.5976
TR-00093,-34.6824604500643,-58.3221714224612,CABA,13018.0,34.9,67,24,500,215,408.1,0.887,1,0.338,Medio,1,Medio,0.181,0.1941,0.6249,0.6249
TR-00094,-34.9411810953748,-58.5629180444205,Provincia,7741.0,36.3,486,14,630,92,170.1,0.293,1,0.364,Medio,1,Medio,0.0099,0.0603,0.9298,0.9298
TR-00095,-34.7671836894843,-58.3268994075214,Provincia,5232.0,34.0,155,21,500,78,154.0,0.335,0,0.258,Bajo,0,Bajo,0.0017,0.9305,0.0677,0.9305
TR-00096,-34.8088414133509,-58.4139735328695,Provincia,10879.0,36.2,85,9,250,161,227.6,0.99,1,0.311,Alto,1,Alto,0.965,0.0071,0.0278,0.965
TR-00097,-34.8685529855828,-58.4332337367799,Provincia,11938.0,36.5,384,18,630,166,203.7,0.351,1,0.402,Medio,1,Medio,0.0535,0.1024,0.844,0.844
TR-00098,-34.89634787757,-58.4481461297091,Provincia,8684.0,31.1,340,12,315,154,243.9,0.842,1,0.318,Medio,1,Medio,0.0513,0.0959,0.8527,0.8527
TR-00099,-34.6941182599905,-58.4532817327007,CABA,15899.0,28.7,83,25,500,304,292.8,0.637,0,0.174,Bajo,0,Bajo,0.0302,0.804,0.1658,0.804
TR-00100,-34.8246991590189,-58.4105864274892,Provincia,10926.0,38.6,571,17,400,170,286.9,0.78,0,0.421,Medio,1,Medio,0.1954,0.1067,0.6979,0.6979
TR-00101,-34.8172973569419,-58.3588774697537,Provincia,10590.0,34.5,583,21,315,137,227.0,0.783,0,0.464,Medio,1,Medio,0.0342,0.058,0.9077,0.9077
TR-00102,-34.7181878705631,-58.2931747730167,Provincia,9042.0,28.2,94,1,250,104,115.5,0.502,0,0.144,Bajo,0,Bajo,0.0275,0.8925,0.08,0.8925
TR-00103,-34.8315462755371,-58.2562723241473,Provincia,8995.0,31.4,176,13,630,128,161.4,0.278,0,0.227,Bajo,0,Bajo,0.0,0.9498,0.0502,0.9498
TR-00104,-34.823561345435,-58.41623883174,Provincia,8759.0,36.2,239,17,800,110,148.6,0.202,0,0.234,Bajo,0,Bajo,0.0153,0.7623,0.2224,0.7623
TR-00105,-34.8274239879443,-58.2059895500878,Provincia,3908.0,32.8,293,16,500,87,139.3,0.303,1,0.259,Bajo,0,Bajo,0.0104,0.8566,0.133,0.8566
TR-00106,-34.7817593744975,-58.2239004561927,Provincia,9302.0,32.1,273,21,1000,151,276.9,0.301,1,0.259,Bajo,0,Bajo,0.007,0.763,0.2299,0.763
TR-00107,-34.8369034996609,-58.3816531813755,Provincia,3133.0,38.2,245,11,800,55,108.0,0.147,0,0.282,Bajo,0,Bajo,0.0045,0.7729,0.2225,0.7729
TR-00108,-34.6774435501428,-58.310464129675,Provincia,4816.0,30.3,143,14,250,136,160.3,0.697,2,0.286,Bajo,0,Bajo,0.0959,0.6902,0.2138,0.6902
TR-00109,-34.8614877448717,-58.4902839069396,Provincia,11111.0,31.1,310,22,500,143,171.1,0.372,0,0.234,Medio,1,Medio,0.0017,0.0896,0.9086,0.9086
TR-00110,-34.9267619204114,-58.6388895540203,Provincia,9721.0,34.4,318,1,315,142,160.4,0.553,1,0.282,Medio,1,Medio,0.0691,0.1176,0.8133,0.8133
TR-00111,-34.7031642183255,-58.2716029002061,Provincia,11662.0,34.9,371,18,400,184,307.8,0.836,4,0.475,Alto,1,Alto,0.8529,0.0147,0.1324,0.8529
TR-00112,-34.8402761695647,-58.2228593502093,Provincia,6385.0,35.3,133,12,250,127,181.2,0.788,2,0.353,Medio,1,Medio,0.0855,0.2008,0.7137,0.7137
TR-00113,-34.8293159268955,-58.3999248240935,Provincia,3743.0,36.6,221,8,1000,106,149.8,0.163,1,0.319,Bajo,0,Bajo,0.0195,0.7872,0.1933,0.7872
TR-00114,-34.8416764342641,-58.4865753946411,Provincia,6479.0,34.3,194,16,500,117,159.8,0.347,0,0.195,Bajo,0,Bajo,0.0025,0.9385,0.059,0.9385
TR-00115,-34.7252300051865,-58.2913836867334,Provincia,7506.0,35.3,132,23,315,145,242.8,0.838,0,0.332,Medio,1,Medio,0.0912,0.2958,0.613,0.613
TR-00116,-34.7455584271295,-58.2336306548223,Provincia,7437.0,32.9,219,21,315,101,115.2,0.398,0,0.303,Bajo,0,Bajo,0.0091,0.9001,0.0908,0.9001
TR-00117,-34.8149762571558,-58.4225079118824,Provincia,10601.0,33.9,147,13,400,178,301.0,0.818,0,0.269,Bajo,0,Bajo,0.0268,0.7124,0.2608,0.7124
TR-00118,-34.7894257214722,-58.4175305520074,Provincia,6116.0,34.0,121,20,500,124,155.7,0.338,0,0.22,Bajo,0,Bajo,0.0,0.9457,0.0543,0.9457
TR-00119,-34.9347436285473,-58.5811854768597,Provincia,8256.0,34.4,342,20,800,165,192.3,0.261,0,0.316,Medio,1,Medio,0.0008,0.0566,0.9425,0.9425
TR-00120,-34.833215592403,-58.4202691897351,Provincia,4234.0,36.2,198,13,315,38,74.3,0.256,3,0.334,Alto,1,Alto,0.9243,0.0453,0.0304,0.9243
TR-00121,-34.8043093321643,-58.4102419980949,Provincia,8551.0,35.5,172,9,400,108,243.9,0.663,0,0.273,Bajo,0,Bajo,0.0326,0.7054,0.2619,0.7054
TR-00122,-34.7412534261881,-58.3219173179821,Provincia,7209.0,33.8,413,10,400,135,228.1,0.62,1,0.304,Medio,1,Medio,0.0268,0.0585,0.9147,0.9147
TR-00123,-34.7029528762225,-58.4608972158426,CABA,15270.0,31.9,84,20,315,144,197.1,0.68,2,0.249,Bajo,0,Bajo,0.0596,0.595,0.3453,0.595
TR-00124,-34.8257959526829,-58.412795752048,Provincia,6493.0,33.9,80,14,400,119,178.9,0.486,0,0.222,Bajo,0,Bajo,0.0026,0.8916,0.1058,0.8916
TR-00125,-34.8414682137702,-58.4768165603306,Provincia,6647.0,33.6,294,7,250,135,173.2,0.753,0,0.236,Bajo,0,Bajo,0.0235,0.6523,0.3241,0.6523
TR-00126,-34.7973555840761,-58.4110328127051,Provincia,6390.0,34.3,293,2,250,91,118.6,0.516,1,0.286,Bajo,0,Bajo,0.011,0.7652,0.2239,0.7652
TR-00127,-34.8039400575747,-58.2164690968151,Provincia,12514.0,40.8,215,20,400,167,140.2,0.381,2,0.467,Medio,1,Medio,0.1435,0.3239,0.5326,0.5326
TR-00128,-34.9358593894783,-58.5730019162564,Provincia,6905.0,32.0,211,10,800,84,185.3,0.252,0,0.26,Bajo,0,Bajo,0.0109,0.9409,0.0482,0.9409
TR-00129,-34.7234994874607,-58.2275552649943,Provincia,6468.0,35.1,104,16,315,93,174.8,0.603,0,0.27,Bajo,0,Bajo,0.0247,0.7337,0.2416,0.7337
TR-00130,-34.8386108589183,-58.49462645139,Provincia,908.0,37.1,568,23,315,28,49.0,0.169,0,0.403,Medio,1,Medio,0.0609,0.122,0.8171,0.8171
TR-00131,-34.9130741955312,-58.7162899223421,Provincia,4517.0,34.0,219,5,500,66,111.1,0.242,1,0.259,Bajo,0,Bajo,0.0362,0.8598,0.104,0.8598
TR-00132,-34.8437410187864,-58.4939147967424,Provincia,6411.0,41.2,287,14,800,87,132.5,0.18,1,0.36,Medio,1,Medio,0.0197,0.3525,0.6277,0.6277
TR-00133,-34.7492181773651,-58.4616979763222,Provincia,5142.0,32.5,225,13,400,83,123.3,0.335,0,0.154,Bajo,0,Bajo,0.0,0.9757,0.0243,0.9757
TR-00134,-34.8315584150604,-58.4228025016829,Provincia,11345.0,34.7,173,17,160,157,282.5,1.919,3,0.591,Alto,1,Medio,0.4637,0.0649,0.4714,0.4714
TR-00135,-34.8367724312166,-58.4065687458237,Provincia,6705.0,31.1,354,23,500,156,189.6,0.412,1,0.268,Medio,1,Medio,0.0073,0.0631,0.9296,0.9296
TR-00136,-34.8355052165769,-58.4415684038868,Provincia,11065.0,32.6,262,5,400,151,203.6,0.553,0,0.281,Bajo,0,Bajo,0.0,0.9032,0.0968,0.9032
TR-00137,-34.7593823874132,-58.2554145860679,Provincia,7385.0,34.5,220,18,500,126,165.1,0.359,1,0.32,Medio,1,Bajo,0.0066,0.5684,0.4249,0.5684
TR-00138,-34.8075975141923,-58.2144821192943,Provincia,7312.0,36.4,285,21,315,102,177.4,0.612,1,0.342,Medio,1,Medio,0.033,0.2595,0.7075,0.7075
TR-00139,-34.8361169304085,-58.4010209959152,Provincia,6934.0,34.7,235,13,160,97,134.2,0.912,0,0.326,Medio,1,Medio,0.0505,0.263,0.6866,0.6866
TR-00140,-34.8269005275763,-58.4150571028279,Provincia,7211.0,37.7,503,13,315,72,103.0,0.355,0,0.428,Medio,1,Medio,0.0439,0.1056,0.8506,0.8506
TR-00141,-34.9042198046886,-58.6162331194248,Provincia,12356.0,33.4,349,17,500,137,165.4,0.36,2,0.403,Medio,1,Medio,0.0562,0.041,0.9029,0.9029
TR-00142,-34.8348312104438,-58.3799714465065,Provincia,500.0,32.6,307,16,315,10,11.1,0.038,0,0.199,Medio,1,Medio,0.0098,0.1274,0.8628,0.8628
TR-00143,-34.8253629659729,-58.4069047831881,Provincia,1195.0,42.4,110,18,250,48,82.8,0.36,0,0.319,Bajo,0,Bajo,0.0457,0.7373,0.2169,0.7373
TR-00144,-34.7556480448671,-58.2588085858435,Provincia,5570.0,35.0,312,18,400,122,189.8,0.516,0,0.311,Medio,1,Medio,0.051,0.1107,0.8384,0.8384
TR-00145,-34.8372176046533,-58.2158638711938,Provincia,7244.0,31.4,308,7,500,71,75.6,0.164,1,0.222,Medio,1,Medio,0.0108,0.0733,0.9159,0.9159
TR-00146,-34.8330308589151,-58.4511254524309,Provincia,9270.0,31.5,148,21,250,126,183.6,0.798,0,0.306,Bajo,0,Bajo,0.0204,0.7734,0.2062,0.7734
TR-00147,-34.7363954476876,-58.2083011517806,Provincia,8619.0,30.7,109,22,500,97,135.8,0.295,0,0.219,Bajo,0,Bajo,0.0024,0.9393,0.0582,0.9393
TR-00148,-34.9166517543825,-58.6998475801614,Provincia,6047.0,36.7,342,15,500,94,174.3,0.379,1,0.291,Medio,1,Medio,0.0239,0.0438,0.9323,0.9323
TR-00149,-34.8352741726284,-58.3881821067784,Provincia,10257.0,32.5,362,4,315,178,269.2,0.929,1,0.344,Medio,1,Medio,0.0615,0.1043,0.8342,0.8342
TR-00150,-34.836247341181,-58.4402563301428,Provincia,10291.0,34.1,180,13,1000,140,353.4,0.384,1,0.27,Bajo,0,Bajo,0.0307,0.7398,0.2296,0.7398
TR-00151,-34.7866599992764,-58.4197432939367,Provincia,7752.0,33.5,177,15,800,120,187.1,0.254,1,0.26,Bajo,0,Bajo,0.0096,0.9212,0.0693,0.9212
TR-00152,-34.7808518388816,-58.2245587075432,Provincia,10088.0,36.0,260,6,315,185,279.1,0.963,0,0.332,Alto,1,Alto,0.9191,0.0179,0.0631,0.9191
TR-00153,-34.8355355930959,-58.456118576692,Provincia,8018.0,31.0,198,11,160,136,154.0,1.046,1,0.347,Medio,1,Medio,0.1033,0.1398,0.7569,0.7569
TR-00154,-34.8358633371647,-58.3924376970584,Provincia,5516.0,30.3,108,4,315,76,91.7,0.316,0,0.174,Bajo,0,Bajo,0.01,0.9231,0.067,0.9231
TR-00155,-34.7519939054558,-58.4629383982695,Provincia,9293.0,34.4,147,18,250,144,165.0,0.717,0,0.259,Bajo,0,Bajo,0.0167,0.7368,0.2464,0.7368
TR-00156,-34.6692351807649,-58.3167204187185,Provincia,7532.0,35.6,282,15,400,98,167.3,0.455,0,0.291,Bajo,0,Bajo,0.0182,0.6284,0.3535,0.6284
TR-00157,-34.792958028969,-58.4146788430393,Provincia,7204.0,34.8,151,2,800,125,152.2,0.207,1,0.213,Bajo,0,Bajo,0.0033,0.8701,0.1266,0.8701
TR-00158,-34.7059013859093,-58.2635125007485,Provincia,11619.0,31.1,370,16,630,180,268.4,0.463,0,0.198,Medio,1,Medio,0.0302,0.1013,0.8685,0.8685
TR-00159,-34.767022280334,-58.2483844905666,Provincia,500.0,35.9,306,14,315,10,12.6,0.043,0,0.252,Medio,1,Medio,0.0214,0.1139,0.8647,0.8647
TR-00160,-34.8352461087993,-58.4852449319838,Provincia,2947.0,31.3,287,18,400,68,95.4,0.259,0,0.29,Bajo,0,Bajo,0.0057,0.9122,0.0821,0.9122
TR-00161,-34.9114344487297,-58.7175555880301,Provincia,3639.0,32.0,258,11,160,69,119.3,0.81,2,0.283,Bajo,0,Bajo,0.0798,0.5729,0.3473,0.5729
TR-00162,-34.8186922435948,-58.2005671053636,Provincia,6110.0,30.7,169,8,400,115,229.5,0.624,0,0.202,Bajo,0,Bajo,0.0322,0.8067,0.1612,0.8067
TR-00163,-34.7786400090489,-58.2261039642699,Provincia,6436.0,37.9,325,9,160,126,178.0,1.209,1,0.433,Alto,1,Alto,0.8807,0.011,0.1084,0.8807
TR-00164,-34.7416457175155,-58.2783378479731,Provincia,2678.0,35.7,167,10,800,73,101.4,0.138,0,0.232,Bajo,0,Bajo,0.0106,0.8911,0.0983,0.8911
TR-00165,-34.8354529298477,-58.3892900153613,Provincia,4245.0,35.6,379,14,630,72,91.7,0.158,1,0.284,Medio,1,Medio,0.0029,0.0936,0.9036,0.9036
TR-00166,-34.9361419852629,-58.6911692652426,Provincia,4617.0,37.7,467,15,250,107,144.4,0.628,0,0.33,Medio,1,Medio,0.2097,0.082,0.7083,0.7083
TR-00167,-34.7274432222631,-58.2182246016792,Provincia,14572.0,42.7,262,13,500,181,313.3,0.681,2,0.428,Medio,1,Medio,0.2316,0.1259,0.6425,0.6425
TR-00168,-34.8198538777319,-58.3702086004427,Provincia,12605.0,28.2,439,11,400,146,229.8,0.624,1,0.322,Medio,1,Medio,0.0138,0.0723,0.9139,0.9139
TR-00169,-34.7605807037303,-58.2762395548797,Provincia,5965.0,31.3,148,12,630,20,21.7,0.037,1,0.157,Bajo,0,Bajo,0.0069,0.9388,0.0542,0.9388
TR-00170,-34.8363343956221,-58.4577177404356,Provincia,6109.0,31.7,307,32,400,100,175.9,0.478,0,0.28,Medio,1,Medio,0.0315,0.093,0.8755,0.8755
TR-00171,-34.7481805669209,-58.2635823400012,Provincia,3752.0,31.0,243,9,250,53,78.7,0.342,0,0.269,Bajo,0,Bajo,0.0101,0.9409,0.049,0.9409
TR-00172,-34.9141329908748,-58.698930153523,Provincia,1476.0,30.3,345,10,500,57,58.1,0.126,0,0.162,Medio,1,Medio,0.0,0.1072,0.8928,0.8928
TR-00173,-34.9218722552451,-58.6704102204923,Provincia,6849.0,32.7,83,37,250,61,86.4,0.376,1,0.314,Bajo,0,Bajo,0.0569,0.7371,0.206,0.7371
TR-00174,-34.70129075249,-58.2735534607438,Provincia,4206.0,29.8,336,17,400,63,70.5,0.192,1,0.281,Medio,1,Medio,0.0078,0.1105,0.8817,0.8817
TR-00175,-34.8334306529153,-58.1875703681037,Provincia,6945.0,34.8,177,4,250,123,191.2,0.831,0,0.306,Medio,1,Medio,0.0564,0.4224,0.5212,0.5212
TR-00176,-34.7480652960965,-58.2699135988108,Provincia,2399.0,33.9,248,20,500,32,36.7,0.08,0,0.191,Bajo,0,Bajo,0.017,0.9159,0.067,0.9159
TR-00177,-34.7971892929045,-58.2121085105926,Provincia,4914.0,35.2,564,8,630,98,127.9,0.221,0,0.28,Medio,1,Medio,0.004,0.0847,0.9113,0.9113
TR-00178,-34.8400503400156,-58.2500903921337,Provincia,7646.0,35.3,312,20,250,106,136.6,0.594,0,0.336,Medio,1,Medio,0.0622,0.0847,0.8531,0.8531
TR-00179,-34.7142500695211,-58.3021525307838,Provincia,8299.0,35.6,294,13,400,127,209.1,0.568,2,0.445,Medio,1,Medio,0.0702,0.2345,0.6953,0.6953
TR-00180,-34.8277158340348,-58.4132386617384,Provincia,8452.0,32.5,283,11,500,145,255.2,0.555,1,0.263,Bajo,0,Bajo,0.0038,0.7857,0.2105,0.7857
TR-00181,-34.7384878653605,-58.28174185467,Provincia,3239.0,40.5,397,25,250,91,170.1,0.74,1,0.462,Medio,1,Medio,0.2078,0.0369,0.7553,0.7553
TR-00182,-34.8120083043476,-58.349187209057,Provincia,9764.0,34.5,350,18,400,148,197.5,0.537,1,0.363,Medio,1,Medio,0.0095,0.0463,0.9442,0.9442
TR-00183,-34.6885190411276,-58.3135561979386,Provincia,4799.0,27.7,284,21,500,66,72.3,0.157,0,0.196,Bajo,0,Bajo,0.0149,0.9004,0.0847,0.9004
TR-00184,-34.8370637752565,-58.3847370836823,Provincia,9099.0,30.5,268,17,315,126,181.6,0.627,1,0.309,Bajo,0,Bajo,0.0281,0.7493,0.2226,0.7493
TR-00185,-34.8357240673213,-58.3994924666778,Provincia,7168.0,28.1,260,11,630,130,121.7,0.21,0,0.123,Bajo,0,Bajo,0.0,0.9754,0.0246,0.9754
TR-00186,-34.9234204854713,-58.5443250291299,Provincia,3071.0,33.8,236,18,400,40,42.2,0.115,0,0.213,Bajo,0,Bajo,0.027,0.8894,0.0836,0.8894
TR-00187,-34.9023497878036,-58.5097438636453,Provincia,6251.0,33.3,132,22,500,99,179.6,0.39,1,0.288,Bajo,0,Bajo,0.0168,0.8151,0.1682,0.8151
TR-00188,-34.6838823282326,-58.3047476468904,Provincia,8296.0,32.2,309,15,250,118,121.5,0.528,1,0.344,Medio,1,Medio,0.0762,0.1031,0.8206,0.8206
TR-00189,-34.8589585056832,-58.4135949316896,Provincia,9039.0,40.1,186,27,160,134,223.1,1.516,1,0.509,Alto,1,Alto,0.8261,0.0242,0.1497,0.8261
TR-00190,-34.6799325708908,-58.3253741491386,CABA,20278.0,36.3,68,20,160,245,479.5,3.257,1,0.609,Alto,1,Alto,0.9727,0.0065,0.0208,0.9727
TR-00191,-34.955132932298,-58.1859250055754,Provincia,11795.0,36.0,361,15,800,123,207.2,0.282,1,0.299,Medio,1,Medio,0.0331,0.0711,0.8957,0.8957
TR-00192,-34.8437364962584,-58.4763281693406,Provincia,10223.0,30.7,239,16,800,164,243.6,0.331,2,0.349,Medio,1,Bajo,0.0642,0.7059,0.2299,0.7059
TR-00193,-34.7107655372104,-58.2981271664419,Provincia,6430.0,30.5,230,15,630,130,193.7,0.334,0,0.207,Bajo,0,Bajo,0.013,0.9466,0.0404,0.9466
TR-00194,-34.8201768281436,-58.2820985395018,Provincia,9450.0,33.8,262,5,250,97,153.6,0.668,0,0.298,Bajo,0,Bajo,0.0184,0.8226,0.159,0.8226
TR-00195,-34.8416706755953,-58.5045862699806,Provincia,13001.0,34.3,210,13,400,193,318.9,0.867,1,0.338,Medio,1,Medio,0.1141,0.313,0.5729,0.5729
TR-00196,-34.8973076286352,-58.2230382586587,Provincia,13081.0,27.8,558,16,630,212,269.3,0.465,1,0.296,Medio,1,Medio,0.0306,0.076,0.8934,0.8934
TR-00197,-34.8288860449952,-58.3862387425033,Provincia,3516.0,33.1,523,11,500,86,104.9,0.228,1,0.263,Medio,1,Medio,0.0143,0.0642,0.9216,0.9216
TR-00198,-34.7431696094003,-58.3251695516739,Provincia,4420.0,33.7,516,16,250,71,87.0,0.378,0,0.239,Medio,1,Medio,0.0313,0.0997,0.869,0.869
TR-00199,-34.7565694354389,-58.2696424019751,Provincia,11655.0,33.0,283,14,800,144,288.9,0.393,0,0.294,Bajo,0,Bajo,0.015,0.7915,0.1935,0.7915
TR-00200,-34.9142200649919,-58.2218865155171,Provincia,4025.0,31.1,180,19,250,79,94.7,0.412,0,0.221,Bajo,0,Bajo,0.0096,0.9102,0.0802,0.9102
TR-00201,-34.9558536353132,-58.6937030585216,Provincia,3232.0,32.0,365,19,250,74,105.4,0.458,0,0.283,Medio,1,Medio,0.0224,0.0795,0.898,0.898
TR-00202,-34.8150007914236,-58.4135782287045,Provincia,5741.0,33.1,211,15,800,100,117.8,0.16,0,0.17,Bajo,0,Bajo,0.0001,0.9583,0.0417,0.9583
TR-00203,-34.8259531642562,-58.4272486032594,Provincia,8461.0,34.0,380,4,400,125,235.6,0.64,0,0.252,Medio,1,Medio,0.0237,0.1009,0.8754,0.8754
TR-00204,-34.7464119307859,-58.2648285878385,Provincia,6893.0,35.6,176,27,315,84,135.6,0.468,2,0.417,Medio,1,Medio,0.0485,0.3431,0.6084,0.6084
TR-00205,-34.6797409582889,-58.3131133908168,Provincia,5248.0,37.2,292,13,400,102,188.1,0.511,0,0.378,Medio,1,Medio,0.0227,0.3718,0.6055,0.6055
TR-00206,-34.8321985448328,-58.4432011332978,Provincia,5177.0,32.8,404,13,1000,102,125.7,0.137,0,0.222,Medio,1,Medio,0.0044,0.0687,0.9269,0.9269
TR-00207,-34.7864825611695,-58.220309640812,Provincia,5063.0,32.2,216,12,250,94,154.9,0.673,0,0.273,Bajo,0,Bajo,0.0079,0.8896,0.1025,0.8896
TR-00208,-34.84515604586,-58.24637810776,Provincia,4561.0,35.1,216,11,500,86,134.7,0.293,1,0.288,Bajo,0,Bajo,0.0067,0.8561,0.1372,0.8561
TR-00209,-34.9195273433014,-58.6341660716775,Provincia,14045.0,35.7,115,25,315,238,366.3,1.264,2,0.444,Medio,1,Alto,0.6414,0.0554,0.3032,0.6414
TR-00210,-34.8031590494733,-58.2996290559665,Provincia,8093.0,32.3,179,24,250,110,188.4,0.819,0,0.357,Medio,1,Bajo,0.0213,0.7159,0.2628,0.7159
TR-00211,-34.806562685081,-58.3471390784166,Provincia,9860.0,36.2,281,17,400,178,343.2,0.933,1,0.38,Medio,1,Medio,0.3858,0.1374,0.4769,0.4769
TR-00212,-34.9174748018221,-58.6948043830931,Provincia,5733.0,36.8,300,13,400,79,109.8,0.298,0,0.334,Medio,1,Medio,0.0205,0.2266,0.7529,0.7529
TR-00213,-34.8048921351598,-58.216032298467,Provincia,6642.0,37.8,320,18,250,136,269.9,1.173,1,0.467,Alto,1,Alto,0.971,0.0013,0.0277,0.971
TR-00214,-34.834323405995,-58.4283563093001,Provincia,5059.0,39.4,92,15,400,120,183.4,0.498,0,0.306,Bajo,0,Bajo,0.0142,0.7181,0.2676,0.7181
TR-00215,-34.8298347999813,-58.3920747843551,Provincia,500.0,30.9,211,13,500,28,31.3,0.068,0,0.217,Bajo,0,Bajo,0.004,0.9381,0.058,0.9381
TR-00216,-34.7915582329916,-58.3109616393617,Provincia,3066.0,33.7,122,16,400,107,147.7,0.401,0,0.241,Bajo,0,Bajo,0.0144,0.9151,0.0704,0.9151
TR-00217,-34.8643360530427,-58.2224626423264,Provincia,1768.0,33.7,274,11,500,62,76.9,0.167,1,0.259,Bajo,0,Bajo,0.019,0.8788,0.1022,0.8788
TR-00218,-34.7784508393096,-58.1716075059796,Provincia,500.0,33.4,104,16,630,13,15.2,0.026,0,0.23,Bajo,0,Bajo,0.0129,0.9045,0.0825,0.9045
TR-00219,-34.8129314629027,-58.3459053692241,Provincia,3614.0,31.6,140,15,400,63,86.9,0.236,0,0.23,Bajo,0,Bajo,0.0074,0.9657,0.027,0.9657
TR-00220,-34.8444170091607,-58.5022424789375,Provincia,11175.0,28.9,348,18,400,190,254.3,0.691,0,0.296,Medio,1,Medio,0.0312,0.0872,0.8816,0.8816
TR-00221,-34.9462677735266,-58.1971635094637,Provincia,7067.0,34.0,189,10,400,136,185.9,0.505,0,0.108,Bajo,0,Bajo,0.0315,0.8473,0.1212,0.8473
TR-00222,-34.811965893162,-58.3441593713386,Provincia,11072.0,31.2,440,19,400,134,202.5,0.55,1,0.344,Medio,1,Medio,0.0128,0.0721,0.9152,0.9152
TR-00223,-34.8441454660908,-58.4947256725245,Provincia,8433.0,34.0,324,8,250,126,174.4,0.758,2,0.377,Medio,1,Medio,0.191,0.0886,0.7204,0.7204
TR-00224,-34.8473606653543,-58.4692669814496,Provincia,9548.0,31.2,217,10,315,148,195.6,0.675,0,0.23,Bajo,0,Bajo,0.0156,0.8639,0.1205,0.8639
TR-00225,-34.9124032878143,-58.6995354960914,Provincia,4497.0,30.2,372,10,250,70,89.0,0.387,1,0.28,Medio,1,Medio,0.0194,0.0979,0.8827,0.8827
TR-00226,-34.6894308894093,-58.3123610285941,Provincia,8772.0,34.4,226,6,315,192,279.7,0.965,1,0.342,Medio,1,Medio,0.1954,0.1474,0.6571,0.6571
TR-00227,-34.8363017977049,-58.2168861418326,Provincia,9386.0,34.2,339,21,1000,147,143.1,0.156,1,0.333,Medio,1,Medio,0.0064,0.0557,0.9379,0.9379
TR-00228,-34.922663071222,-58.6628545306075,Provincia,5470.0,35.6,174,7,400,93,140.8,0.383,3,0.343,Alto,1,Alto,0.8544,0.1023,0.0433,0.8544
TR-00229,-34.6789764955693,-58.3265781575327,CABA,11514.0,41.5,131,9,400,196,352.7,0.958,0,0.428,Alto,1,Alto,0.6169,0.1583,0.2248,0.6169
TR-00230,-34.6780187228682,-58.3111273717702,Provincia,8899.0,34.6,109,23,400,126,230.7,0.627,1,0.348,Medio,1,Medio,0.0228,0.3179,0.6593,0.6593
TR-00231,-34.7765752568667,-58.2274367802426,Provincia,5551.0,35.3,140,10,500,120,144.8,0.315,1,0.286,Bajo,0,Bajo,0.012,0.8145,0.1735,0.8145
TR-00232,-34.8125263124809,-58.4212396388209,Provincia,3832.0,30.3,152,13,400,33,39.3,0.107,1,0.207,Bajo,0,Bajo,0.0076,0.956,0.0365,0.956
TR-00233,-34.6920528786402,-58.2829645046957,Provincia,3648.0,29.6,183,7,400,61,72.2,0.196,0,0.183,Bajo,0,Bajo,0.0392,0.9052,0.0556,0.9052
TR-00234,-34.7406800565798,-58.2762276266262,Provincia,7460.0,38.8,285,20,500,144,282.8,0.615,0,0.403,Medio,1,Medio,0.1093,0.3636,0.5271,0.5271
TR-00235,-34.800254925169,-58.218260110676,Provincia,8181.0,30.7,245,20,160,166,228.3,1.551,1,0.387,Medio,1,Medio,0.1758,0.0991,0.7252,0.7252
TR-00236,-34.9112473455042,-58.7192767859501,Provincia,4822.0,30.4,340,19,400,67,71.2,0.193,1,0.293,Medio,1,Medio,0.007,0.0781,0.9149,0.9149
TR-00237,-34.7459334165526,-58.2713427756121,Provincia,7280.0,33.6,407,18,400,93,125.8,0.342,0,0.297,Medio,1,Medio,0.0101,0.077,0.9129,0.9129
TR-00238,-34.8385249440053,-58.2253136132551,Provincia,8912.0,33.4,103,15,500,149,258.9,0.563,0,0.304,Bajo,0,Bajo,0.0066,0.8759,0.1175,0.8759
TR-00239,-34.8359490705213,-58.3977140180855,Provincia,9055.0,30.8,429,10,1000,121,126.0,0.137,2,0.328,Medio,1,Medio,0.0478,0.0848,0.8674,0.8674
TR-00240,-34.8207272245392,-58.3649127918966,Provincia,11856.0,32.7,223,8,630,163,212.0,0.366,1,0.229,Bajo,0,Bajo,0.0022,0.8482,0.1495,0.8482
TR-00241,-34.7323857099964,-58.4768984548411,Provincia,11031.0,37.6,512,23,400,182,309.4,0.841,2,0.591,Alto,1,Alto,0.7807,0.0149,0.2043,0.7807
TR-00242,-34.8077360964672,-58.4117354367865,Provincia,4196.0,31.1,171,19,250,65,57.2,0.249,0,0.125,Bajo,0,Bajo,0.0033,0.9356,0.061,0.9356
TR-00243,-34.8361240658901,-58.3802079222225,Provincia,12251.0,29.2,87,9,400,126,222.0,0.603,0,0.188,Bajo,0,Bajo,0.0206,0.8589,0.1204,0.8589
TR-00244,-34.8352084136726,-58.3883920744067,Provincia,5607.0,36.7,326,14,630,63,83.5,0.144,1,0.294,Medio,1,Medio,0.0082,0.0546,0.9372,0.9372
TR-00245,-34.7824061120715,-58.3174487167952,Provincia,10335.0,35.3,316,12,800,152,278.7,0.379,2,0.421,Medio,1,Medio,0.0881,0.0645,0.8474,0.8474
TR-00246,-34.7250837537341,-58.2204064670321,Provincia,7404.0,31.7,142,6,630,71,83.5,0.144,0,0.162,Bajo,0,Bajo,0.012,0.9349,0.053,0.9349
TR-00247,-34.9319518978083,-58.6016442782369,Provincia,5964.0,28.6,149,15,250,93,125.4,0.545,1,0.192,Bajo,0,Bajo,0.029,0.8606,0.1104,0.8606
TR-00248,-34.8588909677196,-58.487458374673,Provincia,1777.0,31.3,352,11,500,15,23.2,0.05,1,0.226,Medio,1,Medio,0.0013,0.1082,0.8905,0.8905
TR-00249,-34.8262355762295,-58.2046701745654,Provincia,6685.0,33.5,291,7,800,150,188.7,0.256,0,0.199,Bajo,0,Bajo,0.0053,0.8431,0.1516,0.8431
TR-00250,-34.8163615304053,-58.4214984661872,Provincia,2522.0,37.4,213,4,500,113,174.2,0.379,1,0.29,Bajo,0,Bajo,0.0543,0.6732,0.2725,0.6732
TR-00251,-34.9162018383371,-58.4901572484532,Provincia,10102.0,30.4,305,3,500,123,143.3,0.312,0,0.17,Medio,1,Medio,0.0104,0.1051,0.8845,0.8845
TR-00252,-34.6856497673938,-58.3010747921711,Provincia,11750.0,33.4,278,11,400,175,204.5,0.556,0,0.237,Bajo,0,Bajo,0.0065,0.891,0.1025,0.891
TR-00253,-34.7679344412663,-58.4677666873219,Provincia,4809.0,35.9,157,13,500,62,105.1,0.228,0,0.25,Bajo,0,Bajo,0.0038,0.943,0.0532,0.943
TR-00254,-34.7377607612484,-58.2769016742341,Provincia,8106.0,26.1,364,8,315,118,127.5,0.44,1,0.217,Medio,1,Medio,0.0696,0.1323,0.7981,0.7981
TR-00255,-34.9218687655855,-58.5407417018416,Provincia,5024.0,37.0,332,19,250,134,130.2,0.566,0,0.311,Medio,1,Medio,0.2208,0.1179,0.6613,0.6613
TR-00256,-34.8429301781311,-58.4922893759462,Provincia,5315.0,29.9,248,14,630,81,137.6,0.237,0,0.127,Bajo,0,Bajo,0.0001,0.9759,0.024,0.9759
TR-00257,-34.7754540702524,-58.2395323278331,Provincia,9523.0,34.8,352,18,800,135,188.0,0.255,0,0.296,Medio,1,Medio,0.0085,0.0628,0.9287,0.9287
TR-00258,-34.737025992011,-58.2201284899655,Provincia,7084.0,34.5,541,13,630,90,111.3,0.192,0,0.32,Medio,1,Medio,0.012,0.0748,0.9133,0.9133
TR-00259,-34.7470039978928,-58.264411179444,Provincia,12419.0,37.2,148,8,315,205,431.9,1.49,1,0.441,Alto,1,Alto,0.9769,0.0036,0.0194,0.9769
TR-00260,-34.8012256645614,-58.3039548720102,Provincia,5753.0,35.5,217,15,250,16,26.2,0.114,1,0.298,Bajo,0,Bajo,0.0326,0.725,0.2424,0.725
TR-00261,-34.8114593310208,-58.3561147929776,Provincia,10198.0,26.1,222,5,315,139,197.3,0.681,0,0.207,Bajo,0,Bajo,0.0095,0.8838,0.1068,0.8838
TR-00262,-34.8404224335987,-58.4873679930437,Provincia,7492.0,31.2,348,18,630,117,134.7,0.232,0,0.269,Medio,1,Medio,0.0104,0.0604,0.9292,0.9292
TR-00263,-34.7609206833734,-58.2768670229686,Provincia,9587.0,34.1,182,7,500,127,155.6,0.338,2,0.386,Medio,1,Bajo,0.0704,0.5602,0.3694,0.5602
TR-00264,-34.8011900881714,-58.4110744294567,Provincia,5859.0,33.1,340,20,1000,120,208.2,0.226,1,0.409,Medio,1,Medio,0.0095,0.0607,0.9298,0.9298
TR-00265,-34.7016621150844,-58.4598753444219,CABA,16150.0,36.0,166,12,315,251,398.5,1.375,1,0.34,Alto,1,Alto,0.9644,0.0067,0.029,0.9644
TR-00266,-34.843044328188,-58.4801287042812,Provincia,6854.0,36.2,139,21,400,75,109.3,0.297,0,0.193,Bajo,0,Bajo,0.0077,0.8559,0.1364,0.8559
TR-00267,-34.833645002029,-58.4008598058319,Provincia,4692.0,35.6,254,6,630,137,166.7,0.288,0,0.244,Bajo,0,Bajo,0.0175,0.8141,0.1684,0.8141
TR-00268,-34.8099593927073,-58.4126134424892,Provincia,9186.0,33.0,191,9,315,103,176.4,0.609,0,0.257,Bajo,0,Bajo,0.0206,0.9204,0.059,0.9204
TR-00269,-34.627761068524,-58.3381325209103,CABA,14686.0,28.6,200,17,1000,236,263.4,0.286,1,0.206,Bajo,0,Bajo,0.0257,0.7216,0.2527,0.7216
TR-00270,-34.7888020986575,-58.3129377988885,Provincia,8981.0,32.2,295,22,400,140,190.5,0.518,1,0.34,Medio,1,Medio,0.0058,0.4348,0.5593,0.5593
TR-00271,-34.8312514131796,-58.3827637787504,Provincia,11811.0,35.0,107,26,160,157,225.9,1.535,1,0.422,Medio,1,Medio,0.3201,0.0763,0.6036,0.6036
TR-00272,-34.930824562044,-58.5309258524581,Provincia,11548.0,30.2,201,14,160,156,262.1,1.781,1,0.358,Medio,1,Medio,0.1824,0.1151,0.7026,0.7026
TR-00273,-34.7925105369238,-58.3102447862872,Provincia,6075.0,35.7,254,27,800,101,176.9,0.24,0,0.28,Bajo,0,Bajo,0.0028,0.8107,0.1865,0.8107
TR-00274,-34.8041386825002,-58.2987389668618,Provincia,8319.0,36.6,353,12,500,133,160.4,0.349,0,0.295,Medio,1,Medio,0.0341,0.0706,0.8953,0.8953
TR-00275,-34.8366745605051,-58.4853800408621,Provincia,5329.0,34.1,333,22,630,69,81.0,0.14,1,0.337,Medio,1,Medio,0.0099,0.0621,0.928,0.928
TR-00276,-34.7800093683595,-58.2340420536923,Provincia,7270.0,24.0,163,7,630,110,169.2,0.292,0,0.058,Bajo,0,Bajo,0.0023,0.9578,0.0399,0.9578
TR-00277,-34.686507195039,-58.2977503462732,Provincia,5401.0,29.6,227,17,400,74,107.9,0.293,1,0.218,Bajo,0,Bajo,0.0261,0.8904,0.0835,0.8904
TR-00278,-34.8341170478786,-58.3881987272464,Provincia,12060.0,39.7,302,1,630,142,255.6,0.441,0,0.331,Medio,1,Medio,0.0765,0.1475,0.776,0.776
TR-00279,-34.8182734301075,-58.2681597406839,Provincia,8291.0,32.0,220,6,800,107,119.6,0.162,0,0.169,Bajo,0,Bajo,0.0,0.971,0.029,0.971
TR-00280,-34.7419629298572,-58.2740080159038,Provincia,6546.0,27.4,171,17,250,78,80.5,0.35,0,0.195,Bajo,0,Bajo,0.0057,0.9238,0.0706,0.9238
TR-00281,-34.81968990376,-58.2811762752765,Provincia,10781.0,37.7,241,5,630,147,208.8,0.36,0,0.242,Bajo,0,Bajo,0.0398,0.6624,0.2979,0.6624
TR-00282,-34.6499908930454,-58.32602958205,CABA,8394.0,34.5,271,17,315,140,228.6,0.789,1,0.316,Medio,1,Medio,0.0234,0.2524,0.7242,0.7242
TR-00283,-34.8312453465501,-58.4893105845937,Provincia,1158.0,37.2,156,20,315,46,75.7,0.261,0,0.291,Bajo,0,Bajo,0.0587,0.7476,0.1937,0.7476
TR-00284,-34.824425827641,-58.2041401306922,Provincia,9588.0,34.6,317,10,400,192,245.5,0.667,1,0.349,Medio,1,Medio,0.0614,0.0432,0.8954,0.8954
TR-00285,-34.8924378299634,-58.5064568857448,Provincia,7381.0,35.2,261,7,630,62,104.6,0.18,1,0.239,Bajo,0,Bajo,0.0297,0.714,0.2563,0.714
TR-00286,-34.920321639018,-58.6785186291228,Provincia,7951.0,34.9,323,11,160,135,204.5,1.389,0,0.43,Medio,1,Medio,0.2082,0.046,0.7458,0.7458
TR-00287,-34.7705544215247,-58.2446224164481,Provincia,3221.0,35.9,238,7,400,68,91.6,0.249,0,0.311,Bajo,0,Bajo,0.0291,0.8594,0.1115,0.8594
TR-00288,-34.8356933655707,-58.2292769181712,Provincia,7130.0,41.0,504,13,500,134,228.0,0.496,3,0.503,Alto,1,Alto,0.4848,0.054,0.4612,0.4848
TR-00289,-34.8391760827387,-58.48487452696,Provincia,13211.0,36.8,287,15,250,204,337.5,1.467,1,0.509,Alto,1,Alto,0.9672,0.0062,0.0265,0.9672
TR-00290,-34.8284573617862,-58.3854427675006,Provincia,9673.0,28.6,339,12,630,140,162.4,0.28,1,0.141,Medio,1,Medio,0.0,0.0475,0.9525,0.9525
TR-00291,-34.6547928843279,-58.3207889626903,CABA,13618.0,35.9,236,26,800,195,339.4,0.461,1,0.394,Medio,1,Medio,0.1147,0.2595,0.6259,0.6259
TR-00292,-34.8133093911662,-58.2011961937983,Provincia,5883.0,37.4,226,9,250,80,118.1,0.513,1,0.302,Bajo,0,Bajo,0.0352,0.5415,0.4233,0.5415
TR-00293,-34.8276710265108,-58.4166213519615,Provincia,6016.0,37.5,275,24,250,116,157.2,0.683,0,0.401,Medio,1,Medio,0.0899,0.2346,0.6754,0.6754
TR-00294,-34.8116723508787,-58.4195673892819,Provincia,812.0,32.3,184,7,1000,10,14.0,0.015,0,0.125,Bajo,0,Bajo,0.0177,0.9262,0.0561,0.9262
TR-00295,-34.9023191510538,-58.4575664945664,Provincia,7973.0,37.4,487,15,250,143,223.1,0.97,0,0.415,Alto,1,Alto,0.8032,0.0115,0.1853,0.8032
TR-00296,-34.8514407439143,-58.2206001053751,Provincia,9736.0,36.7,301,22,160,144,251.4,1.708,1,0.476,Alto,1,Alto,0.9713,0.0038,0.0249,0.9713
TR-00297,-34.8905500188766,-58.2235002120639,Provincia,2473.0,41.9,166,22,800,46,46.9,0.064,1,0.358,Medio,1,Bajo,0.0306,0.5877,0.3817,0.5877
TR-00298,-34.8462806158856,-58.4876759959711,Provincia,5216.0,31.3,437,11,800,85,125.8,0.171,0,0.293,Medio,1,Medio,0.0,0.0436,0.9564,0.9564
TR-00299,-34.841837188006,-58.4987333461265,Provincia,3728.0,32.1,231,18,500,69,83.6,0.182,0,0.211,Bajo,0,Bajo,0.0048,0.9204,0.0748,0.9204
TR-00300,-34.7600868871012,-58.2547779825084,Provincia,4304.0,32.7,360,17,400,113,130.5,0.355,0,0.341,Medio,1,Medio,0.0108,0.077,0.9122,0.9122
TR-00301,-34.7248325328652,-58.2863760905592,Provincia,7360.0,32.1,105,10,800,197,278.9,0.379,1,0.211,Bajo,0,Bajo,0.0091,0.8391,0.1518,0.8391
TR-00302,-34.6931845524425,-58.256662611025,Provincia,947.0,30.9,401,18,500,71,82.3,0.179,0,0.288,Medio,1,Medio,0.0078,0.0782,0.914,0.914
TR-00303,-34.8168034338967,-58.3580087965586,Provincia,9043.0,24.9,296,27,500,123,172.0,0.374,0,0.123,Bajo,0,Bajo,0.0,0.7458,0.2542,0.7458
TR-00304,-34.900325305528,-58.4544236466007,Provincia,9462.0,32.3,160,17,630,157,297.9,0.514,0,0.225,Bajo,0,Bajo,0.0251,0.8907,0.0842,0.8907
TR-00305,-34.7511621119448,-58.261474033443,Provincia,6447.0,34.9,294,18,500,123,237.7,0.517,0,0.283,Bajo,0,Bajo,0.0291,0.5909,0.38,0.5909
TR-00306,-34.7518059663701,-58.2637896360849,Provincia,500.0,32.1,465,19,400,12,18.9,0.051,1,0.346,Medio,1,Medio,0.0098,0.1037,0.8864,0.8864
TR-00307,-34.8360686866277,-58.3968692235485,Provincia,4211.0,39.9,187,4,315,48,90.0,0.311,0,0.29,Bajo,0,Bajo,0.0448,0.7923,0.1629,0.7923
TR-00308,-34.8202229209352,-58.3640043735378,Provincia,10899.0,33.7,186,17,400,157,183.7,0.499,2,0.26,Bajo,0,Bajo,0.0478,0.7068,0.2454,0.7068
TR-00309,-34.8049239351783,-58.2980925292818,Provincia,500.0,37.8,225,7,400,55,109.0,0.296,2,0.3,Bajo,0,Bajo,0.1115,0.6172,0.2713,0.6172
TR-00310,-34.9384094883555,-58.6903694314342,Provincia,6157.0,34.5,253,10,315,62,101.1,0.349,0,0.212,Bajo,0,Bajo,0.0354,0.8241,0.1405,0.8241
TR-00311,-34.6887804501737,-58.2713687967072,Provincia,3660.0,36.3,371,29,400,55,88.1,0.239,3,0.483,Alto,1,Alto,0.5108,0.035,0.4542,0.5108
TR-00312,-34.8356333444862,-58.3793276625099,Provincia,9614.0,34.6,303,12,630,158,182.3,0.315,1,0.327,Medio,1,Medio,0.0036,0.0746,0.9219,0.9219
TR-00313,-34.8316553807454,-58.4022912707488,Provincia,5175.0,38.1,224,9,400,92,166.9,0.454,2,0.361,Medio,1,Medio,0.0675,0.4573,0.4752,0.4752
TR-00314,-34.8204521525149,-58.2741146156416,Provincia,8412.0,33.9,281,22,160,165,247.9,1.684,0,0.404,Medio,1,Medio,0.1826,0.0887,0.7286,0.7286
TR-00315,-34.9223896612321,-58.664559964517,Provincia,8896.0,35.3,499,7,315,100,139.0,0.48,2,0.418,Medio,1,Medio,0.1648,0.0778,0.7574,0.7574
TR-00316,-34.8288823444309,-58.4043434590453,Provincia,12709.0,34.9,327,11,315,239,379.1,1.308,1,0.373,Medio,1,Medio,0.2992,0.063,0.6378,0.6378
TR-00317,-34.7505938814491,-58.238645681973,Provincia,6591.0,32.8,236,23,630,69,103.4,0.178,0,0.255,Bajo,0,Bajo,0.0002,0.9333,0.0665,0.9333
TR-00318,-35.0386928384753,-58.7358100980153,Provincia,8328.0,35.0,221,14,400,77,103.4,0.281,0,0.264,Bajo,0,Bajo,0.0342,0.8248,0.1411,0.8248
TR-00319,-34.7751747307764,-58.2391661194063,Provincia,2745.0,40.9,273,3,315,60,92.4,0.319,1,0.341,Medio,1,Medio,0.0538,0.337,0.6092,0.6092
TR-00320,-34.821758169929,-58.3668573450592,Provincia,10771.0,32.8,369,18,630,129,128.7,0.222,1,0.31,Medio,1,Medio,0.0078,0.0475,0.9447,0.9447
TR-00321,-34.6808820389488,-58.3241650606854,CABA,17238.0,35.8,226,11,160,233,425.3,2.889,2,0.614,Alto,1,Alto,0.9259,0.0129,0.0613,0.9259
TR-00322,-34.731549805301,-58.2813387749151,Provincia,5518.0,37.7,347,25,250,93,152.2,0.662,0,0.403,Medio,1,Medio,0.117,0.0461,0.8369,0.8369
TR-00323,-34.7424813433649,-58.3240299658174,Provincia,7133.0,37.3,233,10,630,109,182.0,0.314,0,0.229,Bajo,0,Bajo,0.0115,0.7341,0.2544,0.7341
TR-00324,-34.8285992322998,-58.2070789337075,Provincia,2511.0,33.7,249,21,400,38,48.1,0.131,0,0.265,Bajo,0,Bajo,0.0195,0.9081,0.0724,0.9081
TR-00325,-34.9594020937217,-58.6906596185455,Provincia,7886.0,26.1,674,26,630,134,196.3,0.339,1,0.346,Medio,1,Medio,0.0365,0.1054,0.8582,0.8582
TR-00326,-34.9203298493409,-58.6967454564622,Provincia,10102.0,35.4,331,8,630,141,206.3,0.356,0,0.283,Medio,1,Medio,0.017,0.079,0.904,0.904
TR-00327,-34.7911983522823,-58.4161468550777,Provincia,8079.0,26.6,194,13,800,153,282.8,0.384,1,0.201,Bajo,0,Bajo,0.013,0.8669,0.1201,0.8669
TR-00328,-34.8277442309439,-58.3778978311593,Provincia,2433.0,38.4,295,17,160,53,126.6,0.86,0,0.379,Medio,1,Medio,0.1121,0.1895,0.6985,0.6985
TR-00329,-34.926091220963,-58.6430090535797,Provincia,6829.0,34.2,377,8,630,86,124.7,0.215,0,0.282,Medio,1,Medio,0.0015,0.0609,0.9376,0.9376
TR-00330,-34.8356554904301,-58.3873914181529,Provincia,9426.0,36.9,333,16,500,99,102.0,0.222,0,0.302,Medio,1,Medio,0.0234,0.0787,0.8979,0.8979
TR-00331,-34.7377326599884,-58.2780780358411,Provincia,1566.0,30.8,79,12,250,43,77.0,0.335,0,0.125,Bajo,0,Bajo,0.0294,0.9058,0.0648,0.9058
TR-00332,-34.7258887711492,-58.224927149011,Provincia,3976.0,28.7,44,12,800,45,54.8,0.074,0,0.13,Bajo,0,Bajo,0.013,0.9456,0.0414,0.9456
TR-00333,-34.9491452684327,-58.6442795715709,Provincia,9830.0,34.5,245,14,400,112,142.3,0.387,1,0.241,Bajo,0,Bajo,0.0458,0.7498,0.2044,0.7498
TR-00334,-34.9572595311205,-58.1832091904179,Provincia,8010.0,33.6,301,14,800,138,183.2,0.249,1,0.294,Medio,1,Medio,0.0064,0.1824,0.8112,0.8112
TR-00335,-34.7514068853631,-58.4599826231961,Provincia,8436.0,32.1,290,15,400,85,100.8,0.274,0,0.216,Bajo,0,Bajo,0.0021,0.9052,0.0927,0.9052
TR-00336,-34.8063591424115,-58.205912154041,Provincia,12778.0,34.0,201,10,400,216,371.5,1.01,0,0.285,Medio,1,Medio,0.1978,0.3697,0.4325,0.4325
TR-00337,-34.912538204022,-58.5192561249622,Provincia,8606.0,42.6,335,10,250,135,222.2,0.966,0,0.444,Alto,1,Alto,0.938,0.0055,0.0565,0.938
TR-00338,-34.6767081771426,-58.2959069231271,Provincia,9174.0,36.4,402,13,800,137,279.9,0.38,0,0.292,Medio,1,Medio,0.058,0.1012,0.8408,0.8408
TR-00339,-34.9158206879977,-58.6983351931436,Provincia,15332.0,37.1,108,14,400,186,336.2,0.914,1,0.377,Medio,1,Medio,0.2791,0.1609,0.56,0.56
TR-00340,-34.8353874424148,-58.4382246989318,Provincia,6559.0,36.4,103,11,160,126,219.5,1.491,0,0.368,Alto,1,Alto,0.8946,0.0196,0.0857,0.8946
TR-00341,-34.8203539688021,-58.2680373517963,Provincia,4806.0,38.4,294,16,160,86,112.8,0.766,2,0.423,Medio,1,Medio,0.1008,0.1303,0.7689,0.7689
TR-00342,-34.7002197130083,-58.2744641360105,Provincia,8483.0,33.1,348,1,630,113,211.7,0.365,1,0.311,Medio,1,Medio,0.0218,0.0568,0.9214,0.9214
TR-00343,-34.8391557392358,-58.4953209456173,Provincia,8517.0,27.1,187,9,250,135,168.4,0.732,1,0.219,Bajo,0,Bajo,0.0428,0.7707,0.1865,0.7707
TR-00344,-34.7806226254687,-58.1772993344343,Provincia,5620.0,33.1,82,12,400,54,78.1,0.212,1,0.242,Bajo,0,Bajo,0.0145,0.9053,0.0802,0.9053
TR-00345,-35.0492624666975,-58.748118957357,Provincia,4103.0,36.3,247,8,500,37,52.7,0.115,1,0.326,Medio,1,Bajo,0.0612,0.5065,0.4323,0.5065
TR-00346,-34.9169327211671,-58.6981315578218,Provincia,14130.0,30.6,292,25,315,169,265.6,0.916,1,0.394,Medio,1,Medio,0.0704,0.2859,0.6437,0.6437
TR-00347,-34.7412740786627,-58.2685246940592,Provincia,8181.0,33.1,216,14,400,135,216.7,0.589,0,0.278,Bajo,0,Bajo,0.0113,0.8582,0.1306,0.8582
TR-00348,-34.9184172867543,-58.6901694370137,Provincia,5003.0,31.5,382,15,315,89,113.1,0.39,2,0.319,Medio,1,Medio,0.0688,0.0689,0.8623,0.8623
TR-00349,-34.8245589912574,-58.4073689574426,Provincia,9948.0,38.5,284,11,800,174,228.2,0.31,1,0.293,Bajo,0,Bajo,0.0528,0.555,0.3922,0.555
TR-00350,-34.7397681121864,-58.2808256512475,Provincia,6873.0,36.1,178,14,630,88,105.6,0.182,2,0.327,Medio,1,Bajo,0.0601,0.4738,0.4661,0.4738
TR-00351,-34.9420662080549,-58.5788026059142,Provincia,6441.0,35.8,187,5,315,120,202.1,0.697,0,0.312,Bajo,0,Bajo,0.0768,0.5998,0.3234,0.5998
TR-00352,-34.7896023538871,-58.3123548718597,Provincia,8887.0,35.7,249,13,400,132,241.5,0.656,1,0.354,Medio,1,Medio,0.0617,0.2649,0.6734,0.6734
TR-00353,-34.6829899048846,-58.3076987284049,Provincia,3324.0,33.6,209,7,400,45,88.7,0.241,3,0.198,Alto,1,Alto,0.8322,0.1275,0.0403,0.8322
TR-00354,-34.7171163440797,-58.2953193686179,Provincia,8258.0,34.3,100,12,1000,137,173.3,0.188,1,0.267,Bajo,0,Bajo,0.0097,0.7671,0.2232,0.7671
TR-00355,-34.9515715213721,-58.6373506798375,Provincia,12939.0,29.9,274,1,315,181,157.2,0.542,0,0.22,Bajo,0,Bajo,0.0603,0.766,0.1737,0.766
TR-00356,-34.827042738623,-58.3806304686834,Provincia,8599.0,26.7,189,6,400,116,126.0,0.342,0,0.108,Bajo,0,Bajo,0.0,0.9806,0.0194,0.9806
TR-00357,-34.7391053682988,-58.2812911733474,Provincia,6071.0,34.2,204,24,800,102,177.1,0.241,0,0.295,Bajo,0,Bajo,0.0002,0.8936,0.1062,0.8936
TR-00358,-34.7699665231149,-58.2452814484505,Provincia,5679.0,34.7,147,20,250,93,125.4,0.545,0,0.298,Bajo,0,Bajo,0.0118,0.7131,0.2751,0.7131
TR-00359,-34.8250033905249,-58.3728733051774,Provincia,5969.0,37.6,470,23,400,96,139.2,0.378,2,0.426,Medio,1,Medio,0.1077,0.032,0.8603,0.8603
TR-00360,-34.7111079893142,-58.231527975147,Provincia,6438.0,38.7,322,24,250,95,116.0,0.504,1,0.455,Medio,1,Medio,0.1087,0.0765,0.8147,0.8147
TR-00361,-34.8215384714584,-58.4176526499028,Provincia,6067.0,38.7,522,19,400,69,134.4,0.365,0,0.344,Medio,1,Medio,0.0148,0.0802,0.905,0.905
TR-00362,-34.6630352565234,-58.3239799578812,CABA,15842.0,31.3,230,11,315,219,307.8,1.062,0,0.278,Bajo,0,Medio,0.2176,0.3585,0.4239,0.4239
TR-00363,-34.8472232603333,-58.5009584289492,Provincia,2000.0,32.6,330,7,1000,33,44.9,0.049,1,0.231,Medio,1,Medio,0.0109,0.1091,0.88,0.88
TR-00364,-34.7387349837588,-58.2702600064602,Provincia,9786.0,35.2,276,22,400,120,165.6,0.45,2,0.352,Medio,1,Medio,0.0538,0.3391,0.607,0.607
TR-00365,-34.8410310978871,-58.4814629217601,Provincia,6061.0,41.8,181,14,250,95,196.5,0.854,1,0.441,Medio,1,Medio,0.1398,0.18,0.6802,0.6802
TR-00366,-34.8016314719125,-58.4119597918929,Provincia,8331.0,38.4,215,31,630,147,183.7,0.317,0,0.391,Medio,1,Bajo,0.0316,0.5981,0.3703,0.5981
TR-00367,-34.7531871398983,-58.3375497136081,Provincia,3819.0,37.3,322,11,630,79,112.4,0.194,1,0.367,Medio,1,Medio,0.0088,0.0641,0.9271,0.9271
TR-00368,-34.6878119879276,-58.2917287401922,Provincia,11186.0,32.5,147,28,500,149,184.5,0.401,0,0.279,Bajo,0,Bajo,0.0074,0.8296,0.163,0.8296
TR-00369,-34.9747598470624,-58.6901105650205,Provincia,10937.0,30.9,383,13,500,145,166.7,0.362,0,0.179,Medio,1,Medio,0.0033,0.083,0.9137,0.9137
TR-00370,-34.8367147833718,-58.2321164930102,Provincia,10079.0,36.2,266,23,315,165,272.8,0.941,0,0.326,Medio,1,Medio,0.3823,0.1251,0.4926,0.4926
TR-00371,-34.6398772413634,-58.334451971924,CABA,14540.0,31.0,187,26,500,142,256.2,0.557,1,0.297,Bajo,0,Bajo,0.02,0.7078,0.2722,0.7078
TR-00372,-34.8378178082215,-58.2263034208641,Provincia,9687.0,32.9,293,7,160,164,190.7,1.296,2,0.403,Medio,1,Medio,0.2366,0.0855,0.6778,0.6778
TR-00373,-34.7487710027396,-58.2631838836448,Provincia,8415.0,33.3,109,11,250,82,98.7,0.429,0,0.194,Bajo,0,Bajo,0.0093,0.9194,0.0713,0.9194
TR-00374,-34.8354494496441,-58.4906125363187,Provincia,2384.0,38.8,245,7,800,22,41.6,0.057,1,0.367,Medio,1,Bajo,0.054,0.4777,0.4684,0.4777
TR-00375,-34.7860228427644,-58.1829064621876,Provincia,7127.0,32.6,387,5,500,101,199.5,0.434,0,0.251,Medio,1,Medio,0.0153,0.1034,0.8813,0.8813
TR-00376,-34.8249809375426,-58.4152187776759,Provincia,8294.0,25.9,264,19,315,182,287.5,0.992,1,0.287,Bajo,0,Medio,0.1757,0.317,0.5073,0.5073
TR-00377,-34.8103716174584,-58.2103604914954,Provincia,8868.0,35.3,248,13,250,177,245.1,1.066,1,0.415,Medio,1,Medio,0.2714,0.075,0.6536,0.6536
TR-00378,-35.0224680965913,-58.7171277859301,Provincia,7732.0,31.5,264,14,800,139,221.7,0.301,1,0.256,Bajo,0,Bajo,0.0313,0.764,0.2047,0.764
TR-00379,-34.8435105049733,-58.4791758178902,Provincia,8074.0,33.8,96,18,250,134,177.8,0.773,1,0.4,Medio,1,Medio,0.0243,0.4374,0.5383,0.5383
TR-00380,-34.8374432223466,-58.2340337832642,Provincia,11621.0,33.4,405,1,315,121,159.0,0.549,0,0.23,Medio,1,Medio,0.1042,0.1045,0.7912,0.7912
TR-00381,-34.825080766314,-58.4220035561204,Provincia,10878.0,32.8,71,23,250,162,211.2,0.918,2,0.336,Medio,1,Medio,0.0743,0.363,0.5627,0.5627
TR-00382,-34.8369930250503,-58.2159542179349,Provincia,500.0,36.2,442,12,160,21,39.4,0.268,0,0.275,Medio,1,Medio,0.051,0.1004,0.8485,0.8485
TR-00383,-34.960734584393,-58.6895166815823,Provincia,6248.0,28.8,209,18,315,83,99.1,0.342,1,0.276,Bajo,0,Bajo,0.0439,0.8261,0.13,0.8261
TR-00384,-34.754997539342,-58.259397782233,Provincia,6706.0,32.0,302,18,1000,113,166.7,0.181,0,0.257,Medio,1,Medio,0.0066,0.1059,0.8874,0.8874
TR-00385,-34.7623785087673,-58.2747804978706,Provincia,1944.0,35.9,91,24,315,40,69.6,0.24,1,0.276,Bajo,0,Bajo,0.0359,0.6322,0.3319,0.6322
TR-00386,-34.718600818686,-58.2971139149049,Provincia,7483.0,31.7,346,13,400,140,194.3,0.528,0,0.228,Medio,1,Medio,0.0193,0.1218,0.859,0.859
TR-00387,-34.8014561764406,-58.409458316061,Provincia,10946.0,28.6,320,1,500,111,110.7,0.241,0,0.196,Medio,1,Medio,0.0153,0.0974,0.8874,0.8874
TR-00388,-34.8372129472922,-58.2153093407828,Provincia,3940.0,35.8,311,14,400,78,98.7,0.268,1,0.33,Medio,1,Medio,0.0122,0.1189,0.8689,0.8689
TR-00389,-34.7354455627348,-58.2785219497237,Provincia,8209.0,37.3,89,15,500,105,201.0,0.437,1,0.359,Medio,1,Medio,0.0289,0.3401,0.631,0.631
TR-00390,-34.9002806926582,-58.6011553112901,Provincia,4453.0,33.6,170,7,500,72,102.1,0.222,0,0.193,Bajo,0,Bajo,0.0242,0.8976,0.0782,0.8976
TR-00391,-34.8361887130258,-58.1866595520791,Provincia,5184.0,27.4,294,15,400,98,104.7,0.285,1,0.225,Bajo,0,Bajo,0.004,0.8188,0.1772,0.8188
TR-00392,-34.8261373767229,-58.2048785563817,Provincia,11632.0,36.0,400,11,500,140,221.2,0.481,0,0.327,Medio,1,Medio,0.0533,0.1133,0.8335,0.8335
TR-00393,-34.7419347292432,-58.4671510077997,Provincia,5572.0,28.4,158,5,630,99,120.7,0.208,1,0.133,Bajo,0,Bajo,0.004,0.9367,0.0592,0.9367
TR-00394,-34.814674678683,-58.499689331776,Provincia,8587.0,34.7,160,19,500,126,198.8,0.432,0,0.259,Bajo,0,Bajo,0.0055,0.8593,0.1352,0.8593
TR-00395,-34.6930344494943,-58.28156653359,Provincia,1586.0,30.9,285,10,630,31,33.5,0.058,1,0.172,Bajo,0,Bajo,0.0502,0.8517,0.098,0.8517
TR-00396,-34.7299466444731,-58.2158905970441,Provincia,12787.0,30.0,646,11,250,169,225.6,0.981,1,0.4,Medio,1,Medio,0.1873,0.0724,0.7403,0.7403
TR-00397,-34.8415543612313,-58.4896818712333,Provincia,9008.0,32.3,183,11,500,132,173.3,0.377,0,0.236,Bajo,0,Bajo,0.0039,0.9405,0.0557,0.9405
TR-00398,-34.6932355595687,-58.4525111031112,CABA,15302.0,33.9,96,23,500,192,222.2,0.483,1,0.328,Medio,1,Bajo,0.0165,0.6755,0.3081,0.6755
TR-00399,-34.9209531984533,-58.6746323516607,Provincia,8927.0,31.6,193,14,315,135,167.4,0.578,3,0.368,Alto,1,Alto,0.8376,0.1032,0.0592,0.8376
TR-00400,-34.6927214762302,-58.2957729729627,Provincia,2971.0,35.6,234,15,630,57,115.2,0.199,0,0.251,Bajo,0,Bajo,0.0301,0.861,0.1089,0.861
TR-00401,-34.8203431207407,-58.3711698050404,Provincia,10748.0,32.3,414,11,315,142,200.6,0.692,1,0.385,Medio,1,Medio,0.0329,0.0619,0.9051,0.9051
TR-00402,-34.8101365019629,-58.4164061942411,Provincia,6228.0,36.8,239,17,315,143,198.7,0.686,2,0.437,Medio,1,Medio,0.1609,0.1446,0.6945,0.6945
TR-00403,-34.8112901416693,-58.2924734697399,Provincia,6588.0,34.6,675,23,630,118,159.7,0.276,0,0.418,Medio,1,Medio,0.0184,0.101,0.8806,0.8806
TR-00404,-34.7047882737151,-58.4624427243428,CABA,13122.0,32.3,224,19,315,176,167.8,0.579,1,0.35,Medio,1,Bajo,0.0241,0.6128,0.3631,0.6128
TR-00405,-34.9274909362037,-58.2209676824506,Provincia,5458.0,30.9,432,19,400,98,136.1,0.37,0,0.262,Medio,1,Medio,0.008,0.1058,0.8862,0.8862
TR-00406,-34.8110322057301,-58.3474289432985,Provincia,9284.0,28.4,215,18,315,114,119.4,0.412,0,0.201,Bajo,0,Bajo,0.0227,0.9206,0.0567,0.9206
TR-00407,-34.8469637080486,-58.4739668473238,Provincia,7968.0,34.6,132,4,800,113,176.4,0.24,1,0.258,Bajo,0,Bajo,0.0111,0.8305,0.1584,0.8305
TR-00408,-34.768290086911,-58.2471384168161,Provincia,9155.0,32.6,239,8,400,130,133.6,0.363,0,0.175,Bajo,0,Bajo,0.0,0.9444,0.0556,0.9444
TR-00409,-34.721501009446,-58.4797008956116,Provincia,7174.0,26.1,313,13,500,83,102.4,0.223,1,0.143,Medio,1,Medio,0.0105,0.0823,0.9071,0.9071
TR-00410,-34.8350612381859,-58.4411215595152,Provincia,8740.0,32.0,170,9,630,143,201.7,0.348,1,0.185,Bajo,0,Bajo,0.003,0.8991,0.0979,0.8991
TR-00411,-34.906886470069,-58.6206187296934,Provincia,5943.0,30.8,401,7,500,87,116.8,0.254,2,0.284,Medio,1,Medio,0.047,0.0915,0.8615,0.8615
TR-00412,-34.7783319063315,-58.2352088239809,Provincia,13889.0,38.7,198,1,800,185,221.7,0.301,0,0.249,Bajo,0,Bajo,0.0622,0.5774,0.3604,0.5774
TR-00413,-34.9311890130843,-58.5622364476796,Provincia,2496.0,28.3,147,5,630,45,54.9,0.095,0,0.051,Bajo,0,Bajo,0.0219,0.8995,0.0787,0.8995
TR-00414,-34.8096641074669,-58.3444506621953,Provincia,10983.0,29.1,616,12,400,234,237.9,0.646,1,0.336,Medio,1,Medio,0.0278,0.0826,0.8897,0.8897
TR-00415,-34.8350874178888,-58.4298910699241,Provincia,11304.0,37.3,166,14,800,147,244.5,0.332,0,0.271,Bajo,0,Bajo,0.0432,0.6904,0.2664,0.6904
TR-00416,-34.8183947387783,-58.2784611395603,Provincia,4644.0,38.0,195,8,400,33,38.9,0.106,1,0.328,Medio,1,Bajo,0.0472,0.6548,0.298,0.6548
TR-00417,-34.9029134656825,-58.6087813460408,Provincia,13888.0,31.3,336,15,160,154,258.9,1.759,3,0.572,Alto,1,Medio,0.4184,0.0354,0.5462,0.5462
TR-00418,-34.8084333213413,-58.4131471930851,Provincia,10186.0,31.7,211,11,315,169,208.3,0.719,1,0.298,Bajo,0,Bajo,0.0134,0.7724,0.2142,0.7724
TR-00419,-34.8639031536535,-58.4237147441305,Provincia,10113.0,35.7,150,22,500,183,277.1,0.602,1,0.314,Bajo,0,Bajo,0.0683,0.5908,0.3408,0.5908
TR-00420,-34.9539394942001,-58.6953446381278,Provincia,7284.0,26.3,186,13,250,99,155.0,0.674,0,0.191,Bajo,0,Bajo,0.0603,0.8307,0.109,0.8307
TR-00421,-34.8282905062753,-58.4027048065066,Provincia,6548.0,27.7,538,19,400,139,160.6,0.436,1,0.292,Medio,1,Medio,0.019,0.0692,0.9119,0.9119
TR-00422,-34.9106689825535,-58.7190107669103,Provincia,6572.0,32.8,318,15,315,126,178.1,0.615,1,0.311,Medio,1,Medio,0.0496,0.0701,0.8803,0.8803
TR-00423,-34.8434605925515,-58.4757875945122,Provincia,8372.0,38.7,347,4,400,124,169.8,0.461,0,0.288,Medio,1,Medio,0.0832,0.0946,0.8223,0.8223
TR-00424,-35.0257489012849,-58.7208520500512,Provincia,11404.0,32.3,279,13,160,158,154.2,1.048,1,0.329,Medio,1,Medio,0.0924,0.1042,0.8034,0.8034
TR-00425,-34.9318311832911,-58.6584451252618,Provincia,7744.0,34.0,300,5,630,126,190.3,0.328,1,0.266,Medio,1,Medio,0.0201,0.1847,0.7953,0.7953
TR-00426,-34.6877175154375,-58.293788693084,Provincia,4466.0,37.3,204,13,315,104,207.1,0.715,2,0.424,Medio,1,Medio,0.0927,0.118,0.7894,0.7894
TR-00427,-34.7536572318854,-58.1856342382015,Provincia,9673.0,40.4,263,9,250,154,222.1,0.966,0,0.409,Alto,1,Alto,0.9591,0.0083,0.0327,0.9591
TR-00428,-34.7605055798802,-58.2762543317228,Provincia,9963.0,31.9,85,17,400,131,178.3,0.485,0,0.274,Bajo,0,Bajo,0.005,0.9278,0.0672,0.9278
TR-00429,-35.0330471791069,-58.7292715591996,Provincia,9164.0,33.6,376,5,400,134,185.7,0.505,1,0.326,Medio,1,Medio,0.0291,0.0602,0.9107,0.9107
TR-00430,-34.6921511266898,-58.3092080493741,Provincia,9436.0,39.5,203,14,500,191,332.9,0.724,1,0.406,Medio,1,Medio,0.135,0.1704,0.6947,0.6947
TR-00431,-34.8062274705039,-58.408811061179,Provincia,6387.0,28.8,138,18,400,111,133.7,0.363,0,0.16,Bajo,0,Bajo,0.0001,0.9632,0.0367,0.9632
TR-00432,-34.8332248136884,-58.4091793421935,Provincia,4413.0,37.0,270,20,160,103,120.0,0.815,1,0.363,Medio,1,Medio,0.0576,0.1897,0.7527,0.7527
TR-00433,-34.7726363411971,-58.4731484885297,Provincia,4595.0,30.4,226,9,630,97,124.9,0.215,0,0.15,Bajo,0,Bajo,0.0001,0.9734,0.0266,0.9734
TR-00434,-34.8983322314008,-58.4512751190147,Provincia,2294.0,34.0,370,14,400,63,131.8,0.358,0,0.254,Medio,1,Medio,0.0117,0.0881,0.9002,0.9002
TR-00435,-34.7467803454801,-58.4635237502199,Provincia,7911.0,32.9,242,15,160,126,241.7,1.642,1,0.325,Medio,1,Medio,0.1769,0.0906,0.7325,0.7325
TR-00436,-34.8240799315289,-58.371151655305,Provincia,6950.0,30.6,184,25,630,134,143.8,0.248,1,0.214,Bajo,0,Bajo,0.0055,0.8946,0.1,0.8946
TR-00437,-34.935301556973,-58.577093564397,Provincia,5880.0,30.6,244,4,500,117,127.3,0.277,0,0.226,Bajo,0,Bajo,0.011,0.9438,0.0452,0.9438
TR-00438,-34.7750332702316,-58.1708843639304,Provincia,500.0,34.6,454,8,500,42,55.0,0.12,0,0.275,Medio,1,Medio,0.0063,0.1196,0.8741,0.8741
TR-00439,-34.6785929134788,-58.3117894943857,Provincia,3458.0,36.9,375,34,400,53,78.5,0.213,1,0.382,Medio,1,Medio,0.0259,0.057,0.9171,0.9171
TR-00440,-34.8282079596458,-58.4917322622935,Provincia,10563.0,33.3,318,12,400,164,269.0,0.731,0,0.307,Medio,1,Medio,0.0151,0.0912,0.8937,0.8937
TR-00441,-34.8060957475994,-58.4083905376557,Provincia,5206.0,33.9,383,1,400,89,139.7,0.38,0,0.178,Medio,1,Medio,0.0132,0.0782,0.9086,0.9086
TR-00442,-34.8025403531237,-58.4099553607816,Provincia,8282.0,35.5,329,10,160,120,211.0,1.433,2,0.479,Medio,1,Medio,0.3204,0.0139,0.6656,0.6656
TR-00443,-34.8132623715803,-58.2001019192547,Provincia,3028.0,30.6,160,1,315,132,147.4,0.509,0,0.213,Bajo,0,Bajo,0.0218,0.8787,0.0995,0.8787
TR-00444,-34.7163254155756,-58.296895691211,Provincia,11516.0,36.1,348,16,1000,128,201.8,0.219,1,0.325,Medio,1,Medio,0.0215,0.0421,0.9364,0.9364
TR-00445,-34.8335408862396,-58.4267844386171,Provincia,6768.0,36.3,403,20,500,134,174.2,0.379,1,0.31,Medio,1,Medio,0.0274,0.0504,0.9222,0.9222
TR-00446,-34.8179491749836,-58.4989446462149,Provincia,8070.0,42.0,413,8,400,104,204.0,0.554,2,0.458,Medio,1,Medio,0.1535,0.0727,0.7738,0.7738
TR-00447,-34.810489653044,-58.417124094443,Provincia,14177.0,32.5,144,11,315,201,267.5,0.923,0,0.307,Bajo,0,Bajo,0.0281,0.668,0.3039,0.668
TR-00448,-34.688618237892,-58.2930109476625,Provincia,11749.0,32.2,195,20,500,233,367.9,0.8,0,0.29,Bajo,0,Bajo,0.0407,0.776,0.1833,0.776
TR-00449,-34.9134928293428,-58.4825146877879,Provincia,6280.0,36.2,182,2,315,80,125.3,0.432,0,0.191,Bajo,0,Bajo,0.0705,0.8021,0.1274,0.8021
TR-00450,-34.7493456079388,-58.2627733369378,Provincia,5420.0,36.3,214,5,250,75,107.7,0.468,0,0.344,Medio,1,Bajo,0.0404,0.5076,0.4519,0.5076
TR-00451,-34.8272917390859,-58.3770477449827,Provincia,6223.0,32.0,303,12,250,103,164.5,0.715,2,0.302,Medio,1,Medio,0.1582,0.0897,0.7522,0.7522
TR-00452,-34.7755239155264,-58.2281115186534,Provincia,8730.0,32.4,267,9,500,112,109.4,0.238,0,0.2,Bajo,0,Bajo,0.003,0.9606,0.0364,0.9606
TR-00453,-34.8226040438507,-58.3753033518863,Provincia,6884.0,35.4,267,12,500,133,195.2,0.424,1,0.277,Bajo,0,Bajo,0.0137,0.6096,0.3767,0.6096
TR-00454,-34.7381161705205,-58.2778047303319,Provincia,6014.0,31.1,125,5,160,87,112.7,0.766,0,0.169,Bajo,0,Bajo,0.0363,0.7268,0.2369,0.7268
TR-00455,-34.7837149151853,-58.4939820732197,Provincia,11602.0,32.4,192,16,250,183,198.0,0.861,1,0.3,Bajo,0,Bajo,0.0447,0.5242,0.4311,0.5242
TR-00456,-34.6807057666453,-58.2905760784074,Provincia,6857.0,34.0,427,13,500,77,112.9,0.245,0,0.298,Medio,1,Medio,0.0128,0.099,0.8882,0.8882
TR-00457,-34.7438381911601,-58.3262685598312,Provincia,14099.0,36.9,402,18,400,152,229.6,0.624,2,0.484,Medio,1,Medio,0.2276,0.0522,0.7202,0.7202
TR-00458,-34.7136027241285,-58.3014973190952,Provincia,7472.0,31.8,240,15,500,112,154.3,0.335,2,0.283,Bajo,0,Bajo,0.0556,0.8202,0.1242,0.8202
TR-00459,-34.8092247207973,-58.2127003968043,Provincia,12556.0,27.8,348,15,250,139,167.1,0.727,1,0.237,Medio,1,Medio,0.0587,0.089,0.8522,0.8522
TR-00460,-34.9234942602735,-58.6577520354605,Provincia,8272.0,27.6,291,4,500,165,281.3,0.612,0,0.193,Bajo,0,Bajo,0.0291,0.8251,0.1458,0.8251
TR-00461,-34.8248634829122,-58.4052452268135,Provincia,10089.0,29.7,365,17,800,111,155.1,0.211,0,0.231,Medio,1,Medio,0.0,0.0851,0.9149,0.9149
TR-00462,-34.8254222956297,-58.4120328241526,Provincia,5026.0,29.5,355,12,400,63,62.9,0.171,0,0.199,Medio,1,Medio,0.0,0.0929,0.9071,0.9071
TR-00463,-34.7321473837978,-58.2808814972182,Provincia,4639.0,33.2,249,13,250,95,145.7,0.633,0,0.278,Bajo,0,Bajo,0.0088,0.8797,0.1114,0.8797
TR-00464,-34.8242324844412,-58.4068472968232,Provincia,8579.0,29.9,319,21,500,116,161.0,0.35,1,0.266,Medio,1,Medio,0.0059,0.0862,0.9078,0.9078
TR-00465,-34.829634905528,-58.3904583796927,Provincia,10166.0,31.5,300,9,315,112,165.9,0.572,1,0.28,Medio,1,Medio,0.0499,0.3362,0.6139,0.6139
TR-00466,-34.7139080483358,-58.3017483126504,Provincia,7321.0,31.2,252,23,160,167,197.5,1.342,2,0.416,Medio,1,Medio,0.2586,0.1026,0.6387,0.6387
TR-00467,-34.8130164889491,-58.3510214895324,Provincia,3341.0,32.3,227,24,315,44,52.2,0.18,1,0.308,Bajo,0,Bajo,0.021,0.8517,0.1273,0.8517
TR-00468,-34.9117283984038,-58.6267098632412,Provincia,3119.0,37.9,504,19,800,61,62.3,0.085,1,0.459,Medio,1,Medio,0.0276,0.0696,0.9028,0.9028
TR-00469,-34.9286631376807,-58.6257112108137,Provincia,2919.0,35.8,252,7,400,59,80.1,0.218,1,0.286,Bajo,0,Bajo,0.0752,0.6633,0.2615,0.6633
TR-00470,-34.83625453215,-58.4399670906166,Provincia,1897.0,33.8,339,1,630,69,69.3,0.12,0,0.207,Medio,1,Medio,0.0043,0.1084,0.8873,0.8873
TR-00471,-34.8119702149956,-58.3570575043393,Provincia,7528.0,32.2,487,22,400,130,269.9,0.733,1,0.39,Medio,1,Medio,0.0345,0.0642,0.9012,0.9012
TR-00472,-34.8353649219421,-58.2134245028027,Provincia,10575.0,32.3,319,15,400,134,218.1,0.593,0,0.25,Medio,1,Medio,0.019,0.0721,0.9089,0.9089
TR-00473,-35.0459853353088,-58.7442299344153,Provincia,7160.0,34.7,312,9,160,106,133.4,0.906,2,0.422,Medio,1,Medio,0.1637,0.0521,0.7842,0.7842
TR-00474,-34.8483002143523,-58.4706339292548,Provincia,500.0,35.6,253,22,500,29,44.3,0.096,0,0.283,Bajo,0,Bajo,0.0192,0.7635,0.2173,0.7635
TR-00475,-34.7624826055128,-58.2339874671432,Provincia,6628.0,30.8,302,8,250,127,170.9,0.743,0,0.232,Medio,1,Medio,0.0558,0.1922,0.7519,0.7519
TR-00476,-34.7596907258383,-58.2746539301637,Provincia,6712.0,33.8,219,11,400,80,102.4,0.278,1,0.295,Bajo,0,Bajo,0.014,0.8523,0.1337,0.8523
TR-00477,-34.9494873543131,-58.6171870345909,Provincia,13488.0,27.2,715,18,315,240,280.4,0.968,1,0.38,Medio,1,Medio,0.1291,0.114,0.757,0.757
TR-00478,-34.7761207430005,-58.2375564362314,Provincia,2829.0,34.4,126,6,315,44,53.6,0.185,1,0.193,Bajo,0,Bajo,0.0253,0.8308,0.1438,0.8308
TR-00479,-34.9525256702634,-58.6346282033138,Provincia,6028.0,36.1,234,13,400,101,172.5,0.469,1,0.335,Medio,1,Bajo,0.056,0.6202,0.3239,0.6202
TR-00480,-34.8367188749474,-58.2189477137082,Provincia,12318.0,32.8,321,22,160,147,217.5,1.478,0,0.403,Medio,1,Medio,0.2048,0.0343,0.7609,0.7609
TR-00481,-34.8055311648664,-58.4093387404508,Provincia,8550.0,39.5,312,15,315,98,205.1,0.708,0,0.412,Medio,1,Medio,0.1507,0.076,0.7733,0.7733
TR-00482,-34.8113844127079,-58.2069961263033,Provincia,8890.0,30.9,218,23,1000,113,143.8,0.156,0,0.237,Bajo,0,Bajo,0.003,0.9099,0.0871,0.9099
TR-00483,-34.906978422039,-58.466613695039,Provincia,7544.0,34.4,104,22,160,95,147.5,1.002,0,0.313,Medio,1,Medio,0.1123,0.1562,0.7315,0.7315
TR-00484,-34.9330690077931,-58.5934609099737,Provincia,8190.0,33.6,137,14,315,116,186.3,0.643,0,0.236,Bajo,0,Bajo,0.0409,0.7822,0.1769,0.7822
TR-00485,-34.8542058348911,-58.4091735598117,Provincia,9533.0,33.4,275,1,315,118,174.5,0.602,0,0.24,Bajo,0,Bajo,0.0179,0.8841,0.0981,0.8841
TR-00486,-34.7132570420194,-58.2463529769415,Provincia,4772.0,33.3,88,6,315,103,110.6,0.382,0,0.201,Bajo,0,Bajo,0.0204,0.9099,0.0697,0.9099
TR-00487,-34.6582664242229,-58.3383789594995,CABA,11772.0,34.8,145,19,500,150,233.4,0.507,0,0.287,Bajo,0,Bajo,0.0112,0.7095,0.2793,0.7095
TR-00488,-34.7789843251098,-58.236797590972,Provincia,3081.0,36.4,417,3,315,43,64.0,0.221,0,0.286,Medio,1,Medio,0.0374,0.0834,0.8791,0.8791
TR-00489,-34.8323503006982,-58.4243930077053,Provincia,8185.0,38.1,357,12,400,117,175.2,0.476,0,0.334,Medio,1,Medio,0.0514,0.0681,0.8805,0.8805
TR-00490,-35.0018235887933,-58.7188422653492,Provincia,7736.0,33.7,389,16,500,146,201.1,0.437,0,0.328,Medio,1,Medio,0.0065,0.0809,0.9125,0.9125
TR-00491,-34.8403491171143,-58.4513556608272,Provincia,5351.0,36.3,90,24,315,98,157.1,0.542,2,0.347,Medio,1,Medio,0.0869,0.3207,0.5924,0.5924
TR-00492,-34.8365543530228,-58.4920156143835,Provincia,7132.0,31.5,222,10,800,111,176.0,0.239,0,0.276,Bajo,0,Bajo,0.0001,0.9607,0.0392,0.9607
TR-00493,-34.8309924501629,-58.4027819912,Provincia,5332.0,36.2,154,9,1000,57,83.6,0.091,2,0.319,Bajo,0,Bajo,0.0623,0.7207,0.2169,0.7207
TR-00494,-34.8206005795413,-58.2828886531042,Provincia,3985.0,31.3,113,14,250,48,43.8,0.19,0,0.129,Bajo,0,Bajo,0.0,0.9375,0.0625,0.9375
TR-00495,-34.9253755961085,-58.6461529603294,Provincia,6139.0,37.2,201,16,315,70,107.8,0.372,3,0.41,Alto,1,Alto,0.9309,0.031,0.038,0.9309
TR-00496,-34.8414897056621,-58.4819863701788,Provincia,3888.0,40.8,482,13,250,108,149.5,0.65,2,0.523,Alto,1,Alto,0.7213,0.0379,0.2408,0.7213
TR-00497,-34.8334466316249,-58.4422976566582,Provincia,8168.0,33.3,541,21,250,140,246.7,1.073,0,0.391,Medio,1,Medio,0.1632,0.0416,0.7951,0.7951
TR-00498,-34.920543200345,-58.6785753729235,Provincia,3750.0,26.7,164,8,400,52,71.5,0.194,1,0.088,Bajo,0,Bajo,0.0201,0.8863,0.0936,0.8863
TR-00499,-34.8406733859143,-58.4864207125986,Provincia,9336.0,31.9,260,15,400,126,145.5,0.395,0,0.197,Bajo,0,Bajo,0.0044,0.927,0.0686,0.927
TR-00500,-34.8326106136239,-58.4406570124902,Provincia,3656.0,37.6,300,17,400,52,73.2,0.199,0,0.321,Medio,1,Medio,0.0169,0.2426,0.7406,0.7406
TR-00501,-34.8087082526108,-58.4100997752737,Provincia,5501.0,35.5,223,11,315,72,118.0,0.407,0,0.202,Bajo,0,Bajo,0.0262,0.7905,0.1833,0.7905
TR-00502,-34.8221811287329,-58.3745535678347,Provincia,5326.0,34.5,431,20,315,104,189.8,0.655,0,0.296,Medio,1,Medio,0.0773,0.0632,0.8595,0.8595
TR-00503,-34.8327957244267,-58.4427680389792,Provincia,11175.0,36.9,203,15,1000,155,201.9,0.219,1,0.324,Medio,1,Bajo,0.0501,0.4953,0.4546,0.4953
TR-00504,-34.8464372297959,-58.4993428773729,Provincia,8191.0,35.3,187,20,800,179,261.3,0.355,0,0.264,Bajo,0,Bajo,0.0253,0.8017,0.173,0.8017
TR-00505,-34.8014490684669,-58.3036305468646,Provincia,6565.0,37.6,168,15,160,138,195.4,1.327,0,0.365,Alto,1,Alto,0.8866,0.0313,0.0821,0.8866
TR-00506,-34.8158003848538,-58.1990308445178,Provincia,8696.0,36.6,222,17,500,165,286.0,0.622,3,0.412,Alto,1,Alto,0.7966,0.0791,0.1243,0.7966
TR-00507,-34.8426155644452,-58.4792475026704,Provincia,878.0,38.6,56,10,400,56,85.3,0.232,0,0.194,Bajo,0,Bajo,0.0183,0.8604,0.1213,0.8604
TR-00508,-34.6721872781967,-58.3129698007476,Provincia,7071.0,34.8,227,10,500,103,164.4,0.357,2,0.338,Medio,1,Bajo,0.0663,0.502,0.4317,0.502
TR-00509,-34.8130702343097,-58.2910262043968,Provincia,13193.0,36.6,267,23,400,201,378.2,1.028,2,0.434,Alto,1,Alto,0.9202,0.0187,0.0611,0.9202
TR-00510,-34.7835062145563,-58.2314797519807,Provincia,7597.0,32.7,275,18,800,111,193.7,0.263,0,0.223,Bajo,0,Bajo,0.0,0.9199,0.0801,0.9199
TR-00511,-34.729826379136,-58.287976220967,Provincia,7404.0,31.8,150,7,160,158,238.8,1.622,0,0.33,Medio,1,Medio,0.1936,0.1539,0.6525,0.6525
TR-00512,-34.9265599844376,-58.520326332768,Provincia,8844.0,39.2,273,15,315,144,224.6,0.775,0,0.364,Medio,1,Medio,0.1659,0.1769,0.6571,0.6571
TR-00513,-34.9293653976391,-58.6935593346799,Provincia,9887.0,34.4,270,1,1000,153,239.2,0.26,1,0.228,Bajo,0,Bajo,0.0322,0.6626,0.3052,0.6626
TR-00514,-34.6949965500293,-58.3056777183219,Provincia,1208.0,36.3,273,10,250,47,84.3,0.367,3,0.32,Alto,1,Alto,0.7202,0.1066,0.1732,0.7202
TR-00515,-34.843610361104,-58.4869769449597,Provincia,2153.0,34.1,360,21,250,98,130.1,0.566,0,0.332,Medio,1,Medio,0.089,0.0595,0.8515,0.8515
TR-00516,-34.8112886803017,-58.4187735132238,Provincia,7831.0,31.8,147,13,500,86,135.4,0.294,0,0.194,Bajo,0,Bajo,0.0017,0.9752,0.0232,0.9752
TR-00517,-34.832845125441,-58.1893598861986,Provincia,5055.0,33.7,224,15,630,135,183.2,0.316,1,0.26,Bajo,0,Bajo,0.0213,0.8343,0.1444,0.8343
TR-00518,-34.8231609240044,-58.4076013349604,Provincia,11136.0,38.3,100,1,500,157,246.2,0.535,1,0.26,Bajo,0,Bajo,0.0649,0.5984,0.3367,0.5984
TR-00519,-34.8261844061971,-58.420691599549,Provincia,6254.0,35.5,346,11,630,68,85.8,0.148,0,0.262,Medio,1,Medio,0.0025,0.1026,0.8949,0.8949
TR-00520,-34.8322532819251,-58.4186861084799,Provincia,1396.0,28.2,158,16,500,27,31.1,0.068,1,0.184,Bajo,0,Bajo,0.0042,0.9512,0.0446,0.9512
TR-00521,-34.8357596983775,-58.2532096199071,Provincia,3396.0,33.0,385,17,250,28,35.2,0.153,0,0.258,Medio,1,Medio,0.018,0.0948,0.8871,0.8871
TR-00522,-34.8213763708663,-58.2021538689855,Provincia,500.0,39.4,391,21,400,51,85.5,0.232,1,0.455,Medio,1,Medio,0.0158,0.0626,0.9216,0.9216
TR-00523,-34.8330588926304,-58.4203008364782,Provincia,6498.0,33.0,235,13,630,80,146.0,0.252,1,0.284,Bajo,0,Bajo,0.0064,0.9495,0.0441,0.9495
TR-00524,-34.6563536773955,-58.3328402473253,CABA,13830.0,28.7,112,13,630,198,300.6,0.519,0,0.163,Bajo,0,Bajo,0.0172,0.819,0.1638,0.819
TR-00525,-34.7414003544789,-58.2743789089787,Provincia,5927.0,39.8,121,5,315,128,224.0,0.773,0,0.346,Medio,1,Medio,0.1375,0.2308,0.6317,0.6317
TR-00526,-34.8425220515402,-58.477212441974,Provincia,10437.0,35.9,256,13,250,136,209.7,0.912,0,0.337,Medio,1,Medio,0.181,0.2853,0.5338,0.5338
TR-00527,-34.779471398959,-58.225569237173,Provincia,10796.0,33.5,359,5,630,151,205.5,0.355,1,0.283,Medio,1,Medio,0.0123,0.0485,0.9392,0.9392
TR-00528,-34.741811124644,-58.3228593053807,Provincia,6689.0,32.5,288,1,315,76,91.0,0.314,0,0.245,Bajo,0,Bajo,0.0138,0.8943,0.0919,0.8943
TR-00529,-34.8222643756015,-58.3678009635672,Provincia,796.0,37.2,454,6,160,29,58.4,0.397,0,0.29,Medio,1,Medio,0.0626,0.0936,0.8438,0.8438
TR-00530,-34.7810287643694,-58.4235738870904,Provincia,9052.0,32.0,212,25,630,201,262.8,0.453,0,0.259,Bajo,0,Bajo,0.0051,0.8822,0.1127,0.8822
TR-00531,-34.901688332795,-58.6039172075948,Provincia,8866.0,37.4,212,12,400,154,361.3,0.982,1,0.43,Alto,1,Alto,0.8756,0.0284,0.0961,0.8756
TR-00532,-34.8440759171735,-58.4801196831268,Provincia,8128.0,35.4,163,16,315,119,208.1,0.718,2,0.382,Medio,1,Medio,0.0774,0.2089,0.7137,0.7137
TR-00533,-34.8445526664126,-58.4872236279171,Provincia,10144.0,34.5,586,10,160,134,186.2,1.265,1,0.444,Medio,1,Medio,0.1399,0.0233,0.8368,0.8368
TR-00534,-34.6532534477856,-58.3364633126897,CABA,16083.0,35.0,221,1,160,219,341.1,2.317,1,0.412,Medio,1,Medio,0.3508,0.086,0.5632,0.5632
TR-00535,-34.6911084160675,-58.2845756838978,Provincia,13226.0,33.1,347,21,630,190,223.8,0.386,0,0.205,Medio,1,Medio,0.0364,0.0893,0.8743,0.8743
TR-00536,-34.8339243280803,-58.4111393293073,Provincia,4322.0,37.0,362,1,400,70,102.8,0.279,0,0.344,Medio,1,Medio,0.004,0.0764,0.9195,0.9195
TR-00537,-34.8211363866427,-58.3656922906791,Provincia,9448.0,30.9,355,10,250,155,227.9,0.991,0,0.302,Medio,1,Medio,0.1696,0.0504,0.78,0.78
TR-00538,-34.8297736983202,-58.4449995976893,Provincia,2138.0,28.5,170,14,315,31,36.9,0.127,1,0.155,Bajo,0,Bajo,0.0086,0.8906,0.1009,0.8906
TR-00539,-34.7392665514033,-58.2699018146399,Provincia,4409.0,35.7,131,16,250,58,107.2,0.466,1,0.316,Bajo,0,Bajo,0.0274,0.5623,0.4102,0.5623
TR-00540,-35.0403111202005,-58.737683532459,Provincia,11749.0,35.7,235,9,250,178,361.3,1.571,1,0.393,Medio,1,Alto,0.538,0.0552,0.4068,0.538
TR-00541,-34.7009637762941,-58.4592645718078,CABA,8597.0,36.0,152,1,315,102,158.8,0.548,1,0.267,Bajo,0,Bajo,0.057,0.6468,0.2962,0.6468
TR-00542,-34.8209250321637,-58.4973154449836,Provincia,9720.0,35.0,188,8,400,163,286.1,0.777,2,0.322,Medio,1,Medio,0.1554,0.2728,0.5718,0.5718
TR-00543,-34.7814857224045,-58.2329596047655,Provincia,7911.0,32.7,219,9,250,123,184.1,0.8,1,0.25,Bajo,0,Bajo,0.0194,0.6277,0.3529,0.6277
TR-00544,-34.917151098945,-58.6979435097999,Provincia,6885.0,36.2,190,9,315,65,88.2,0.304,1,0.212,Bajo,0,Bajo,0.0848,0.7325,0.1827,0.7325
TR-00545,-34.8256548066313,-58.4147288488455,Provincia,11292.0,33.6,264,21,400,166,224.7,0.611,2,0.316,Bajo,0,Bajo,0.0813,0.6253,0.2934,0.6253
TR-00546,-34.8374207579411,-58.3881534533405,Provincia,6490.0,32.1,256,6,400,64,106.1,0.288,0,0.235,Bajo,0,Bajo,0.0036,0.968,0.0285,0.968
TR-00547,-34.8358983531853,-58.4423554895294,Provincia,1858.0,32.7,490,16,250,68,100.0,0.435,0,0.267,Medio,1,Medio,0.0311,0.0702,0.8987,0.8987
TR-00548,-34.7801459886834,-58.2250741033575,Provincia,4790.0,40.2,328,15,160,80,132.4,0.899,1,0.468,Medio,1,Medio,0.2315,0.0771,0.6914,0.6914
TR-00549,-34.794533776329,-58.4133994520193,Provincia,8854.0,28.1,135,21,160,181,230.0,1.562,0,0.332,Medio,1,Medio,0.1507,0.176,0.6733,0.6733
TR-00550,-34.8408870076463,-58.4674142343081,Provincia,8387.0,35.3,140,13,315,156,358.9,1.238,0,0.338,Medio,1,Medio,0.2627,0.1682,0.5691,0.5691
TR-00551,-34.8012687554146,-58.5012790376332,Provincia,2499.0,28.3,350,20,500,32,30.1,0.065,1,0.211,Medio,1,Medio,0.0043,0.1137,0.8821,0.8821
TR-00552,-34.8372432877406,-58.1871410484332,Provincia,5027.0,33.4,255,13,250,38,59.9,0.26,0,0.237,Bajo,0,Bajo,0.0128,0.8958,0.0914,0.8958
TR-00553,-34.8163633091744,-58.4125799169311,Provincia,5455.0,32.3,570,17,630,75,107.4,0.185,0,0.275,Medio,1,Medio,0.0042,0.0709,0.9249,0.9249
TR-00554,-34.7586178651408,-58.2369874151391,Provincia,6104.0,27.0,570,3,500,71,83.6,0.182,1,0.26,Medio,1,Medio,0.0084,0.0652,0.9264,0.9264
TR-00555,-34.8891331263202,-58.5053642902948,Provincia,3072.0,34.9,163,1,160,111,148.4,1.008,0,0.345,Medio,1,Medio,0.1614,0.1771,0.6615,0.6615
TR-00556,-34.7522975433783,-58.2620057695166,Provincia,5315.0,32.5,290,17,160,92,149.3,1.014,1,0.409,Medio,1,Medio,0.1523,0.1812,0.6665,0.6665
TR-00557,-34.9155373954428,-58.7067213891256,Provincia,5014.0,27.0,141,17,250,112,164.3,0.714,0,0.108,Bajo,0,Bajo,0.0295,0.8056,0.1649,0.8056
TR-00558,-34.8355993012277,-58.2178332324395,Provincia,9515.0,36.4,348,17,160,135,260.5,1.77,0,0.451,Alto,1,Alto,0.9713,0.0008,0.0278,0.9713
TR-00559,-34.8366600091176,-58.3880135068913,Provincia,9627.0,38.3,522,10,400,139,283.2,0.77,2,0.477,Medio,1,Medio,0.2692,0.0656,0.6652,0.6652
TR-00560,-34.751383470175,-58.4600071443687,Provincia,6763.0,38.5,272,24,160,109,197.0,1.338,3,0.578,Alto,1,Alto,0.82,0.0177,0.1623,0.82
TR-00561,-34.8399247159168,-58.4504980532396,Provincia,6024.0,34.8,209,11,630,128,232.0,0.4,0,0.19,Bajo,0,Bajo,0.0103,0.8549,0.1348,0.8549
TR-00562,-34.6980837485971,-58.276154400323,Provincia,7620.0,33.8,304,17,400,128,180.0,0.489,1,0.26,Medio,1,Medio,0.0194,0.0777,0.9029,0.9029
TR-00563,-34.7123638975534,-58.3002633990775,Provincia,4750.0,38.0,380,18,500,59,117.1,0.255,0,0.379,Medio,1,Medio,0.0,0.0482,0.9518,0.9518
TR-00564,-34.8333445638555,-58.4421680009077,Provincia,3760.0,39.1,381,26,500,114,193.1,0.42,0,0.368,Medio,1,Medio,0.049,0.0731,0.8779,0.8779
TR-00565,-34.6877102795608,-58.2749490764466,Provincia,4379.0,37.3,210,12,400,74,109.2,0.297,1,0.26,Bajo,0,Bajo,0.0434,0.6419,0.3147,0.6419
TR-00566,-34.828828229736,-58.2585379637033,Provincia,5296.0,30.7,186,9,800,81,82.2,0.112,0,0.116,Bajo,0,Bajo,0.0027,0.9658,0.0315,0.9658
TR-00567,-34.7513123748682,-58.267409027521,Provincia,3710.0,34.3,283,4,1000,10,10.8,0.012,1,0.249,Bajo,0,Bajo,0.0368,0.7783,0.1849,0.7783
TR-00568,-34.8029012665068,-58.4111989794329,Provincia,7686.0,35.1,216,25,315,136,190.4,0.657,0,0.293,Bajo,0,Bajo,0.0382,0.6327,0.3291,0.6327
TR-00569,-34.7201883811405,-58.295285360896,Provincia,9389.0,27.9,431,17,250,143,209.8,0.912,0,0.288,Medio,1,Medio,0.0654,0.1507,0.7839,0.7839
TR-00570,-34.820779342679,-58.272770085059,Provincia,2439.0,35.2,215,17,315,61,81.9,0.283,0,0.226,Bajo,0,Bajo,0.0197,0.8284,0.1518,0.8284
TR-00571,-34.8153369286071,-58.2704942597224,Provincia,7275.0,41.0,263,36,315,106,238.2,0.822,1,0.435,Medio,1,Medio,0.1096,0.0951,0.7953,0.7953
TR-00572,-34.6841795591956,-58.3037646908179,Provincia,6540.0,35.7,300,16,400,92,145.5,0.395,1,0.382,Medio,1,Medio,0.0255,0.2425,0.732,0.732
TR-00573,-34.8313947427402,-58.4170231455256,Provincia,8225.0,38.4,122,5,315,118,219.1,0.756,0,0.314,Medio,1,Medio,0.0981,0.291,0.6109,0.6109
TR-00574,-34.7206991948379,-58.2947492248597,Provincia,7161.0,34.3,194,13,400,126,214.4,0.583,0,0.254,Bajo,0,Bajo,0.0172,0.771,0.2118,0.771
TR-00575,-34.7101577040062,-58.2975963723809,Provincia,2839.0,33.5,559,7,630,79,90.0,0.155,1,0.291,Medio,1,Medio,0.0229,0.074,0.903,0.903
TR-00576,-34.8359398587727,-58.4569263639584,Provincia,3413.0,34.9,373,11,315,64,115.0,0.397,0,0.338,Medio,1,Medio,0.0179,0.0748,0.9073,0.9073
TR-00577,-34.6984736699182,-58.4570826460573,CABA,19177.0,31.9,134,11,400,281,480.9,1.307,1,0.351,Medio,1,Medio,0.2323,0.2902,0.4775,0.4775
TR-00578,-34.8297477388468,-58.4908312233205,Provincia,10286.0,30.6,348,10,315,149,207.9,0.717,1,0.334,Medio,1,Medio,0.0326,0.1114,0.856,0.856
TR-00579,-34.8284759248946,-58.2064131979513,Provincia,557.0,37.8,428,4,630,23,32.0,0.055,0,0.26,Medio,1,Medio,0.014,0.0976,0.8885,0.8885
TR-00580,-34.7078016962186,-58.2588029187662,Provincia,8237.0,38.1,230,25,500,132,209.2,0.455,1,0.382,Medio,1,Medio,0.0637,0.3068,0.6295,0.6295
TR-00581,-34.7991119653796,-58.3054735182946,Provincia,10769.0,30.5,365,16,160,123,141.3,0.96,0,0.316,Medio,1,Medio,0.1017,0.0517,0.8467,0.8467
TR-00582,-34.6904908058727,-58.2854863681509,Provincia,6741.0,36.8,342,12,500,115,218.6,0.475,0,0.297,Medio,1,Medio,0.0403,0.0433,0.9164,0.9164
TR-00583,-34.7620579609723,-58.1745989644981,Provincia,8851.0,33.4,142,19,250,96,124.3,0.54,0,0.251,Bajo,0,Bajo,0.0182,0.8762,0.1057,0.8762
TR-00584,-34.892368818736,-58.4418733327326,Provincia,5091.0,34.8,230,17,500,64,136.5,0.297,1,0.277,Bajo,0,Bajo,0.0087,0.8565,0.1348,0.8565
TR-00585,-34.986766742829,-58.7028704398843,Provincia,6842.0,35.2,496,16,400,60,69.5,0.189,1,0.361,Medio,1,Medio,0.0055,0.0658,0.9287,0.9287
TR-00586,-34.7906094392374,-58.3116435200698,Provincia,2337.0,36.9,552,19,400,52,76.8,0.209,0,0.308,Medio,1,Medio,0.0033,0.0437,0.953,0.953
TR-00587,-34.8183032574816,-58.2696469583173,Provincia,500.0,34.0,374,15,500,75,159.7,0.347,0,0.301,Medio,1,Medio,0.0128,0.0826,0.9045,0.9045
TR-00588,-34.8358216482584,-58.3986266198301,Provincia,10028.0,38.2,191,19,630,145,215.1,0.371,0,0.321,Medio,1,Bajo,0.0389,0.5546,0.4064,0.5546
TR-00589,-34.84097274896,-58.4707373198759,Provincia,4245.0,34.7,76,19,630,96,125.8,0.217,2,0.29,Bajo,0,Bajo,0.0527,0.7816,0.1657,0.7816
TR-00590,-34.8414805333276,-58.2490505761641,Provincia,5833.0,35.7,178,15,400,157,210.6,0.572,0,0.3,Bajo,0,Bajo,0.0528,0.7428,0.2044,0.7428
TR-00591,-34.694800866622,-58.2791476432752,Provincia,3041.0,31.0,132,12,500,75,105.8,0.23,1,0.192,Bajo,0,Bajo,0.0312,0.9029,0.0659,0.9029
TR-00592,-34.7918292509049,-58.2255946600186,Provincia,2970.0,40.6,513,25,400,45,96.4,0.262,1,0.431,Medio,1,Medio,0.0435,0.0588,0.8976,0.8976
TR-00593,-34.8377908546519,-58.3864082918696,Provincia,6678.0,35.2,99,11,630,93,129.9,0.224,0,0.231,Bajo,0,Bajo,0.0001,0.9156,0.0844,0.9156
TR-00594,-34.8435588862689,-58.4755660335788,Provincia,5011.0,36.0,144,17,630,89,156.0,0.269,0,0.275,Bajo,0,Bajo,0.0046,0.8992,0.0962,0.8992
TR-00595,-34.7150787235745,-58.2993754516051,Provincia,8334.0,28.6,281,17,250,112,180.4,0.784,0,0.224,Bajo,0,Bajo,0.0287,0.7636,0.2077,0.7636
TR-00596,-34.7095829322382,-58.2968972662702,Provincia,8558.0,31.1,254,10,315,117,163.7,0.565,1,0.243,Bajo,0,Bajo,0.0189,0.8674,0.1137,0.8674
TR-00597,-34.9262704711914,-58.6406178216171,Provincia,8163.0,37.7,485,8,315,151,222.6,0.768,2,0.448,Medio,1,Medio,0.3133,0.0407,0.646,0.646
TR-00598,-34.7902966420598,-58.4168864740239,Provincia,7916.0,34.6,332,12,250,149,270.9,1.178,1,0.379,Medio,1,Medio,0.1612,0.0397,0.7991,0.7991
TR-00599,-34.6958831388197,-58.4548237189978,CABA,15346.0,28.4,135,11,315,170,269.8,0.931,1,0.298,Bajo,0,Bajo,0.0366,0.6479,0.3155,0.6479
TR-00600,-34.7445072538247,-58.2723082817876,Provincia,3997.0,37.0,434,4,250,56,71.8,0.312,2,0.385,Medio,1,Medio,0.1151,0.0611,0.8238,0.8238
TR-00601,-34.842278000099,-58.4784269163613,Provincia,7035.0,32.0,211,9,400,101,123.4,0.335,0,0.202,Bajo,0,Bajo,0.0001,0.9761,0.0238,0.9761
TR-00602,-34.7500644008708,-58.3382058054452,Provincia,10598.0,38.2,503,16,250,170,285.1,1.24,2,0.506,Alto,1,Alto,0.8196,0.012,0.1684,0.8196
TR-00603,-34.8067872762905,-58.2149615863355,Provincia,10994.0,33.4,167,23,315,188,289.2,0.998,0,0.346,Medio,1,Medio,0.2135,0.2596,0.5268,0.5268
TR-00604,-35.0346636973535,-58.7311684617181,Provincia,2935.0,34.4,50,18,500,132,198.8,0.432,0,0.211,Bajo,0,Bajo,0.0241,0.8247,0.1511,0.8247
TR-00605,-34.8223307800208,-58.2023889000965,Provincia,6263.0,37.5,250,1,315,92,172.7,0.596,0,0.265,Bajo,0,Bajo,0.0447,0.5276,0.4277,0.5276
TR-00606,-34.7520907342699,-58.3382094410078,Provincia,11274.0,30.8,82,18,400,153,183.6,0.499,1,0.264,Bajo,0,Bajo,0.0028,0.8433,0.1539,0.8433
TR-00607,-34.9010314615282,-58.6006034705274,Provincia,8724.0,30.5,383,10,630,148,147.0,0.254,0,0.226,Medio,1,Medio,0.0021,0.0668,0.9311,0.9311
TR-00608,-34.8205065881679,-58.4095475018119,Provincia,7786.0,33.1,273,17,1000,105,192.5,0.209,1,0.188,Bajo,0,Bajo,0.0051,0.8613,0.1337,0.8613
TR-00609,-34.7146555543234,-58.3002134901197,Provincia,6547.0,36.3,504,14,400,103,143.5,0.39,1,0.373,Medio,1,Medio,0.0125,0.0338,0.9536,0.9536
TR-00610,-34.8217359918076,-58.3737440297409,Provincia,6049.0,29.4,226,13,160,91,124.1,0.843,1,0.278,Bajo,0,Bajo,0.0282,0.5897,0.3821,0.5897
TR-00611,-34.726621853815,-58.2903536278161,Provincia,8065.0,28.4,121,13,250,59,55.3,0.24,0,0.123,Bajo,0,Bajo,0.0111,0.9269,0.062,0.9269
TR-00612,-34.8294184015984,-58.3870492796489,Provincia,6443.0,36.3,313,14,1000,109,180.1,0.196,0,0.284,Medio,1,Medio,0.0223,0.0731,0.9046,0.9046
TR-00613,-34.751436478599,-58.4599666849991,Provincia,7072.0,31.8,196,23,500,109,190.4,0.414,1,0.217,Bajo,0,Bajo,0.0109,0.8439,0.1452,0.8439
TR-00614,-34.8364021229534,-58.2282849279043,Provincia,7436.0,32.4,358,14,500,149,184.6,0.401,0,0.16,Medio,1,Medio,0.0024,0.0788,0.9188,0.9188
TR-00615,-34.7614649401903,-58.2757420547547,Provincia,5166.0,27.8,169,22,500,91,119.0,0.259,0,0.13,Bajo,0,Bajo,0.0019,0.9605,0.0377,0.9605
TR-00616,-34.8171594921564,-58.2789674469207,Provincia,8796.0,31.5,463,21,250,102,88.5,0.385,0,0.298,Medio,1,Medio,0.0626,0.1122,0.8252,0.8252
TR-00617,-34.8427551631955,-58.4867518866092,Provincia,15943.0,33.7,263,19,400,212,304.5,0.827,1,0.24,Bajo,0,Bajo,0.059,0.5444,0.3966,0.5444
TR-00618,-34.8396489511229,-58.4051855712939,Provincia,1869.0,36.7,238,1,630,10,15.9,0.027,0,0.184,Bajo,0,Bajo,0.0298,0.8269,0.1433,0.8269
TR-00619,-34.8351302372123,-58.4035609209948,Provincia,8172.0,31.2,449,22,630,96,168.1,0.29,2,0.282,Medio,1,Medio,0.0455,0.0874,0.867,0.867
TR-00620,-34.8091292718142,-58.4109443541483,Provincia,4919.0,39.0,385,11,315,103,151.9,0.524,1,0.386,Medio,1,Medio,0.0842,0.065,0.8508,0.8508
TR-00621,-34.9076729989481,-58.6228392982059,Provincia,8932.0,31.5,180,19,400,129,211.9,0.576,1,0.347,Medio,1,Bajo,0.0428,0.5615,0.3957,0.5615
TR-00622,-34.8222496404981,-58.2648005410998,Provincia,7340.0,31.5,380,7,250,139,221.7,0.964,0,0.286,Medio,1,Medio,0.1757,0.0592,0.7652,0.7652
TR-00623,-34.766213588392,-58.3276392906538,Provincia,9486.0,38.6,345,6,800,93,147.9,0.201,0,0.291,Medio,1,Medio,0.0167,0.08,0.9033,0.9033
TR-00624,-34.8158842059216,-58.3563734449671,Provincia,10727.0,34.4,245,28,315,151,192.6,0.665,1,0.395,Medio,1,Medio,0.0133,0.4165,0.5702,0.5702
TR-00625,-35.0544438389946,-58.7490947091915,Provincia,7777.0,31.9,366,7,500,110,199.0,0.433,0,0.239,Medio,1,Medio,0.0109,0.0767,0.9123,0.9123
TR-00626,-34.7560203270618,-58.2686593384256,Provincia,10596.0,33.2,462,22,315,179,198.8,0.686,1,0.376,Medio,1,Medio,0.0772,0.0705,0.8523,0.8523
TR-00627,-34.8193481542868,-58.3692910487698,Provincia,500.0,38.0,248,15,400,52,82.3,0.224,1,0.363,Medio,1,Bajo,0.0218,0.5272,0.451,0.5272
TR-00628,-34.7871767744576,-58.2288060104335,Provincia,11971.0,38.4,248,11,500,188,383.2,0.833,0,0.369,Medio,1,Medio,0.2381,0.2655,0.4964,0.4964
TR-00629,-34.8001762219529,-58.3030467993,Provincia,8325.0,31.1,242,14,315,167,235.8,0.814,0,0.272,Bajo,0,Bajo,0.0099,0.7594,0.2307,0.7594
TR-00630,-34.9215605624546,-58.6696627816485,Provincia,10434.0,33.6,176,5,630,144,206.8,0.357,0,0.201,Bajo,0,Bajo,0.0451,0.8297,0.1252,0.8297
TR-00631,-34.8010682596552,-58.3015400595936,Provincia,3540.0,34.0,247,14,800,105,158.2,0.215,0,0.224,Bajo,0,Bajo,0.0051,0.9313,0.0636,0.9313
TR-00632,-34.8268652826423,-58.4058053057768,Provincia,4708.0,30.5,234,6,630,59,78.1,0.135,0,0.189,Bajo,0,Bajo,0.0069,0.9588,0.0343,0.9588
TR-00633,-34.7525704149819,-58.2383947093493,Provincia,7638.0,33.5,228,11,315,93,157.9,0.545,1,0.278,Bajo,0,Bajo,0.0095,0.8448,0.1457,0.8448
TR-00634,-34.9439138661595,-58.2001467627165,Provincia,7149.0,33.7,226,20,500,133,149.3,0.325,0,0.299,Bajo,0,Bajo,0.0185,0.9007,0.0808,0.9007
TR-00635,-34.7804060993223,-58.4224220420945,Provincia,8049.0,37.3,144,16,400,87,199.0,0.541,1,0.299,Bajo,0,Bajo,0.0386,0.4994,0.4621,0.4994
TR-00636,-34.6865256788741,-58.316088473557,Provincia,10454.0,37.6,403,4,400,168,345.8,0.94,2,0.493,Medio,1,Alto,0.4968,0.0289,0.4743,0.4968
TR-00637,-34.9109820198398,-58.5156761433065,Provincia,1904.0,32.6,194,20,400,54,90.3,0.245,1,0.28,Bajo,0,Bajo,0.0365,0.8429,0.1206,0.8429
TR-00638,-34.7198872195338,-58.2312396865465,Provincia,10121.0,33.0,474,14,400,176,182.8,0.497,2,0.344,Medio,1,Medio,0.1089,0.0857,0.8055,0.8055
TR-00639,-34.7525695694945,-58.2624915361848,Provincia,7225.0,35.8,159,10,250,114,140.6,0.611,1,0.328,Medio,1,Medio,0.039,0.4024,0.5586,0.5586
TR-00640,-34.7802202255808,-58.4870366639804,Provincia,6589.0,31.8,523,19,400,109,165.7,0.45,0,0.284,Medio,1,Medio,0.019,0.0665,0.9145,0.9145
TR-00641,-34.8017526913264,-58.2079224938927,Provincia,2787.0,35.6,216,13,250,75,167.7,0.729,1,0.342,Medio,1,Medio,0.0634,0.3366,0.6,0.6
TR-00642,-34.756688873677,-58.3351307826971,Provincia,8709.0,33.4,382,6,315,116,142.6,0.492,4,0.398,Alto,1,Alto,0.8748,0.0074,0.1179,0.8748
TR-00643,-34.8382398016815,-58.461473813139,Provincia,500.0,30.6,272,27,250,17,27.3,0.119,2,0.293,Bajo,0,Bajo,0.0726,0.7195,0.2079,0.7195
TR-00644,-34.8431521164573,-58.4799212480433,Provincia,9145.0,30.6,134,14,250,150,255.2,1.11,1,0.334,Medio,1,Medio,0.1839,0.1669,0.6492,0.6492
TR-00645,-34.8325544244268,-58.4096548260882,Provincia,2724.0,38.3,138,13,630,61,98.8,0.17,0,0.279,Bajo,0,Bajo,0.0023,0.8749,0.1228,0.8749
TR-00646,-34.8050583051271,-58.4080632924417,Provincia,7360.0,33.2,186,11,400,106,153.4,0.417,0,0.186,Bajo,0,Bajo,0.0007,0.9688,0.0305,0.9688
TR-00647,-34.645421494522,-58.3310228038019,CABA,16653.0,39.7,319,22,160,225,308.4,2.095,1,0.552,Alto,1,Alto,0.9479,0.0021,0.05,0.9479
TR-00648,-34.8489896041662,-58.4724942147454,Provincia,10709.0,32.1,252,10,630,196,251.6,0.434,0,0.234,Bajo,0,Bajo,0.0019,0.9168,0.0813,0.9168
TR-00649,-34.8318458700889,-58.4101862386765,Provincia,6664.0,34.6,299,3,800,97,124.1,0.169,1,0.269,Bajo,0,Medio,0.0017,0.4713,0.527,0.527
TR-00650,-34.7790180984768,-58.2366028818812,Provincia,5118.0,41.4,237,9,800,78,161.0,0.219,3,0.407,Alto,1,Alto,0.526,0.2357,0.2383,0.526
TR-00651,-34.846529527017,-58.5016119689494,Provincia,5680.0,30.3,292,23,630,54,78.3,0.135,0,0.269,Bajo,0,Bajo,0.0043,0.8621,0.1336,0.8621
TR-00652,-34.8423538173547,-58.2192907499893,Provincia,11019.0,27.6,313,20,1000,159,248.8,0.27,1,0.255,Medio,1,Medio,0.0098,0.0748,0.9155,0.9155
TR-00653,-34.9250639772428,-58.6394570898344,Provincia,8809.0,37.8,232,12,400,150,210.0,0.571,0,0.294,Bajo,0,Bajo,0.0657,0.6878,0.2465,0.6878
TR-00654,-34.9123808368571,-58.7162294724891,Provincia,6043.0,31.1,343,24,1000,122,152.1,0.165,0,0.216,Medio,1,Medio,0.0223,0.0607,0.917,0.917
TR-00655,-34.8016037604071,-58.3028984868935,Provincia,6491.0,33.6,377,19,800,109,141.1,0.192,1,0.3,Medio,1,Medio,0.0101,0.0478,0.9421,0.9421
TR-00656,-34.8367892658872,-58.3841591359465,Provincia,2498.0,31.8,317,12,315,83,106.7,0.368,0,0.222,Medio,1,Medio,0.0225,0.0817,0.8958,0.8958
TR-00657,-35.0107237471311,-58.7160469544937,Provincia,8365.0,34.6,325,13,630,147,211.6,0.365,1,0.356,Medio,1,Medio,0.012,0.0493,0.9387,0.9387
TR-00658,-34.8349880205421,-58.2302641035903,Provincia,1921.0,30.7,280,16,630,80,117.6,0.203,0,0.239,Bajo,0,Bajo,0.0013,0.9722,0.0265,0.9722
TR-00659,-34.8421630710429,-58.4731567316692,Provincia,9455.0,33.1,419,8,630,166,255.8,0.441,0,0.271,Medio,1,Medio,0.0,0.0835,0.9165,0.9165
TR-00660,-34.7196563133067,-58.2958745926431,Provincia,7586.0,35.1,254,14,800,159,272.4,0.37,0,0.293,Bajo,0,Bajo,0.0195,0.718,0.2625,0.718
TR-00661,-34.825562305643,-58.4264620469301,Provincia,14361.0,30.5,187,16,315,196,276.5,0.954,1,0.329,Medio,1,Medio,0.0878,0.3884,0.5237,0.5237
TR-00662,-34.839814367959,-58.4683729375866,Provincia,3900.0,31.5,258,2,400,42,48.3,0.131,0,0.165,Bajo,0,Bajo,0.0186,0.9187,0.0628,0.9187
TR-00663,-34.8109911771027,-58.5005322050148,Provincia,6892.0,32.6,135,13,500,128,132.5,0.288,0,0.212,Bajo,0,Bajo,0.0,0.9656,0.0344,0.9656
TR-00664,-34.8407894570848,-58.4521713008286,Provincia,12595.0,29.1,127,12,500,198,378.1,0.822,2,0.301,Bajo,0,Bajo,0.098,0.5554,0.3466,0.5554
TR-00665,-34.8371737728635,-58.3870514667495,Provincia,10774.0,32.3,378,21,630,197,238.5,0.411,2,0.375,Medio,1,Medio,0.061,0.0766,0.8623,0.8623
TR-00666,-34.8208898996711,-58.418131411518,Provincia,5111.0,34.1,477,1,630,122,202.9,0.35,0,0.239,Medio,1,Medio,0.0165,0.0783,0.9053,0.9053
TR-00667,-34.7542367151153,-58.2654732697408,Provincia,7872.0,32.4,219,11,500,171,269.6,0.586,0,0.217,Bajo,0,Bajo,0.012,0.8984,0.0896,0.8984
TR-00668,-34.8425316679986,-58.4914741248939,Provincia,7206.0,32.8,380,11,800,130,170.5,0.232,0,0.233,Medio,1,Medio,0.0,0.0658,0.9342,0.9342
TR-00669,-34.7549405990503,-58.336445955139,Provincia,8046.0,33.6,101,21,250,131,172.3,0.749,0,0.251,Bajo,0,Bajo,0.018,0.8199,0.1621,0.8199
TR-00670,-34.7335331585907,-58.2853388641406,Provincia,5104.0,31.6,93,14,800,55,89.7,0.122,0,0.109,Bajo,0,Bajo,0.003,0.9712,0.0258,0.9712
TR-00671,-34.6826495025803,-58.2879826645903,Provincia,6932.0,35.9,424,27,160,119,194.1,1.319,0,0.479,Medio,1,Medio,0.4021,0.0263,0.5717,0.5717
TR-00672,-34.9430611232214,-58.6953812174008,Provincia,2406.0,38.3,318,19,400,44,68.2,0.185,0,0.331,Medio,1,Medio,0.022,0.0666,0.9115,0.9115
TR-00673,-34.789898456591,-58.217488638691,Provincia,7605.0,32.2,255,11,250,125,171.5,0.746,0,0.216,Bajo,0,Bajo,0.0067,0.8442,0.1491,0.8442
TR-00674,-34.8174200203265,-58.420711206296,Provincia,8550.0,35.3,512,16,400,132,200.4,0.545,0,0.344,Medio,1,Medio,0.0265,0.1092,0.8643,0.8643
TR-00675,-34.8003769072781,-58.3045629360657,Provincia,6518.0,32.9,239,12,315,118,217.6,0.751,2,0.341,Medio,1,Medio,0.0652,0.4075,0.5273,0.5273
TR-00676,-34.8190165328478,-58.2825254503371,Provincia,2355.0,34.9,153,20,250,55,74.3,0.323,0,0.262,Bajo,0,Bajo,0.0314,0.7625,0.2062,0.7625
TR-00677,-34.7191511013616,-58.2964674697582,Provincia,10166.0,38.7,118,5,500,173,310.0,0.674,0,0.256,Bajo,0,Bajo,0.099,0.5374,0.3635,0.5374
TR-00678,-34.7398970545871,-58.2750371169991,Provincia,8294.0,35.3,258,8,500,60,100.9,0.219,0,0.192,Bajo,0,Bajo,0.0066,0.8736,0.1198,0.8736
TR-00679,-34.8460863016595,-58.4625108655032,Provincia,5022.0,28.0,280,17,250,94,118.5,0.515,0,0.223,Bajo,0,Bajo,0.0047,0.8593,0.1359,0.8593
TR-00680,-34.8330658181153,-58.401306658934,Provincia,6358.0,35.2,232,23,500,135,152.6,0.332,0,0.233,Bajo,0,Bajo,0.009,0.8514,0.1396,0.8514
TR-00681,-34.8606242758467,-58.4170106079235,Provincia,2698.0,37.6,384,1,250,108,160.6,0.698,3,0.434,Alto,1,Alto,0.9416,0.0112,0.0472,0.9416
TR-00682,-34.8296238748566,-58.4037946102046,Provincia,4124.0,33.0,454,24,250,96,137.7,0.599,3,0.439,Alto,1,Alto,0.8736,0.0112,0.1152,0.8736
TR-00683,-34.8422225744877,-58.5050152142457,Provincia,5587.0,36.9,218,13,250,138,172.5,0.75,2,0.394,Medio,1,Medio,0.2161,0.1629,0.6211,0.6211
TR-00684,-34.8323643268331,-58.4017666416967,Provincia,10885.0,31.5,101,1,400,163,184.9,0.502,0,0.175,Bajo,0,Bajo,0.0,0.948,0.052,0.948
TR-00685,-34.7477138681585,-58.2362780917901,Provincia,5281.0,28.9,292,1,630,92,184.6,0.318,0,0.21,Bajo,0,Bajo,0.0018,0.9081,0.0902,0.9081
TR-00686,-34.8179755105561,-58.2006227571352,Provincia,9121.0,34.2,422,3,400,151,253.1,0.688,0,0.242,Medio,1,Medio,0.037,0.0691,0.8939,0.8939
TR-00687,-34.829428865151,-58.4342588268248,Provincia,5585.0,28.1,218,14,630,95,120.8,0.208,0,0.182,Bajo,0,Bajo,0.0001,0.9793,0.0206,0.9793
TR-00688,-34.7600387274346,-58.3323231961415,Provincia,7944.0,32.9,325,14,400,104,126.3,0.343,0,0.165,Medio,1,Medio,0.0084,0.0736,0.9181,0.9181
TR-00689,-34.8321141487591,-58.2106589669695,Provincia,6776.0,37.8,148,18,630,97,157.0,0.271,0,0.33,Medio,1,Bajo,0.0079,0.5502,0.4419,0.5502
TR-00690,-34.7766123492373,-58.3209476268985,Provincia,9819.0,27.6,289,10,1000,118,190.0,0.207,0,0.078,Bajo,0,Bajo,0.0031,0.9146,0.0823,0.9146
TR-00691,-34.8309744934247,-58.209810894008,Provincia,5596.0,29.6,328,6,315,109,178.6,0.616,1,0.34,Medio,1,Medio,0.0906,0.1128,0.7966,0.7966
TR-00692,-34.7881354853697,-58.2281826389506,Provincia,2482.0,30.4,293,11,250,59,85.6,0.372,0,0.194,Bajo,0,Bajo,0.0109,0.8314,0.1578,0.8314
TR-00693,-34.8203858841911,-58.2854451932955,Provincia,3054.0,33.5,573,14,250,56,116.0,0.504,0,0.377,Medio,1,Medio,0.0523,0.0794,0.8683,0.8683
TR-00694,-34.8361046558687,-58.3835219928515,Provincia,5604.0,32.5,475,16,400,82,93.5,0.254,0,0.314,Medio,1,Medio,0.0055,0.0865,0.9079,0.9079
TR-00695,-34.8048756427814,-58.4098234018171,Provincia,3453.0,38.2,352,8,400,83,98.0,0.266,1,0.325,Medio,1,Medio,0.0147,0.0795,0.9058,0.9058
TR-00696,-34.782829998339,-58.231984156755,Provincia,8431.0,36.8,405,20,250,149,219.6,0.955,0,0.391,Alto,1,Alto,0.9264,0.0041,0.0695,0.9264
TR-00697,-34.8311754516097,-58.3885567170683,Provincia,5803.0,35.3,288,10,800,70,134.0,0.182,0,0.218,Bajo,0,Bajo,0.0022,0.8495,0.1483,0.8495
TR-00698,-34.8434560420284,-58.2429755366044,Provincia,14324.0,34.2,250,8,800,167,260.8,0.354,0,0.265,Bajo,0,Bajo,0.0027,0.8395,0.1578,0.8395
TR-00699,-34.719581775644,-58.2904186742953,Provincia,1987.0,35.0,208,10,315,77,93.7,0.323,3,0.339,Alto,1,Alto,0.9236,0.054,0.0224,0.9236
TR-00700,-34.8054648109123,-58.2063029188318,Provincia,7811.0,30.9,146,22,250,88,102.8,0.447,1,0.229,Bajo,0,Bajo,0.0017,0.8734,0.1249,0.8734
TR-00701,-34.7296369612995,-58.2827978814959,Provincia,3816.0,36.4,485,13,250,88,104.5,0.454,1,0.399,Medio,1,Medio,0.053,0.0531,0.8939,0.8939
TR-00702,-34.7413659056302,-58.2796595004697,Provincia,5720.0,30.1,584,9,315,138,101.6,0.351,0,0.228,Medio,1,Medio,0.0427,0.1533,0.804,0.804
TR-00703,-34.8283588442457,-58.4127648015014,Provincia,7624.0,36.4,261,20,630,160,295.6,0.51,0,0.308,Bajo,0,Bajo,0.1112,0.6186,0.2702,0.6186
TR-00704,-34.7791140363586,-58.2346651100511,Provincia,500.0,37.5,263,29,400,53,78.5,0.213,0,0.331,Medio,1,Medio,0.0148,0.4429,0.5423,0.5423
TR-00705,-34.7139860711214,-58.3022294603659,Provincia,7910.0,34.4,334,15,160,141,190.5,1.294,1,0.395,Medio,1,Medio,0.167,0.0242,0.8089,0.8089
TR-00706,-34.8301592949816,-58.3965553675686,Provincia,12909.0,33.1,239,23,400,239,356.4,0.968,0,0.312,Bajo,0,Bajo,0.1437,0.4786,0.3777,0.4786
TR-00707,-34.8270420148385,-58.4137087669163,Provincia,5840.0,35.0,156,21,250,40,74.5,0.324,1,0.352,Medio,1,Bajo,0.0391,0.5802,0.3808,0.5802
TR-00708,-34.9127767337975,-58.6277154073584,Provincia,7979.0,24.5,133,10,400,112,161.2,0.438,2,0.167,Bajo,0,Bajo,0.0653,0.7867,0.148,0.7867
TR-00709,-34.819733695331,-58.2008695066625,Provincia,10275.0,34.7,574,14,400,173,337.5,0.917,1,0.418,Medio,1,Medio,0.2203,0.0431,0.7366,0.7366
TR-00710,-34.7450748552764,-58.3283384525717,Provincia,6708.0,33.3,109,5,500,100,158.9,0.345,0,0.18,Bajo,0,Bajo,0.0002,0.9667,0.0331,0.9667
TR-00711,-34.7144585238,-58.4720300527305,CABA,14452.0,34.3,160,13,400,232,358.8,0.975,1,0.354,Medio,1,Medio,0.1766,0.2479,0.5755,0.5755
TR-00712,-34.959173982215,-58.1803001873093,Provincia,500.0,36.0,116,10,630,34,49.0,0.085,0,0.173,Bajo,0,Bajo,0.0357,0.7946,0.1697,0.7946
TR-00713,-34.8097320129337,-58.415617449549,Provincia,9123.0,33.5,245,11,160,141,156.0,1.06,1,0.364,Medio,1,Medio,0.0946,0.1011,0.8043,0.8043
TR-00714,-34.8371879687721,-58.3867735232134,Provincia,6860.0,30.1,217,9,630,104,152.0,0.262,0,0.178,Bajo,0,Bajo,0.0001,0.9819,0.018,0.9819
TR-00715,-34.8374701638817,-58.2164978905266,Provincia,4162.0,33.2,126,12,160,66,75.8,0.515,0,0.163,Bajo,0,Bajo,0.0273,0.8378,0.1349,0.8378
TR-00716,-34.8239720876124,-58.4233797685514,Provincia,7580.0,33.9,339,18,315,106,123.7,0.427,0,0.352,Medio,1,Medio,0.0461,0.0642,0.8897,0.8897
TR-00717,-34.687322944182,-58.4473502334452,CABA,9028.0,34.9,286,13,630,143,208.5,0.36,1,0.358,Medio,1,Medio,0.0083,0.4196,0.5721,0.5721
TR-00718,-34.6623747886264,-58.3124925399555,Provincia,5615.0,34.2,118,1,500,77,103.3,0.225,0,0.148,Bajo,0,Bajo,0.0378,0.8768,0.0854,0.8768
TR-00719,-34.9225717967745,-58.6646444976604,Provincia,9019.0,37.0,356,9,250,160,234.1,1.018,0,0.333,Alto,1,Alto,0.8895,0.0042,0.1063,0.8895
TR-00720,-34.6978187995708,-58.3038430300762,Provincia,3185.0,30.2,218,3,400,83,158.0,0.429,1,0.218,Bajo,0,Bajo,0.0468,0.8858,0.0674,0.8858
TR-00721,-34.6762960655041,-58.3091409834304,Provincia,10342.0,34.3,178,16,500,180,300.3,0.653,0,0.228,Bajo,0,Bajo,0.024,0.787,0.189,0.787
TR-00722,-34.7985844337752,-58.189695389145,Provincia,3007.0,37.8,366,18,800,37,53.9,0.073,1,0.393,Medio,1,Medio,0.0103,0.0666,0.9231,0.9231
TR-00723,-34.6617789668042,-58.3392404056582,CABA,6517.0,28.9,215,16,500,64,85.1,0.185,1,0.185,Bajo,0,Bajo,0.049,0.8479,0.103,0.8479
TR-00724,-34.8283485620826,-58.3832302664277,Provincia,12969.0,34.3,103,8,160,183,267.9,1.82,0,0.422,Medio,1,Medio,0.1938,0.1528,0.6534,0.6534
TR-00725,-34.8240641422993,-58.3780365163522,Provincia,10582.0,31.8,440,16,400,227,401.2,1.09,0,0.32,Medio,1,Medio,0.166,0.1595,0.6745,0.6745
TR-00726,-34.7784071384694,-58.3194971575076,Provincia,7493.0,32.5,537,11,250,150,202.8,0.882,1,0.377,Medio,1,Medio,0.0566,0.0778,0.8656,0.8656
TR-00727,-34.8011792091114,-58.3039650995311,Provincia,4378.0,30.8,242,6,160,67,63.2,0.429,0,0.238,Bajo,0,Bajo,0.0205,0.8323,0.1472,0.8323
TR-00728,-34.8124677809748,-58.3450669027198,Provincia,5612.0,33.2,48,19,400,106,156.8,0.426,0,0.207,Bajo,0,Bajo,0.0042,0.9543,0.0415,0.9543
TR-00729,-34.8058131476183,-58.2155319551309,Provincia,7420.0,39.6,240,20,630,136,248.5,0.429,0,0.358,Medio,1,Medio,0.0802,0.4543,0.4655,0.4655
TR-00730,-34.8211370926189,-58.2735875406948,Provincia,7313.0,29.7,376,21,160,82,113.8,0.773,2,0.401,Medio,1,Medio,0.098,0.0565,0.8455,0.8455
TR-00731,-34.8138525861438,-58.3605234959443,Provincia,6927.0,30.0,420,10,630,146,209.5,0.361,0,0.207,Medio,1,Medio,0.0,0.1262,0.8738,0.8738
TR-00732,-34.8150683016852,-58.1989676402501,Provincia,7108.0,29.5,155,22,500,109,138.7,0.302,0,0.144,Bajo,0,Bajo,0.0079,0.9411,0.051,0.9411
TR-00733,-34.7822104645183,-58.2324317372473,Provincia,6557.0,39.2,223,11,500,105,219.9,0.478,1,0.306,Bajo,0,Medio,0.0469,0.3683,0.5848,0.5848
TR-00734,-34.7372178159962,-58.2826573826799,Provincia,2874.0,32.2,287,19,315,64,78.4,0.271,0,0.262,Bajo,0,Bajo,0.0104,0.8446,0.1451,0.8446
TR-00735,-34.8135926835136,-58.4235421285655,Provincia,5650.0,33.6,366,10,315,125,203.4,0.702,2,0.387,Medio,1,Medio,0.182,0.0523,0.7656,0.7656
TR-00736,-34.6327792975506,-58.3366101740902,CABA,15053.0,33.2,143,12,250,189,203.2,0.883,0,0.307,Bajo,0,Bajo,0.0327,0.7286,0.2388,0.7286
TR-00737,-34.8270762822661,-58.4295126424196,Provincia,3095.0,30.7,323,1,315,23,32.3,0.111,1,0.19,Medio,1,Medio,0.0134,0.13,0.8565,0.8565
TR-00738,-34.8089635743129,-58.2941875300379,Provincia,6631.0,32.9,420,12,315,116,124.2,0.429,1,0.264,Medio,1,Medio,0.0743,0.0668,0.8588,0.8588
TR-00739,-34.8290827220695,-58.3807008296841,Provincia,4741.0,41.6,250,15,315,34,59.3,0.205,0,0.256,Bajo,0,Bajo,0.0543,0.6435,0.3023,0.6435
TR-00740,-34.7191905405977,-58.2912960098865,Provincia,7534.0,38.2,487,11,250,111,186.2,0.81,0,0.5,Medio,1,Medio,0.2809,0.0554,0.6637,0.6637
TR-00741,-34.7402290047414,-58.2752243187003,Provincia,6034.0,31.0,197,26,250,131,171.8,0.747,0,0.295,Bajo,0,Bajo,0.0185,0.7997,0.1818,0.7997
TR-00742,-34.9237603913559,-58.6560870723375,Provincia,11632.0,35.8,351,6,800,182,380.2,0.517,1,0.335,Medio,1,Medio,0.1555,0.1085,0.736,0.736
TR-00743,-34.6812074653551,-58.3135920226496,Provincia,8720.0,31.0,210,10,630,159,209.8,0.362,0,0.203,Bajo,0,Bajo,0.0095,0.9201,0.0704,0.9201
TR-00744,-34.8330103806242,-58.4204323672496,Provincia,3265.0,28.0,243,8,315,83,136.4,0.471,1,0.155,Bajo,0,Bajo,0.0186,0.8972,0.0842,0.8972
TR-00745,-34.7735097434863,-58.229408326632,Provincia,9214.0,37.0,261,10,800,199,455.7,0.619,0,0.283,Bajo,0,Bajo,0.1639,0.478,0.3581,0.478
TR-00746,-34.6698556711133,-58.315932125517,Provincia,4876.0,37.4,205,21,315,72,107.4,0.371,1,0.406,Medio,1,Medio,0.0631,0.3893,0.5476,0.5476
TR-00747,-34.8328756605688,-58.4876513592922,Provincia,5469.0,37.0,428,24,400,104,172.6,0.469,1,0.431,Medio,1,Medio,0.0429,0.0556,0.9015,0.9015
TR-00748,-34.7689809659391,-58.3256002443832,Provincia,8141.0,32.2,215,9,630,115,187.1,0.323,0,0.177,Bajo,0,Bajo,0.0026,0.967,0.0304,0.967
TR-00749,-34.6647640617486,-58.3098850888222,Provincia,5725.0,33.2,255,9,400,121,178.5,0.485,1,0.237,Bajo,0,Bajo,0.0243,0.836,0.1397,0.836
TR-00750,-34.978753161969,-58.6943731328242,Provincia,9879.0,36.1,332,6,315,145,255.6,0.882,1,0.352,Medio,1,Medio,0.2294,0.0496,0.721,0.721
TR-00751,-34.9180158028339,-58.6914760147364,Provincia,4876.0,35.0,687,23,315,130,241.2,0.832,1,0.464,Medio,1,Medio,0.1476,0.0446,0.8079,0.8079
TR-00752,-34.831774596897,-58.4487125167161,Provincia,5343.0,32.4,338,22,400,79,95.4,0.259,1,0.371,Medio,1,Medio,0.007,0.1001,0.8929,0.8929
TR-00753,-34.7233212295757,-58.2928126928456,Provincia,5231.0,28.5,265,13,500,126,165.6,0.36,0,0.174,Bajo,0,Bajo,0.0061,0.9275,0.0664,0.9275
TR-00754,-34.8343011294756,-58.4305008048299,Provincia,5503.0,34.1,94,4,400,109,123.2,0.335,0,0.148,Bajo,0,Bajo,0.0037,0.9555,0.0407,0.9555
TR-00755,-34.8418155955531,-58.477526551017,Provincia,10498.0,37.2,240,5,400,153,298.1,0.81,1,0.351,Medio,1,Medio,0.2263,0.3174,0.4562,0.4562
TR-00756,-34.7211082326698,-58.2301851508328,Provincia,9086.0,29.9,188,15,315,151,247.9,0.855,0,0.25,Bajo,0,Bajo,0.0403,0.7464,0.2133,0.7464
TR-00757,-34.8381559315711,-58.4618926767421,Provincia,12330.0,35.7,221,18,400,182,219.0,0.595,1,0.298,Bajo,0,Bajo,0.0753,0.5811,0.3435,0.5811
TR-00758,-34.799627380672,-58.2101858785584,Provincia,14003.0,34.8,208,1,250,205,201.0,0.874,0,0.287,Medio,1,Medio,0.0588,0.4487,0.4925,0.4925
TR-00759,-34.7112763403492,-58.298944039771,Provincia,4108.0,36.1,331,12,630,73,97.1,0.168,1,0.351,Medio,1,Medio,0.0049,0.065,0.9301,0.9301
TR-00760,-34.7616663285555,-58.2734043023769,Provincia,7411.0,36.5,238,25,500,100,179.8,0.391,0,0.321,Medio,1,Medio,0.0128,0.4442,0.543,0.543
TR-00761,-34.8143329125463,-58.1991484988705,Provincia,3671.0,31.5,167,12,400,64,84.3,0.229,1,0.191,Bajo,0,Bajo,0.0161,0.9414,0.0425,0.9414
TR-00762,-34.8391432498372,-58.4488567754301,Provincia,4867.0,28.5,383,24,500,45,60.6,0.132,0,0.194,Medio,1,Medio,0.0269,0.1096,0.8635,0.8635
TR-00763,-34.8103661038039,-58.4134896581348,Provincia,5310.0,32.0,139,19,160,113,124.0,0.842,0,0.21,Bajo,0,Bajo,0.0376,0.6595,0.3028,0.6595
TR-00764,-34.9106977053861,-58.718582623733,Provincia,4029.0,36.5,260,6,315,46,102.6,0.354,0,0.26,Bajo,0,Bajo,0.0781,0.595,0.3268,0.595
TR-00765,-34.8268199152732,-58.3761335284754,Provincia,4044.0,32.0,241,12,400,72,106.9,0.29,0,0.222,Bajo,0,Bajo,0.0021,0.9724,0.0256,0.9724
TR-00766,-34.8378633833341,-58.4607233093805,Provincia,6767.0,31.5,302,13,400,126,199.4,0.542,0,0.216,Medio,1,Medio,0.0077,0.1268,0.8655,0.8655
TR-00767,-34.8675102538004,-58.2229158944542,Provincia,3550.0,27.9,422,7,500,92,117.7,0.256,1,0.285,Medio,1,Medio,0.0136,0.0772,0.9092,0.9092
TR-00768,-34.9193785793058,-58.6830957372251,Provincia,9726.0,39.3,720,7,1000,100,168.2,0.183,1,0.452,Medio,1,Medio,0.0505,0.0743,0.8751,0.8751
TR-00769,-34.7400208135416,-58.2753007130743,Provincia,4447.0,36.3,265,25,315,80,160.4,0.553,0,0.275,Bajo,0,Medio,0.0193,0.3492,0.6315,0.6315
TR-00770,-34.8488444062624,-58.4680900805822,Provincia,15629.0,36.2,186,7,315,227,250.6,0.865,0,0.24,Medio,1,Medio,0.2838,0.3149,0.4013,0.4013
TR-00771,-34.8366154761943,-58.2166777241153,Provincia,5846.0,36.8,178,22,400,100,172.2,0.468,0,0.273,Bajo,0,Bajo,0.0145,0.622,0.3635,0.622
TR-00772,-34.8319681954894,-58.2108242520894,Provincia,7416.0,35.5,177,11,315,151,225.3,0.777,0,0.348,Medio,1,Medio,0.0812,0.2826,0.6362,0.6362
TR-00773,-34.8939289787041,-58.2232709241152,Provincia,3314.0,32.9,297,14,250,48,77.2,0.336,1,0.314,Bajo,0,Bajo,0.0179,0.73,0.2521,0.73
TR-00774,-34.7164538207444,-58.2996024256305,Provincia,12318.0,33.2,83,18,1000,124,177.9,0.193,0,0.255,Bajo,0,Bajo,0.0002,0.9069,0.0929,0.9069
TR-00775,-34.837494301749,-58.3879115413453,Provincia,10559.0,32.3,135,10,630,175,190.8,0.329,0,0.191,Bajo,0,Bajo,0.0038,0.9431,0.0531,0.9431
TR-00776,-34.8181379769407,-58.275899583898,Provincia,8091.0,42.1,297,18,800,112,184.5,0.251,1,0.399,Medio,1,Medio,0.0257,0.2227,0.7516,0.7516
TR-00777,-34.7505589882122,-58.3392466077205,Provincia,3160.0,35.5,391,1,250,23,24.5,0.107,2,0.271,Medio,1,Medio,0.0988,0.1083,0.793,0.793
TR-00778,-34.7880831200258,-58.4980177435004,Provincia,7832.0,32.2,393,17,160,118,165.5,1.124,1,0.401,Medio,1,Medio,0.083,0.021,0.896,0.896
TR-00779,-34.7343183980315,-58.2110294449599,Provincia,3836.0,35.2,271,1,400,105,156.7,0.426,0,0.237,Bajo,0,Bajo,0.0237,0.7539,0.2224,0.7539
TR-00780,-34.8430963449927,-58.4767965800805,Provincia,11587.0,30.5,369,12,800,135,128.6,0.175,0,0.199,Medio,1,Medio,0.0072,0.0642,0.9286,0.9286
TR-00781,-34.8345951301632,-58.4071757740656,Provincia,9628.0,38.5,425,20,250,202,334.7,1.455,0,0.541,Alto,1,Alto,0.9624,0.002,0.0356,0.9624
TR-00782,-34.9190474394387,-58.6862863069394,Provincia,7486.0,31.6,213,18,250,97,86.7,0.377,1,0.259,Bajo,0,Bajo,0.0536,0.7736,0.1728,0.7736
TR-00783,-34.9322670112277,-58.5345117911914,Provincia,500.0,35.3,405,5,160,37,32.1,0.218,0,0.31,Medio,1,Medio,0.0276,0.0898,0.8825,0.8825
TR-00784,-34.9095914454258,-58.624669566787,Provincia,4250.0,37.1,113,6,630,49,72.7,0.125,0,0.16,Bajo,0,Bajo,0.0235,0.8298,0.1467,0.8298
TR-00785,-34.8196133693585,-58.2670982552628,Provincia,9263.0,34.9,133,9,630,140,277.6,0.479,0,0.332,Medio,1,Bajo,0.0161,0.623,0.3609,0.623
TR-00786,-34.8275419339686,-58.4921909941328,Provincia,10839.0,34.0,219,15,500,155,326.8,0.71,0,0.273,Bajo,0,Bajo,0.0287,0.8006,0.1707,0.8006
TR-00787,-34.6936330787342,-58.2968300552015,Provincia,10528.0,33.7,105,1,160,117,186.8,1.269,1,0.341,Medio,1,Medio,0.2401,0.1869,0.573,0.573
TR-00788,-34.8352723176736,-58.4076519292454,Provincia,2424.0,33.5,333,14,500,129,207.8,0.452,1,0.342,Medio,1,Medio,0.0307,0.0721,0.8972,0.8972
TR-00789,-34.837910691954,-58.2333894166955,Provincia,8105.0,31.9,199,16,400,113,137.9,0.375,1,0.241,Bajo,0,Bajo,0.0057,0.9151,0.0793,0.9151
TR-00790,-34.7717201205051,-58.2433593021602,Provincia,10247.0,32.3,242,12,250,139,187.4,0.815,0,0.301,Bajo,0,Bajo,0.0204,0.7521,0.2275,0.7521
TR-00791,-34.6568211494271,-58.3322123160336,CABA,11889.0,39.2,212,18,315,195,289.1,0.998,1,0.46,Alto,1,Alto,0.9552,0.0085,0.0363,0.9552
TR-00792,-34.8351375262268,-58.4407984522992,Provincia,7176.0,33.4,217,16,400,160,263.1,0.715,0,0.256,Bajo,0,Bajo,0.0072,0.8076,0.1852,0.8076
TR-00793,-34.8298434086634,-58.2083433615196,Provincia,8022.0,31.2,177,10,315,153,220.8,0.762,1,0.245,Bajo,0,Bajo,0.0307,0.6742,0.2951,0.6742
TR-00794,-34.8374899751585,-58.4599783840149,Provincia,6298.0,32.0,326,1,1000,74,109.3,0.119,0,0.182,Medio,1,Medio,0.0043,0.1024,0.8933,0.8933
TR-00795,-34.7708530453199,-58.4696246424196,Provincia,1644.0,37.2,197,15,400,54,97.9,0.266,0,0.272,Bajo,0,Bajo,0.0376,0.8124,0.15,0.8124
TR-00796,-34.835381733419,-58.4018616991863,Provincia,6223.0,35.9,245,7,315,56,67.6,0.233,1,0.329,Medio,1,Bajo,0.0291,0.5919,0.379,0.5919
TR-00797,-35.007757037708,-58.716978795272,Provincia,6218.0,35.5,303,10,500,126,201.4,0.438,1,0.343,Medio,1,Medio,0.0353,0.0875,0.8773,0.8773
TR-00798,-34.8359442496421,-58.2145651243723,Provincia,6756.0,32.9,423,17,500,69,70.2,0.153,0,0.259,Medio,1,Medio,0.0028,0.0707,0.9265,0.9265
TR-00799,-34.9667737199465,-58.1687339470507,Provincia,5510.0,35.5,408,24,160,75,78.8,0.535,0,0.375,Medio,1,Medio,0.0562,0.0986,0.8452,0.8452
TR-00800,-34.9273928008064,-58.6349975596766,Provincia,5871.0,31.6,205,14,400,99,108.7,0.295,0,0.132,Bajo,0,Bajo,0.0316,0.9057,0.0627,0.9057
TR-00801,-34.790752090936,-58.2167803838776,Provincia,7081.0,32.9,172,18,315,124,172.4,0.595,1,0.273,Bajo,0,Bajo,0.0238,0.8,0.1762,0.8
TR-00802,-34.7220242675888,-58.2936316494854,Provincia,8527.0,36.8,462,4,315,124,189.1,0.653,1,0.387,Medio,1,Medio,0.2066,0.0821,0.7113,0.7113
TR-00803,-34.8250722926067,-58.41131892848,Provincia,6287.0,36.5,196,16,500,142,172.4,0.375,1,0.357,Medio,1,Bajo,0.0414,0.4947,0.464,0.4947
TR-00804,-34.6583004049144,-58.3301485358427,CABA,15827.0,31.4,57,14,400,235,327.1,0.889,0,0.24,Bajo,0,Bajo,0.0536,0.7337,0.2127,0.7337
TR-00805,-34.9344741665336,-58.2121114914827,Provincia,7477.0,31.0,102,23,315,134,134.0,0.462,1,0.305,Bajo,0,Bajo,0.041,0.8145,0.1446,0.8145
TR-00806,-34.8324184604705,-58.4322592642937,Provincia,1437.0,34.0,82,10,250,15,30.0,0.13,0,0.21,Bajo,0,Bajo,0.0196,0.8766,0.1038,0.8766
TR-00807,-34.8261869503971,-58.2610490977724,Provincia,8631.0,39.2,265,12,400,174,271.2,0.737,2,0.417,Medio,1,Medio,0.199,0.122,0.679,0.679
TR-00808,-34.7382071727273,-58.2706151474065,Provincia,7198.0,27.6,230,21,315,95,145.4,0.502,1,0.231,Bajo,0,Bajo,0.0032,0.8857,0.1111,0.8857
TR-00809,-34.836325122319,-58.4854916996655,Provincia,7319.0,34.6,357,13,800,160,242.7,0.33,1,0.33,Medio,1,Medio,0.0069,0.1041,0.889,0.889
TR-00810,-34.661912839936,-58.3254423482852,CABA,15260.0,30.1,195,6,400,261,289.1,0.786,0,0.197,Bajo,0,Bajo,0.0273,0.8303,0.1425,0.8303
TR-00811,-34.7647108689633,-58.2506783037732,Provincia,1342.0,31.7,293,32,630,58,90.9,0.157,0,0.313,Bajo,0,Bajo,0.0119,0.8275,0.1606,0.8275
TR-00812,-34.8417425006923,-58.4723048466343,Provincia,1278.0,32.5,349,6,315,70,118.5,0.409,2,0.274,Medio,1,Medio,0.1078,0.0624,0.8298,0.8298
TR-00813,-34.9201947349736,-58.6780435879958,Provincia,8021.0,32.4,181,14,630,47,62.2,0.107,0,0.2,Bajo,0,Bajo,0.0168,0.9079,0.0753,0.9079
TR-00814,-34.9119277644181,-58.7205847676166,Provincia,7179.0,32.0,219,16,160,110,153.3,1.041,0,0.324,Medio,1,Medio,0.1265,0.2095,0.664,0.664
TR-00815,-34.7046086899288,-58.2688527844393,Provincia,7711.0,33.7,146,16,315,148,158.8,0.548,0,0.241,Bajo,0,Bajo,0.0289,0.8772,0.0939,0.8772
TR-00816,-34.7071756310488,-58.4647620025007,CABA,15590.0,32.8,130,13,160,238,343.6,2.334,1,0.439,Medio,1,Medio,0.2863,0.1718,0.542,0.542
TR-00817,-34.8329765299886,-58.2552327262832,Provincia,9193.0,29.0,328,13,160,108,112.7,0.766,2,0.317,Medio,1,Medio,0.1211,0.0542,0.8247,0.8247
TR-00818,-34.9065707697958,-58.6217824273041,Provincia,9998.0,36.2,339,12,800,141,228.5,0.31,2,0.393,Medio,1,Medio,0.0947,0.0903,0.815,0.815
TR-00819,-34.83795427258,-58.4034613256723,Provincia,8652.0,36.1,229,6,500,69,129.4,0.281,1,0.265,Bajo,0,Bajo,0.0154,0.8232,0.1614,0.8232
TR-00820,-34.7457069017277,-58.3294017455287,Provincia,6418.0,36.4,326,29,500,116,183.0,0.398,0,0.309,Medio,1,Medio,0.0289,0.0588,0.9123,0.9123
TR-00821,-34.8456541801699,-58.4977633575708,Provincia,877.0,28.8,55,12,400,10,13.8,0.038,1,0.179,Bajo,0,Bajo,0.0089,0.9073,0.0838,0.9073
TR-00822,-34.8158193815971,-58.2701120091878,Provincia,9508.0,34.7,239,18,400,170,273.1,0.742,2,0.401,Medio,1,Medio,0.1101,0.2187,0.6713,0.6713
TR-00823,-34.6957196181681,-58.2779365122838,Provincia,10865.0,35.9,498,12,500,188,355.3,0.772,0,0.406,Medio,1,Medio,0.2135,0.1273,0.6592,0.6592
TR-00824,-34.8370804860031,-58.4592193292058,Provincia,9134.0,30.4,255,12,630,126,194.4,0.335,0,0.225,Bajo,0,Bajo,0.0,0.9646,0.0354,0.9646
TR-00825,-34.9165183641102,-58.7018310554606,Provincia,4561.0,33.7,398,11,400,96,132.1,0.359,1,0.386,Medio,1,Medio,0.012,0.0778,0.9102,0.9102
TR-00826,-34.6787612977631,-58.2931686318511,Provincia,9221.0,33.3,230,3,500,133,180.6,0.393,0,0.251,Bajo,0,Bajo,0.0061,0.9422,0.0517,0.9422
TR-00827,-34.7813069231616,-58.4237664722903,Provincia,9782.0,39.6,450,13,315,151,253.1,0.873,2,0.472,Medio,1,Medio,0.4441,0.0355,0.5204,0.5204
TR-00828,-34.7445179959154,-58.3273847210886,Provincia,11876.0,39.9,172,11,1000,142,242.7,0.264,1,0.348,Medio,1,Medio,0.0371,0.3849,0.5781,0.5781
TR-00829,-34.8341743068971,-58.3804897158794,Provincia,4572.0,28.4,310,22,160,99,102.1,0.694,2,0.306,Medio,1,Medio,0.1391,0.082,0.7789,0.7789
TR-00830,-34.837381277765,-58.406125837943,Provincia,6521.0,41.7,189,6,315,66,125.8,0.434,0,0.31,Bajo,0,Bajo,0.0465,0.78,0.1735,0.78
TR-00831,-34.8322977261354,-58.1910266253426,Provincia,9442.0,30.8,287,10,800,96,142.7,0.194,0,0.14,Bajo,0,Bajo,0.0073,0.9228,0.0699,0.9228
TR-00832,-34.6573831021096,-58.3380485541451,CABA,19965.0,37.6,118,8,250,264,414.5,1.802,2,0.475,Alto,1,Alto,0.9585,0.0063,0.0352,0.9585
TR-00833,-34.8486934498218,-58.4714338770968,Provincia,3848.0,36.8,255,24,250,70,98.5,0.428,1,0.382,Medio,1,Medio,0.0669,0.4545,0.4786,0.4786
TR-00834,-34.8758322680409,-58.5009454190524,Provincia,8444.0,30.5,210,8,315,136,238.0,0.821,1,0.266,Bajo,0,Bajo,0.0318,0.6613,0.3069,0.6613
TR-00835,-34.8084289252983,-58.2139925832195,Provincia,8936.0,35.3,343,18,400,119,146.0,0.397,1,0.304,Medio,1,Medio,0.0459,0.0807,0.8734,0.8734
TR-00836,-34.8452876926778,-58.4970063350887,Provincia,7464.0,33.4,316,21,800,165,262.4,0.357,1,0.262,Medio,1,Medio,0.0008,0.1038,0.8954,0.8954
TR-00837,-34.8383424711321,-58.4472449332442,Provincia,7859.0,35.5,185,13,630,127,133.8,0.231,0,0.315,Bajo,0,Bajo,0.0033,0.9144,0.0823,0.9144
TR-00838,-34.8423794681316,-58.4994229345678,Provincia,6424.0,34.4,183,4,400,111,128.9,0.35,1,0.263,Bajo,0,Bajo,0.0106,0.9119,0.0774,0.9119
TR-00839,-34.8088310499977,-58.3518052507797,Provincia,11635.0,37.5,165,4,1000,172,397.6,0.432,0,0.231,Bajo,0,Bajo,0.0858,0.5842,0.33,0.5842
TR-00840,-34.8096083940995,-58.1957433790083,Provincia,4498.0,33.9,150,20,500,108,160.6,0.349,1,0.298,Bajo,0,Bajo,0.0203,0.8324,0.1473,0.8324
TR-00841,-34.8460794475868,-58.4986217553895,Provincia,5438.0,33.2,354,5,630,108,144.4,0.249,1,0.342,Medio,1,Medio,0.0133,0.0691,0.9176,0.9176
TR-00842,-34.6691548211729,-58.3395733746649,CABA,14625.0,38.0,136,17,315,214,362.2,1.25,0,0.406,Alto,1,Alto,0.8734,0.0495,0.0771,0.8734
TR-00843,-34.8353650475033,-58.4007714057681,Provincia,9837.0,35.6,298,15,400,165,161.8,0.44,0,0.198,Bajo,0,Bajo,0.0325,0.6328,0.3347,0.6328
TR-00844,-34.7347502202773,-58.2844437858987,Provincia,2708.0,36.0,202,17,160,16,24.4,0.166,0,0.349,Medio,1,Bajo,0.0565,0.6134,0.3301,0.6134
TR-00845,-34.7516444956363,-58.238512175492,Provincia,3269.0,31.6,392,17,160,23,30.6,0.208,0,0.179,Medio,1,Medio,0.0315,0.1129,0.8556,0.8556
TR-00846,-34.7272357726926,-58.2898958156901,Provincia,1087.0,30.4,553,7,500,40,59.4,0.129,1,0.257,Medio,1,Medio,0.0138,0.1137,0.8725,0.8725
TR-00847,-34.8451177235689,-58.5026173836323,Provincia,7298.0,31.9,46,7,250,111,137.2,0.597,1,0.184,Bajo,0,Bajo,0.0201,0.8589,0.121,0.8589
TR-00848,-34.7460393410654,-58.2333338335063,Provincia,3845.0,31.7,171,19,400,89,132.3,0.36,0,0.193,Bajo,0,Bajo,0.0028,0.9465,0.0507,0.9465
TR-00849,-34.8411994626336,-58.4889556663974,Provincia,6046.0,36.2,200,10,500,101,139.0,0.302,1,0.301,Bajo,0,Bajo,0.0274,0.8255,0.1471,0.8255
TR-00850,-34.7592116263956,-58.3329446931632,Provincia,9184.0,36.8,233,1,160,153,204.7,1.391,3,0.401,Alto,1,Alto,0.9468,0.0077,0.0456,0.9468
TR-00851,-34.6901938022838,-58.3113836441613,Provincia,5275.0,33.2,226,19,400,61,107.4,0.292,0,0.24,Bajo,0,Bajo,0.0149,0.9348,0.0503,0.9348
TR-00852,-34.8356944187069,-58.3838028432352,Provincia,7894.0,38.3,132,7,500,123,204.0,0.443,1,0.35,Medio,1,Bajo,0.0419,0.5701,0.3881,0.5701
TR-00853,-34.729289309805,-58.288355924412,Provincia,6302.0,38.1,558,17,800,71,96.6,0.131,1,0.365,Medio,1,Medio,0.0112,0.0433,0.9455,0.9455
TR-00854,-34.6747110612143,-58.2985741004376,Provincia,9216.0,34.5,230,24,315,148,192.6,0.665,1,0.304,Bajo,0,Medio,0.012,0.4777,0.5104,0.5104
TR-00855,-35.0033069547832,-58.7183764242643,Provincia,8625.0,31.1,315,14,1000,85,103.0,0.112,1,0.234,Medio,1,Medio,0.0078,0.0569,0.9353,0.9353
TR-00856,-34.6975375945348,-58.4562695256191,CABA,14549.0,39.5,149,21,630,211,347.8,0.6,1,0.374,Medio,1,Medio,0.1238,0.2515,0.6247,0.6247
TR-00857,-34.6950025480227,-58.4540502531178,CABA,15678.0,34.3,280,15,500,179,221.1,0.481,0,0.258,Bajo,0,Bajo,0.0041,0.8181,0.1778,0.8181
TR-00858,-34.655292832813,-58.3372631028227,CABA,15987.0,34.9,189,25,315,210,314.7,1.086,1,0.356,Medio,1,Medio,0.3277,0.164,0.5084,0.5084
TR-00859,-34.8357051769849,-58.440651777758,Provincia,8380.0,32.6,354,7,500,151,171.8,0.373,0,0.257,Medio,1,Medio,0.0027,0.0803,0.917,0.917
TR-00860,-34.9907677614869,-58.7071138168983,Provincia,3009.0,30.9,463,14,630,71,91.3,0.158,2,0.332,Medio,1,Medio,0.0536,0.0794,0.867,0.867
TR-00861,-34.8159965271184,-58.1981056334966,Provincia,9167.0,29.0,218,19,315,97,131.4,0.453,1,0.204,Bajo,0,Bajo,0.0192,0.8571,0.1236,0.8571
TR-00862,-34.825415475702,-58.380659656898,Provincia,3946.0,35.7,128,13,1000,59,119.7,0.13,0,0.188,Bajo,0,Bajo,0.0009,0.9505,0.0486,0.9505
TR-00863,-34.7242030564508,-58.2868278532501,Provincia,11438.0,31.2,192,22,800,128,154.2,0.21,0,0.214,Bajo,0,Bajo,0.0027,0.9029,0.0944,0.9029
TR-00864,-34.9299313954103,-58.6164345659477,Provincia,10272.0,43.0,214,11,400,109,204.6,0.556,1,0.38,Medio,1,Medio,0.0789,0.4049,0.5161,0.5161
TR-00865,-34.7984316503666,-58.219668151638,Provincia,8070.0,30.2,210,28,500,128,294.7,0.641,0,0.269,Bajo,0,Bajo,0.0365,0.7234,0.2401,0.7234
TR-00866,-34.9229224635368,-58.6374113326448,Provincia,7672.0,29.7,165,29,400,134,240.8,0.654,1,0.34,Medio,1,Medio,0.0407,0.4715,0.4878,0.4878
TR-00867,-34.6865889456987,-58.4467059901152,CABA,9802.0,36.1,205,16,630,157,210.4,0.363,0,0.274,Bajo,0,Bajo,0.045,0.683,0.272,0.683
TR-00868,-34.8309809325158,-58.4441018327316,Provincia,9236.0,38.6,145,18,630,154,204.4,0.353,0,0.258,Bajo,0,Bajo,0.035,0.7059,0.2591,0.7059
TR-00869,-34.7128254139959,-58.2475786428269,Provincia,6088.0,33.9,193,22,160,101,147.6,1.003,2,0.419,Medio,1,Medio,0.2079,0.1287,0.6634,0.6634
TR-00870,-34.7174930235784,-58.2945621280046,Provincia,7907.0,35.5,351,6,160,116,179.7,1.221,0,0.359,Medio,1,Medio,0.2478,0.0474,0.7048,0.7048
TR-00871,-34.8274726598502,-58.4303011913888,Provincia,9816.0,27.8,412,5,315,119,154.1,0.532,0,0.195,Medio,1,Medio,0.0727,0.1009,0.8264,0.8264
TR-00872,-34.8193316380785,-58.2862451225409,Provincia,5515.0,31.5,268,23,800,84,114.4,0.155,1,0.281,Bajo,0,Bajo,0.0019,0.8917,0.1064,0.8917
TR-00873,-34.6730812350061,-58.3342481832822,CABA,17035.0,31.1,161,16,315,199,347.3,1.198,0,0.315,Bajo,0,Bajo,0.2024,0.4136,0.3841,0.4136
TR-00874,-34.8297999186669,-58.4446984028966,Provincia,3617.0,27.6,198,12,800,51,57.3,0.078,0,0.122,Bajo,0,Bajo,0.0038,0.9672,0.029,0.9672
TR-00875,-34.7517900446623,-58.2611169587504,Provincia,4007.0,34.1,84,14,400,79,147.2,0.4,0,0.22,Bajo,0,Bajo,0.0087,0.9008,0.0905,0.9008
TR-00876,-34.9158766304162,-58.7057157786311,Provincia,1715.0,26.5,467,1,315,47,65.3,0.225,0,0.223,Medio,1,Medio,0.0213,0.1036,0.8751,0.8751
TR-00877,-34.8321280161174,-58.4884123014882,Provincia,9389.0,29.5,184,13,800,217,227.5,0.309,1,0.25,Bajo,0,Bajo,0.0092,0.8934,0.0973,0.8934
TR-00878,-34.7095659984668,-58.4670773397741,CABA,13727.0,32.8,443,9,400,159,297.4,0.808,1,0.38,Medio,1,Medio,0.111,0.1075,0.7815,0.7815
TR-00879,-34.834862458192,-58.4053699680799,Provincia,11476.0,31.0,399,20,315,162,182.2,0.629,1,0.333,Medio,1,Medio,0.0435,0.0656,0.8909,0.8909
TR-00880,-35.0171377785896,-58.7140320611149,Provincia,2322.0,35.0,526,21,160,21,39.1,0.266,1,0.338,Medio,1,Medio,0.0381,0.078,0.8838,0.8838
TR-00881,-34.9505694940209,-58.1917108719461,Provincia,9375.0,34.7,369,18,250,131,198.1,0.861,1,0.43,Medio,1,Medio,0.0976,0.0641,0.8382,0.8382
TR-00882,-34.8301160107975,-58.2573118853547,Provincia,11466.0,36.6,209,17,250,157,245.4,1.067,2,0.442,Alto,1,Alto,0.9879,0.0009,0.0112,0.9879
TR-00883,-34.9058714476785,-58.6186640287185,Provincia,5830.0,36.1,322,4,315,120,124.2,0.429,3,0.368,Alto,1,Alto,0.9235,0.013,0.0635,0.9235
TR-00884,-34.7022473935342,-58.460393416788,CABA,10398.0,38.2,149,18,400,142,222.5,0.605,0,0.315,Bajo,0,Bajo,0.0543,0.6072,0.3385,0.6072
TR-00885,-34.7875450260359,-58.4190381261429,Provincia,1176.0,33.7,183,18,315,38,52.0,0.179,0,0.192,Bajo,0,Bajo,0.0265,0.8831,0.0904,0.8831
TR-00886,-34.8373024549842,-58.4857088856137,Provincia,8000.0,34.7,118,23,160,113,110.0,0.747,1,0.374,Medio,1,Medio,0.0378,0.2918,0.6703,0.6703
TR-00887,-34.7404242125072,-58.2803468026036,Provincia,4009.0,35.3,166,29,315,42,61.8,0.213,0,0.301,Bajo,0,Bajo,0.0292,0.7655,0.2052,0.7655
TR-00888,-34.918295358137,-58.6897497871764,Provincia,7799.0,34.2,312,2,400,106,122.3,0.332,1,0.276,Medio,1,Medio,0.0163,0.0766,0.9071,0.9071
TR-00889,-34.8297116523802,-58.2085231197213,Provincia,2516.0,32.4,212,11,1000,49,79.1,0.086,0,0.184,Bajo,0,Bajo,0.008,0.9444,0.0477,0.9444
TR-00890,-34.8214785476343,-58.2845797674398,Provincia,8829.0,32.6,244,9,315,136,176.7,0.61,0,0.222,Bajo,0,Bajo,0.013,0.9141,0.0729,0.9141
TR-00891,-34.8301720759689,-58.4454646535349,Provincia,10274.0,31.1,336,15,250,165,195.3,0.849,0,0.214,Medio,1,Medio,0.0339,0.1022,0.8639,0.8639
TR-00892,-34.9308342309812,-58.6098274432239,Provincia,4850.0,35.0,164,14,400,81,117.6,0.32,1,0.231,Bajo,0,Bajo,0.0399,0.84,0.1201,0.84
TR-00893,-34.7458198731689,-58.2652460145177,Provincia,3789.0,33.4,238,12,800,68,106.7,0.145,0,0.187,Bajo,0,Bajo,0.0002,0.9654,0.0344,0.9654
TR-00894,-34.744395696817,-58.4653083708303,Provincia,732.0,31.6,197,21,630,10,15.5,0.027,0,0.162,Bajo,0,Bajo,0.0088,0.9426,0.0486,0.9426
TR-00895,-34.9280101644464,-58.523930348065,Provincia,6401.0,31.6,508,6,630,119,166.7,0.288,0,0.257,Medio,1,Medio,0.0159,0.0934,0.8907,0.8907
TR-00896,-34.9342976675701,-58.5694007339627,Provincia,5455.0,29.8,363,7,800,77,99.3,0.135,0,0.207,Medio,1,Medio,0.0,0.0893,0.9107,0.9107
TR-00897,-34.7531019667437,-58.2611223633036,Provincia,2547.0,36.8,212,7,500,78,101.5,0.221,0,0.242,Bajo,0,Bajo,0.0246,0.7997,0.1757,0.7997
TR-00898,-34.7853689487608,-58.315387702563,Provincia,8559.0,34.0,207,11,1000,164,170.7,0.186,0,0.265,Bajo,0,Bajo,0.0,0.8969,0.1031,0.8969
TR-00899,-34.8957416358563,-58.507553247203,Provincia,5850.0,30.9,534,5,160,94,113.6,0.772,1,0.303,Medio,1,Medio,0.0516,0.0696,0.8788,0.8788
TR-00900,-34.8365171426032,-58.3856127937256,Provincia,3973.0,36.3,514,14,630,51,84.9,0.146,0,0.313,Medio,1,Medio,0.0036,0.0733,0.9231,0.9231
TR-00901,-34.6859295713948,-58.3000317279958,Provincia,5536.0,31.9,311,13,630,95,146.0,0.252,0,0.222,Medio,1,Medio,0.0066,0.0915,0.9019,0.9019
TR-00902,-34.6686126335867,-58.3175113061741,Provincia,10414.0,29.2,249,8,800,162,280.4,0.381,0,0.213,Bajo,0,Bajo,0.0059,0.9105,0.0837,0.9105
TR-00903,-34.8164433445865,-58.2887761355599,Provincia,9009.0,37.0,133,20,400,128,249.8,0.679,0,0.321,Medio,1,Medio,0.1011,0.4272,0.4717,0.4717
TR-00904,-34.8227891753142,-58.3687798543757,Provincia,6810.0,32.0,167,14,630,96,120.7,0.208,0,0.196,Bajo,0,Bajo,0.0001,0.978,0.0219,0.978
TR-00905,-34.8259167623575,-58.3815676808751,Provincia,9057.0,32.4,128,21,250,151,211.2,0.918,0,0.226,Bajo,0,Bajo,0.0206,0.6608,0.3186,0.6608
TR-00906,-34.9215670843896,-58.5052939894454,Provincia,3717.0,33.8,406,13,400,86,96.3,0.262,0,0.239,Medio,1,Medio,0.0133,0.079,0.9077,0.9077
TR-00907,-34.7308972940719,-58.281839075866,Provincia,7297.0,37.4,134,14,315,107,189.0,0.652,1,0.379,Medio,1,Medio,0.0322,0.2545,0.7132,0.7132
TR-00908,-34.7107095211141,-58.2982562229407,Provincia,7642.0,33.8,206,10,400,79,130.7,0.355,0,0.156,Bajo,0,Bajo,0.0249,0.9047,0.0704,0.9047
TR-00909,-34.9147859620517,-58.7139032862838,Provincia,5790.0,29.9,92,14,500,109,160.8,0.35,0,0.21,Bajo,0,Bajo,0.0142,0.8926,0.0932,0.8926
TR-00910,-34.708965256984,-58.2962627636938,Provincia,8506.0,35.4,112,19,315,111,146.6,0.506,0,0.288,Bajo,0,Bajo,0.0439,0.7212,0.2349,0.7212
TR-00911,-34.8234389021192,-58.4062625950245,Provincia,4859.0,32.1,343,11,250,92,139.1,0.605,1,0.277,Medio,1,Medio,0.0517,0.0598,0.8885,0.8885
TR-00912,-34.7054700491608,-58.2652945324946,Provincia,8729.0,39.7,289,18,315,137,198.0,0.683,2,0.428,Medio,1,Medio,0.1922,0.1182,0.6896,0.6896
TR-00913,-34.7402441435573,-58.2751468277176,Provincia,8856.0,33.7,253,8,500,87,135.9,0.295,0,0.292,Bajo,0,Bajo,0.0032,0.9452,0.0516,0.9452
TR-00914,-34.9188364296515,-58.6864201131885,Provincia,500.0,26.5,207,19,500,37,44.4,0.097,0,0.179,Bajo,0,Bajo,0.0119,0.8816,0.1065,0.8816
TR-00915,-34.7170478689133,-58.2989170380386,Provincia,10771.0,34.8,105,10,500,170,327.4,0.712,1,0.291,Bajo,0,Medio,0.0539,0.3953,0.5507,0.5507
TR-00916,-34.8471034445708,-58.4878938455717,Provincia,500.0,39.9,194,20,250,51,116.3,0.506,1,0.392,Medio,1,Bajo,0.0779,0.5372,0.3849,0.5372
TR-00917,-34.780330032595,-58.3186962479253,Provincia,5352.0,38.7,232,14,630,96,135.6,0.234,1,0.312,Bajo,0,Bajo,0.0117,0.6674,0.321,0.6674
TR-00918,-34.6981125779302,-58.2436228422647,Provincia,10276.0,39.6,332,25,500,102,209.9,0.456,1,0.427,Medio,1,Medio,0.0418,0.0423,0.9159,0.9159
TR-00919,-34.6613310136563,-58.3262003813791,CABA,19272.0,31.2,164,6,160,290,217.9,1.48,1,0.309,Bajo,0,Medio,0.2616,0.2403,0.4981,0.4981
TR-00920,-34.7607430077398,-58.2541789265301,Provincia,2801.0,36.6,348,4,315,73,129.3,0.446,2,0.362,Medio,1,Medio,0.1541,0.042,0.8039,0.8039
TR-00921,-34.7471417815829,-58.1941859831179,Provincia,3919.0,31.4,289,10,400,46,44.1,0.12,1,0.291,Bajo,0,Bajo,0.0288,0.8389,0.1323,0.8389
TR-00922,-34.9531614700223,-58.6960118485853,Provincia,10281.0,34.4,252,4,315,132,192.4,0.664,1,0.297,Bajo,0,Bajo,0.0509,0.6322,0.317,0.6322
TR-00923,-34.6992676596226,-58.4577768544307,CABA,14917.0,30.4,128,4,250,212,217.3,0.945,2,0.252,Bajo,0,Bajo,0.0782,0.6364,0.2855,0.6364
TR-00924,-34.8622562595472,-58.4203489433978,Provincia,10587.0,31.6,188,18,250,172,270.6,1.177,0,0.259,Bajo,0,Medio,0.1608,0.3523,0.4869,0.4869
TR-00925,-34.7223143529921,-58.2881927514478,Provincia,7035.0,31.5,262,14,160,101,190.3,1.293,3,0.44,Alto,1,Alto,0.7561,0.043,0.2009,0.7561
TR-00926,-34.9391664470955,-58.2061582490891,Provincia,3623.0,36.6,231,11,250,93,122.2,0.531,0,0.266,Bajo,0,Bajo,0.0528,0.6786,0.2686,0.6786
TR-00927,-34.7372575426199,-58.2772544917821,Provincia,5451.0,36.3,632,11,315,49,85.4,0.295,2,0.435,Medio,1,Medio,0.0752,0.054,0.8709,0.8709
TR-00928,-34.8345036627759,-58.4082202815911,Provincia,4148.0,34.6,279,10,630,52,61.2,0.106,1,0.209,Bajo,0,Bajo,0.0087,0.8427,0.1487,0.8427
TR-00929,-34.8188558193065,-58.419639045312,Provincia,9799.0,29.4,80,26,400,94,132.1,0.359,1,0.25,Bajo,0,Bajo,0.009,0.8812,0.1098,0.8812
TR-00930,-34.7512722355122,-58.2677082092435,Provincia,9397.0,32.7,202,9,400,118,173.4,0.471,2,0.261,Bajo,0,Bajo,0.0476,0.7204,0.232,0.7204
TR-00931,-34.8391675844114,-58.2358735123651,Provincia,2043.0,31.3,219,5,500,91,103.4,0.225,0,0.172,Bajo,0,Bajo,0.008,0.9606,0.0314,0.9606
TR-00932,-34.6918093201703,-58.294730983367,Provincia,5989.0,36.5,369,20,400,152,221.3,0.601,1,0.38,Medio,1,Medio,0.1335,0.0541,0.8123,0.8123
TR-00933,-34.7259316192696,-58.2908695137069,Provincia,4610.0,37.5,295,12,250,90,145.2,0.631,2,0.467,Medio,1,Medio,0.0951,0.1742,0.7307,0.7307
TR-00934,-34.8385672071647,-58.4627003493571,Provincia,11081.0,37.1,288,28,315,145,285.2,0.984,0,0.414,Alto,1,Alto,0.93,0.0218,0.0483,0.93
TR-00935,-34.8360137195716,-58.4071037157782,Provincia,3150.0,31.3,444,10,315,61,88.5,0.305,2,0.385,Medio,1,Medio,0.0772,0.0881,0.8347,0.8347
TR-00936,-34.6673693253284,-58.3190907555845,Provincia,12013.0,24.9,515,20,400,184,264.3,0.718,0,0.266,Medio,1,Medio,0.055,0.1099,0.835,0.835
TR-00937,-34.6631921892306,-58.3393012632319,CABA,10472.0,28.8,109,22,400,115,163.1,0.443,0,0.234,Bajo,0,Bajo,0.0049,0.8961,0.099,0.8961
TR-00938,-34.9186375863651,-58.6902762875887,Provincia,3714.0,38.2,210,10,315,59,93.1,0.321,0,0.276,Bajo,0,Bajo,0.068,0.7695,0.1625,0.7695
TR-00939,-34.8433342337601,-58.4930992527616,Provincia,5168.0,32.4,213,9,400,126,122.4,0.333,0,0.219,Bajo,0,Bajo,0.001,0.954,0.045,0.954
TR-00940,-34.8407305610001,-58.4973257203785,Provincia,4795.0,31.3,34,19,1000,60,74.6,0.081,0,0.196,Bajo,0,Bajo,0.0021,0.9304,0.0675,0.9304
TR-00941,-34.672787230211,-58.312207514302,Provincia,3376.0,39.0,418,18,315,50,120.3,0.415,0,0.404,Medio,1,Medio,0.0304,0.0574,0.9121,0.9121
TR-00942,-34.8277874495643,-58.4186376309821,Provincia,7484.0,37.7,212,4,400,118,176.6,0.48,1,0.334,Medio,1,Bajo,0.0379,0.6182,0.3439,0.6182
TR-00943,-34.8260195739113,-58.4951096033548,Provincia,3516.0,33.8,244,6,400,78,108.0,0.293,1,0.245,Bajo,0,Bajo,0.0169,0.9276,0.0554,0.9276
TR-00944,-34.8072751227067,-58.4075275583697,Provincia,659.0,32.8,200,1,500,21,34.3,0.075,0,0.153,Bajo,0,Bajo,0.0198,0.9052,0.075,0.9052
TR-00945,-34.933627353949,-58.5893691496682,Provincia,6061.0,33.3,146,18,500,103,221.3,0.481,0,0.284,Bajo,0,Bajo,0.0102,0.8699,0.1199,0.8699
TR-00946,-34.6647020962366,-58.3393711349458,CABA,13255.0,35.2,99,12,500,202,282.4,0.614,1,0.342,Medio,1,Medio,0.0463,0.3396,0.6141,0.6141
TR-00947,-34.8210654897633,-58.2837878464897,Provincia,4944.0,38.8,244,13,250,137,253.6,1.103,1,0.408,Alto,1,Alto,0.9569,0.0052,0.0378,0.9569
TR-00948,-34.8115287327771,-58.4161235099952,Provincia,4473.0,35.1,473,2,400,79,105.1,0.286,1,0.286,Medio,1,Medio,0.0031,0.0931,0.9038,0.9038
TR-00949,-34.8150652160832,-58.1987256090658,Provincia,4586.0,36.0,214,6,630,83,126.3,0.218,0,0.202,Bajo,0,Bajo,0.0243,0.8754,0.1004,0.8754
TR-00950,-34.8322086024511,-58.4398476027649,Provincia,13203.0,37.4,184,11,315,224,405.4,1.399,1,0.453,Alto,1,Alto,0.9878,0.0019,0.0103,0.9878
TR-00951,-34.6694097429155,-58.3391806960941,CABA,8468.0,30.8,260,9,1000,116,126.9,0.138,0,0.142,Bajo,0,Bajo,0.0071,0.931,0.0619,0.931
TR-00952,-34.7588975487289,-58.2730875629615,Provincia,7936.0,36.1,395,15,315,90,152.9,0.528,0,0.361,Medio,1,Medio,0.0323,0.0622,0.9056,0.9056
TR-00953,-34.6711004648133,-58.3366033430236,CABA,16171.0,33.6,123,18,400,228,380.5,1.034,2,0.397,Medio,1,Medio,0.2485,0.2411,0.5104,0.5104
TR-00954,-34.7645129636305,-58.3289378911239,Provincia,5238.0,25.6,230,30,400,118,169.6,0.461,1,0.211,Bajo,0,Bajo,0.0071,0.8441,0.1488,0.8441
TR-00955,-34.8326775151452,-58.4327797306064,Provincia,7846.0,26.9,345,14,400,131,179.0,0.486,0,0.248,Medio,1,Medio,0.0009,0.1224,0.8766,0.8766
TR-00956,-34.8343681190543,-58.2542211904491,Provincia,4126.0,30.4,193,22,630,76,111.7,0.193,0,0.146,Bajo,0,Bajo,0.0001,0.9656,0.0343,0.9656
TR-00957,-34.9248706313175,-58.6505525056885,Provincia,9924.0,35.4,260,8,250,111,161.1,0.7,0,0.351,Medio,1,Bajo,0.0811,0.4617,0.4573,0.4617
TR-00958,-34.6966555308089,-58.4554980069847,CABA,22350.0,34.9,218,2,400,294,495.4,1.346,1,0.379,Medio,1,Medio,0.3158,0.1271,0.5571,0.5571
TR-00959,-34.8487628046884,-58.4076814336611,Provincia,6341.0,34.3,204,12,400,135,165.7,0.45,1,0.215,Bajo,0,Bajo,0.0183,0.8117,0.17,0.8117
TR-00960,-34.7514331292213,-58.2665368438601,Provincia,5442.0,39.9,265,3,630,63,103.6,0.179,1,0.377,Medio,1,Medio,0.0139,0.3298,0.6562,0.6562
TR-00961,-34.8274243706191,-58.3815356679923,Provincia,7693.0,29.6,144,14,400,114,100.6,0.273,0,0.196,Bajo,0,Bajo,0.0,0.9809,0.0191,0.9809
TR-00962,-34.8188529965747,-58.368542566331,Provincia,5279.0,33.6,380,9,1000,82,95.0,0.103,0,0.219,Medio,1,Medio,0.0017,0.1044,0.894,0.894
TR-00963,-34.8345145211614,-58.2134210926614,Provincia,6387.0,34.7,205,1,630,88,138.7,0.239,0,0.169,Bajo,0,Bajo,0.0079,0.9064,0.0857,0.9064
TR-00964,-34.8190902904523,-58.4105842841365,Provincia,6492.0,31.3,372,26,315,112,152.5,0.526,0,0.24,Medio,1,Medio,0.0733,0.063,0.8637,0.8637
TR-00965,-34.6649288468192,-58.3221908238616,CABA,14375.0,34.6,421,10,630,211,330.5,0.57,1,0.431,Medio,1,Medio,0.1119,0.0899,0.7982,0.7982
TR-00966,-34.7439408320945,-58.2666180029545,Provincia,8655.0,28.6,204,3,800,143,228.1,0.31,1,0.141,Bajo,0,Bajo,0.0071,0.7923,0.2006,0.7923
TR-00967,-34.8416566623558,-58.504350166298,Provincia,7915.0,38.2,144,20,315,99,140.2,0.484,1,0.308,Bajo,0,Bajo,0.0415,0.5731,0.3854,0.5731
TR-00968,-34.8010708752868,-58.4086237350823,Provincia,6934.0,31.5,141,9,400,70,90.9,0.247,0,0.179,Bajo,0,Bajo,0.0028,0.9815,0.0157,0.9815
TR-00969,-34.9242980288234,-58.5130009757857,Provincia,5909.0,40.2,170,22,315,106,208.6,0.72,0,0.32,Medio,1,Medio,0.0842,0.2497,0.6661,0.6661
TR-00970,-34.8296812045178,-58.388733470003,Provincia,9590.0,33.6,161,9,500,131,154.4,0.336,0,0.177,Bajo,0,Bajo,0.0025,0.9573,0.0402,0.9573
TR-00971,-34.8309878561364,-58.4374146371126,Provincia,6492.0,37.0,145,10,250,152,274.5,1.193,2,0.458,Alto,1,Alto,0.9626,0.0064,0.031,0.9626
TR-00972,-34.764152302999,-58.1718446007272,Provincia,6280.0,33.5,252,16,500,151,245.4,0.533,1,0.324,Medio,1,Bajo,0.0432,0.5465,0.4103,0.5465
TR-00973,-34.8296881731415,-58.1989953564816,Provincia,7514.0,33.6,326,18,400,168,232.0,0.63,1,0.328,Medio,1,Medio,0.0309,0.0556,0.9135,0.9135
TR-00974,-34.7586277381764,-58.2722557703182,Provincia,12290.0,31.8,334,19,400,152,207.3,0.563,1,0.316,Medio,1,Medio,0.0121,0.0608,0.9271,0.9271
TR-00975,-34.7381371281823,-58.2200729288374,Provincia,3179.0,34.1,101,13,160,81,106.8,0.726,1,0.28,Bajo,0,Bajo,0.0437,0.6591,0.2972,0.6591
TR-00976,-34.8402167000006,-58.4966715917719,Provincia,9510.0,34.7,219,18,500,164,302.8,0.658,3,0.408,Alto,1,Alto,0.5314,0.2304,0.2383,0.5314
TR-00977,-34.6542551008675,-58.3368069422732,CABA,18366.0,32.0,330,19,400,267,513.0,1.394,1,0.38,Medio,1,Medio,0.2304,0.1168,0.6528,0.6528
TR-00978,-34.8413174989351,-58.4980729090039,Provincia,7852.0,33.3,448,15,500,114,171.4,0.373,1,0.308,Medio,1,Medio,0.0043,0.0667,0.929,0.929
TR-00979,-34.8189420857779,-58.2692524000817,Provincia,11925.0,31.7,223,13,315,203,257.3,0.888,1,0.287,Bajo,0,Bajo,0.0517,0.5862,0.3621,0.5862
TR-00980,-34.6757217308604,-58.3084787468589,Provincia,8666.0,41.1,242,4,250,132,224.2,0.975,0,0.357,Alto,1,Alto,0.7329,0.0558,0.2112,0.7329
TR-00981,-34.8420414026604,-58.5050808725316,Provincia,7712.0,33.4,120,18,400,124,166.4,0.452,0,0.274,Bajo,0,Bajo,0.0036,0.9421,0.0543,0.9421
TR-00982,-34.8270576743045,-58.4931256231174,Provincia,5519.0,38.6,168,14,800,56,105.1,0.143,0,0.299,Bajo,0,Bajo,0.0062,0.8272,0.1666,0.8272
TR-00983,-34.8361939109405,-58.3959397777007,Provincia,7293.0,33.1,116,11,315,132,196.0,0.676,0,0.204,Bajo,0,Bajo,0.0057,0.8642,0.1301,0.8642
TR-00984,-34.7625978398143,-58.3304140126143,Provincia,6444.0,34.5,259,23,500,99,125.0,0.272,2,0.31,Bajo,0,Bajo,0.043,0.7592,0.1978,0.7592
TR-00985,-35.0062736792365,-58.7174446892331,Provincia,4842.0,29.5,454,4,160,98,94.2,0.64,1,0.272,Medio,1,Medio,0.0643,0.0756,0.86,0.86
TR-00986,-34.8129297188677,-58.4150893583201,Provincia,6330.0,32.3,171,26,500,110,141.4,0.307,0,0.316,Bajo,0,Bajo,0.0001,0.9355,0.0644,0.9355
TR-00987,-34.834531185736,-58.4893125837284,Provincia,7795.0,34.4,224,14,315,126,117.2,0.404,0,0.221,Bajo,0,Bajo,0.0206,0.8586,0.1208,0.8586
TR-00988,-34.950510499868,-58.6982851203412,Provincia,4898.0,38.8,161,16,400,86,131.7,0.358,0,0.296,Bajo,0,Bajo,0.0603,0.776,0.1637,0.776
TR-00989,-34.7933431433443,-58.2147964732202,Provincia,4781.0,34.4,186,11,315,106,161.3,0.557,1,0.297,Bajo,0,Bajo,0.0208,0.7416,0.2376,0.7416
TR-00990,-34.9280280588528,-58.6303544180901,Provincia,3119.0,38.1,262,2,250,61,109.0,0.474,1,0.322,Medio,1,Bajo,0.0886,0.4652,0.4463,0.4652
TR-00991,-34.8422169945499,-58.4765348886419,Provincia,8372.0,35.8,550,13,315,92,210.4,0.726,0,0.362,Medio,1,Medio,0.0664,0.0723,0.8613,0.8613
TR-00992,-34.7891696329278,-58.2180896316252,Provincia,8836.0,38.9,444,16,315,148,204.0,0.704,1,0.48,Medio,1,Medio,0.2353,0.046,0.7187,0.7187
TR-00993,-34.7418713509077,-58.2792905893653,Provincia,7895.0,33.5,503,19,400,103,210.1,0.571,1,0.391,Medio,1,Medio,0.0378,0.0612,0.901,0.901
TR-00994,-34.7955040596797,-58.3080683723354,Provincia,10096.0,41.3,374,13,1000,116,240.0,0.261,1,0.429,Medio,1,Medio,0.0707,0.0606,0.8686,0.8686
TR-00995,-34.8169636372144,-58.270492866744,Provincia,7464.0,32.1,223,1,400,92,134.7,0.366,0,0.207,Bajo,0,Bajo,0.0043,0.9577,0.038,0.9577
TR-00996,-34.8208589578904,-58.372118652256,Provincia,8376.0,31.2,208,3,800,136,147.6,0.201,0,0.19,Bajo,0,Bajo,0.0,0.9391,0.0609,0.9391
TR-00997,-34.8380997972346,-58.493975289224,Provincia,8112.0,29.8,171,28,400,123,187.8,0.51,0,0.29,Bajo,0,Bajo,0.0,0.8742,0.1258,0.8742
TR-00998,-34.8303721611866,-58.4445541897289,Provincia,6925.0,41.2,61,6,250,58,120.0,0.522,2,0.423,Medio,1,Medio,0.1061,0.4329,0.461,0.461
TR-00999,-34.695340540614,-58.2487408917054,Provincia,5608.0,36.3,221,24,315,86,134.5,0.464,0,0.397,Medio,1,Medio,0.0196,0.4152,0.5652,0.5652
TR-01000,-34.8313783931275,-58.4382052313736,Provincia,13842.0,32.6,457,7,400,223,213.3,0.58,1,0.364,Medio,1,Medio,0.0192,0.0708,0.91,0.91
