tipo,geojson,geom
Alineacion AT,"{""type"":""Point"",""coordinates"":[-58.4357700877657,-34.8301754553104]}",0101000020E6100000B2C37150C7374DC000407730436A41C0
Alineacion AT,"{""type"":""Point"",""coordinates"":[-58.4350065383824,-34.8297982521268]}",0101000020E6100000FEF2534BAE374DC0D39441D4366A41C0
Alineacion AT,"{""type"":""Point"",""coordinates"":[-58.4342588268248,-34.829428865151]}",0101000020E6100000199B11CB95374DC04E179DB92A6A41C0
Alineacion AT,"{""type"":""Point"",""coordinates"":[-58.4876513639293,-34.8342626970164]}",0101000020E61000008EF6215C6B3E4DC0A1FABB1EC96A41C0
Alineacion AT,"{""type"":""Point"",""coordinates"":[-58.4870125393664,-34.8348824399415]}",0101000020E610000005A9486D563E4DC0DBC6836DDD6A41C0
Alineacion AT,"{""type"":""Point"",""coordinates"":[-58.4863933648686,-34.8354832593208]}",0101000020E61000000A8D4523423E4DC0AE918D1DF16A41C0
Alineacion AT,"{""type"":""Point"",""coordinates"":[-58.4327797306064,-34.8326775151452]}",0101000020E6100000C5A9825365374DC0DDD4432D956A41C0
Alineacion AT,"{""type"":""Point"",""coordinates"":[-58.4334553024146,-34.8330137656948]}",0101000020E610000003139E767B374DC07163F031A06A41C0
Alineacion AT,"{""type"":""Point"",""coordinates"":[-58.4341308798013,-34.8333500126195]}",0101000020E61000001677C59991374DC037299536AB6A41C0
Alineacion AT,"{""type"":""Point"",""coordinates"":[-58.434961791518,-34.8337635634208]}",0101000020E610000023CAF6D3AC374DC08FBEB2C3B86A41C0
Alineacion AT,"{""type"":""Point"",""coordinates"":[-58.4357655756498,-34.8341636034122]}",0101000020E6100000BC11982AC7374DC0A1157ADFC56A41C0
Alineacion AT,"{""type"":""Point"",""coordinates"":[-58.436600246942,-34.8345790062034]}",0101000020E610000048055384E2374DC037C9207CD36A41C0
Alineacion AT,"{""type"":""Point"",""coordinates"":[-58.4374105974028,-34.8349822955565]}",0101000020E610000066620912FD374DC0C2132AB3E06A41C0
Alineacion AT,"{""type"":""Point"",""coordinates"":[-58.4382246989318,-34.8353874424148]}",0101000020E6100000191B37BF17384DC09354C8F9ED6A41C0
Alineacion AT,"{""type"":""Point"",""coordinates"":[-58.4391305133823,-34.8358382203251]}",0101000020E610000085D3BC6D35384DC088852EBFFC6A41C0
Alineacion AT,"{""type"":""Point"",""coordinates"":[-58.4305008048299,-34.8343011294756]}",0101000020E6100000B8D27EA61A374DC0850E2161CA6A41C0
Alineacion AT,"{""type"":""Point"",""coordinates"":[-58.4314668852955,-34.8329398589972]}",0101000020E61000005ED3904E3A374DC0C9F6F6C59D6A41C0
Alineacion AT,"{""type"":""Point"",""coordinates"":[-58.4309866093452,-34.833616605992]}",0101000020E61000006C13B8912A374DC0AB11EEF2B36A41C0
Alineacion AT,"{""type"":""Point"",""coordinates"":[-58.4228025016829,-34.8315584150604]}",0101000020E610000094B272641E364DC0ECB29281706A41C0
Alineacion AT,"{""type"":""Point"",""coordinates"":[-58.4235977508145,-34.8319543603899]}",0101000020E61000002C347B7338364DC0D0D1007B7D6A41C0
Alineacion AT,"{""type"":""Point"",""coordinates"":[-58.4243930077053,-34.8323503006982]}",0101000020E6100000685F948252364DC0402864748A6A41C0
Alineacion AT,"{""type"":""Point"",""coordinates"":[-58.4251910791646,-34.8327476333894]}",0101000020E61000000DC849A96C364DC04A9D7579976A41C0
Alineacion AT,"{""type"":""Point"",""coordinates"":[-58.4259891584377,-34.8331449610324]}",0101000020E610000063F80FD086364DC00F3B7C7EA46A41C0
Alineacion AT,"{""type"":""Point"",""coordinates"":[-58.4267844386171,-34.8335408862396]}",0101000020E6100000AB265BDFA0364DC09923BF77B16A41C0
Alineacion AT,"{""type"":""Point"",""coordinates"":[-58.4275703701751,-34.8339321485654]}",0101000020E610000005523AA0BA364DC0EA95E449BE6A41C0
Alineacion AT,"{""type"":""Point"",""coordinates"":[-58.4283563093001,-34.834323405995]}",0101000020E610000053BD2961D4364DC09C84FF1BCB6A41C0
Alineacion AT,"{""type"":""Point"",""coordinates"":[-58.4291422559924,-34.8347146585104]}",0101000020E6100000D1682922EE364DC0A7E50FEED76A41C0
Alineacion AT,"{""type"":""Point"",""coordinates"":[-58.4208245179765,-34.832475253105]}",0101000020E61000003408EB93DD354DC06168918C8E6A41C0
Alineacion AT,"{""type"":""Point"",""coordinates"":[-58.4213566530043,-34.8317454882169]}",0101000020E6100000844DCA03EF354DC05B3EDBA2766A41C0
Alineacion AT,"{""type"":""Point"",""coordinates"":[-58.4162092048116,-34.8309581014685]}",0101000020E6100000E07ADD5746354DC0A913C7D55C6A41C0
Alineacion AT,"{""type"":""Point"",""coordinates"":[-58.4170231455256,-34.8313947427402]}",0101000020E610000092DAB10361354DC05A1197246B6A41C0
Alineacion AT,"{""type"":""Point"",""coordinates"":[-58.4179529195957,-34.831902061091]}",0101000020E61000003677347B7F354DC030EE48C47B6A41C0
Alineacion AT,"{""type"":""Point"",""coordinates"":[-58.4186861084799,-34.8322532819251]}",0101000020E6100000FB9AA38197354DC0B6ED8946876A41C0
Alineacion AT,"{""type"":""Point"",""coordinates"":[-58.419505152576,-34.8326777519739]}",0101000020E6100000A6684758B2354DC0D66A402F956A41C0
Alineacion AT,"{""type"":""Point"",""coordinates"":[-58.411837973039,-34.8333579689405]}",0101000020E61000000EBA501BB7344DC0F43A5379AB6A41C0
Alineacion AT,"{""type"":""Point"",""coordinates"":[-58.4124833378134,-34.8328400243448]}",0101000020E6100000D9060741CC344DC033AE7D809A6A41C0
Alineacion AT,"{""type"":""Point"",""coordinates"":[-58.4131913904095,-34.8322249664604]}",0101000020E61000001A669A74E3344DC05BEE0259866A41C0
Alineacion AT,"{""type"":""Point"",""coordinates"":[-58.4138424613468,-34.831669500391]}",0101000020E61000001E972ECAF8344DC044A16C25746A41C0
Alineacion AT,"{""type"":""Point"",""coordinates"":[-58.4026746993851,-34.8352614071249]}",0101000020E6100000896434D88A334DC0349B85D8E96A41C0
Alineacion AT,"{""type"":""Point"",""coordinates"":[-58.4035609209948,-34.8351302372123]}",0101000020E6100000DDCE5EE2A7334DC0235D308CE56A41C0
Alineacion AT,"{""type"":""Point"",""coordinates"":[-58.4044654458668,-34.8349963511079]}",0101000020E6100000112E1386C5334DC0D2241229E16A41C0
Alineacion AT,"{""type"":""Point"",""coordinates"":[-58.4053699680799,-34.834862458192]}",0101000020E61000008BD7C129E3334DC0DD4BE5C5DC6A41C0
Alineacion AT,"{""type"":""Point"",""coordinates"":[-58.4062712571943,-34.8347290366778]}",0101000020E6100000277A51B200344DC0C4C6AC66D86A41C0
Alineacion AT,"{""type"":""Point"",""coordinates"":[-58.4071757740656,-34.8345951301632]}",0101000020E6100000EFAAF4551E344DC0D6B96203D46A41C0
Alineacion AT,"{""type"":""Point"",""coordinates"":[-58.3994924666778,-34.8357240673213]}",0101000020E61000008EB0B39122334DC0FFCF9801F96A41C0
Alineacion AT,"{""type"":""Point"",""coordinates"":[-58.3880135068913,-34.8366600091176]}",0101000020E61000008A40356DAA314DC00384D8AC176B41C0
Alineacion AT,"{""type"":""Point"",""coordinates"":[-58.3881077384838,-34.8358821478745]}",0101000020E61000006B0EAE83AD314DC03737AC2FFE6A41C0
Alineacion AT,"{""type"":""Point"",""coordinates"":[-58.2268233851595,-34.7775641708088]}",0101000020E6100000349D768C081D4DC027150639876341C0
Alineacion AT,"{""type"":""Point"",""coordinates"":[-58.2274367802426,-34.7765752568667]}",0101000020E61000005186FEA51C1D4DC0099069D1666341C0
Alineacion AT,"{""type"":""Point"",""coordinates"":[-58.2281115186534,-34.7755239155264]}",0101000020E61000008A3A1CC2321D4DC0D4391F5E446341C0
Alineacion AT,"{""type"":""Point"",""coordinates"":[-58.2287299664005,-34.7745603145554]}",0101000020E610000017A70606471D4DC0BFE5D9CA246341C0
Alineacion AT,"{""type"":""Point"",""coordinates"":[-58.3847370836823,-34.8370637752565]}",0101000020E6100000A8FC93103F314DC051B2E1E7246B41C0
Alineacion AT,"{""type"":""Point"",""coordinates"":[-58.3857848044399,-34.8375064274605]}",0101000020E6100000752E7F6561314DC0F4101E69336B41C0
Alineacion AT,"{""type"":""Point"",""coordinates"":[-58.3535017043363,-34.8097788747126]}",0101000020E6100000329A398B3F2D4DC0F2F08BD5A66741C0
Alineacion AT,"{""type"":""Point"",""coordinates"":[-58.3526550534808,-34.8093036696331]}",0101000020E610000014BC00CD232D4DC0B2CD3C43976741C0
Alineacion AT,"{""type"":""Point"",""coordinates"":[-58.3879095385842,-34.8294468677266]}",0101000020E610000042030F05A7314DC0E053A1502B6A41C0
Alineacion AT,"{""type"":""Point"",""coordinates"":[-58.3802079222225,-34.8361240658901]}",0101000020E610000017D037A7AA304DC0C632071D066B41C0
Alineacion AT,"{""type"":""Point"",""coordinates"":[-58.4016133108175,-34.8283188772394]}",0101000020E6100000B5CCA11068334DC086335C5A066A41C0
Alineacion AT,"{""type"":""Point"",""coordinates"":[-58.4062625950245,-34.8234389021192]}",0101000020E6100000F79BA76900344DC0996D2972666941C0
Alineacion AT,"{""type"":""Point"",""coordinates"":[-58.4052452268135,-34.8248634829122]}",0101000020E61000001B035A13DF334DC0E3626920956941C0
Alineacion AT,"{""type"":""Point"",""coordinates"":[-58.4047719553574,-34.8254876247397]}",0101000020E6100000924C4391CF334DC044C11794A96941C0
Alineacion AT,"{""type"":""Point"",""coordinates"":[-58.4037126347275,-34.8269323247049]}",0101000020E6100000819109DBAC334DC06B4E1DEBD86941C0
Alineacion AT,"{""type"":""Point"",""coordinates"":[-58.4031922798751,-34.8276307693492]}",0101000020E61000001708FCCD9B334DC059C217CEEF6941C0
Alineacion AT,"{""type"":""Point"",""coordinates"":[-58.4027048065066,-34.8282905062753]}",0101000020E6100000A3F1C2D48B334DC019055E6C056A41C0
Alineacion AT,"{""type"":""Point"",""coordinates"":[-58.4042293880181,-34.8262351918916]}",0101000020E61000005CCFE0C9BD334DC048FD2313C26941C0
Alineacion AT,"{""type"":""Point"",""coordinates"":[-58.4166213519615,-34.8276710265108]}",0101000020E6100000B9BE34D953354DC0F25ACB1FF16941C0
Alineacion AT,"{""type"":""Point"",""coordinates"":[-58.4157889684977,-34.8272612675285]}",0101000020E61000001EDEAA9238354DC028A47CB2E36941C0
Alineacion AT,"{""type"":""Point"",""coordinates"":[-58.4150571028279,-34.8269005275763]}",0101000020E61000001F4F559720354DC0237E61E0D76941C0
Alineacion AT,"{""type"":""Point"",""coordinates"":[-58.4143126570784,-34.8265331389712]}",0101000020E61000003B3C783208354DC0817880D6CB6941C0
Alineacion AT,"{""type"":""Point"",""coordinates"":[-58.4135357902871,-34.8261598116101]}",0101000020E61000001981A3BDEE344DC03F11CE9ABF6941C0
Alineacion AT,"{""type"":""Point"",""coordinates"":[-58.412795752048,-34.8257959526829]}",0101000020E6100000A97CBF7DD6344DC098F888AEB36941C0
Alineacion AT,"{""type"":""Point"",""coordinates"":[-58.4120328241526,-34.8254222956297]}",0101000020E61000008F4ED87DBD344DC03B8F1270A76941C0
Alineacion AT,"{""type"":""Point"",""coordinates"":[-58.41131892848,-34.8250722926067]}",0101000020E61000000F064119A6344DC06FCA08F89B6941C0
Alineacion AT,"{""type"":""Point"",""coordinates"":[-58.4105864274892,-34.8246991590189]}",0101000020E6100000B81F97188E344DC02D83F6BD8F6941C0
Alineacion AT,"{""type"":""Point"",""coordinates"":[-58.407329070038,-34.8230875184177]}",0101000020E6100000FC42E55B23344DC0C0AC8AEE5A6941C0
Alineacion AT,"{""type"":""Point"",""coordinates"":[-58.4226912896729,-34.8245264431067]}",0101000020E61000007AB988BF1A364DC052EA1D158A6941C0
Alineacion AT,"{""type"":""Point"",""coordinates"":[-58.4220035561204,-34.825080766314]}",0101000020E6100000952A683604364DC044F01D3F9C6941C0
Alineacion AT,"{""type"":""Point"",""coordinates"":[-58.4213360971219,-34.8256193228003]}",0101000020E6100000A9E15A57EE354DC0BC2FDBE4AD6941C0
Alineacion AT,"{""type"":""Point"",""coordinates"":[-58.420691599549,-34.8261844061971]}",0101000020E6100000E6E1EA38D9354DC0738A1E69C06941C0
Alineacion AT,"{""type"":""Point"",""coordinates"":[-58.4200061035201,-34.8267277228194]}",0101000020E6100000A05E8FC2C2354DC0571ACA36D26941C0
Alineacion AT,"{""type"":""Point"",""coordinates"":[-58.4193328115954,-34.8272613556266]}",0101000020E61000008CF893B2AC354DC09AD439B3E36941C0
Alineacion AT,"{""type"":""Point"",""coordinates"":[-58.4186376309821,-34.8277874495643]}",0101000020E6100000B0F8FAEA95354DC085F56BF0F46941C0
Alineacion AT,"{""type"":""Point"",""coordinates"":[-58.4413462929809,-34.8329534634846]}",0101000020E610000031480B097E384DC0D16016389E6A41C0
Alineacion AT,"{""type"":""Point"",""coordinates"":[-58.4406570124902,-34.8326106136239]}",0101000020E6100000FBB2F07267384DC09EE80DFC926A41C0
Alineacion AT,"{""type"":""Point"",""coordinates"":[-58.4398476027649,-34.8322086024511]}",0101000020E6100000B48C1EED4C384DC0167DBDCF856A41C0
Alineacion AT,"{""type"":""Point"",""coordinates"":[-58.4390252476244,-34.831799883107]}",0101000020E61000001D55B4FA31384DC06B61276B786A41C0
Alineacion AT,"{""type"":""Point"",""coordinates"":[-58.4382052313736,-34.8313783931275]}",0101000020E6100000CAD7E81B17384DC0AE8A709B6A6A41C0
Alineacion AT,"{""type"":""Point"",""coordinates"":[-58.4374146371126,-34.8309878561364]}",0101000020E61000005998EC33FD374DC04FBD60CF5D6A41C0
Alineacion AT,"{""type"":""Point"",""coordinates"":[-58.4365613741507,-34.8305663523365]}",0101000020E61000004A563C3EE1374DC0C4388CFF4F6A41C0
Alineacion AT,"{""type"":""Point"",""coordinates"":[-58.4145144910636,-34.8311380357478]}",0101000020E61000000A6B93CF0E354DC0CDFF2CBB626A41C0
Alineacion AT,"{""type"":""Point"",""coordinates"":[-58.2700688486084,-34.8177760204326]}",0101000020E61000008038B49D91224DC0FD9A77E2AC6841C0
Alineacion AT,"{""type"":""Point"",""coordinates"":[-58.2696469583173,-34.8183032574816]}",0101000020E610000028B8A1CA83224DC0FA8B4029BE6841C0
Alineacion AT,"{""type"":""Point"",""coordinates"":[-58.2690870202052,-34.8190013829366]}",0101000020E6100000A1C7877171224DC0BC8B8D09D56841C0
Alineacion AT,"{""type"":""Point"",""coordinates"":[-58.2685996999978,-34.8196108450967]}",0101000020E61000005F9A977961224DC08D911702E96841C0
Alineacion AT,"{""type"":""Point"",""coordinates"":[-58.2675894979058,-34.8209418012007]}",0101000020E61000001821675F40224DC0BF09F69E146941C0
Alineacion AT,"{""type"":""Point"",""coordinates"":[-58.26994845115,-34.8166764065778]}",0101000020E6100000C8A5BCAB8D224DC04CD53CDA886841C0
Alineacion AT,"{""type"":""Point"",""coordinates"":[-58.2665300661848,-34.8212150458535]}",0101000020E610000012D53EA81D224DC048761A931D6941C0
Alineacion AT,"{""type"":""Point"",""coordinates"":[-58.2691747419426,-34.8170009549903]}",0101000020E6100000C6C6645174224DC0F43DBF7C936841C0
Alineacion AT,"{""type"":""Point"",""coordinates"":[-58.2686862744124,-34.8176151346158]}",0101000020E61000001CBED44F64224DC0DCF1DB9CA76841C0
Alineacion AT,"{""type"":""Point"",""coordinates"":[-58.2681597406839,-34.8182734301075]}",0101000020E6100000AD2BF20E53224DC0B1BF0A2FBD6841C0
Alineacion AT,"{""type"":""Point"",""coordinates"":[-58.2676148780655,-34.8189552203145]}",0101000020E61000006F9B4E3441224DC0D8115086D36841C0
Alineacion AT,"{""type"":""Point"",""coordinates"":[-58.2670982552628,-34.8196133693585]}",0101000020E61000000B968F4630224DC02C614417E96841C0
Alineacion AT,"{""type"":""Point"",""coordinates"":[-58.2665824387515,-34.8202708749369]}",0101000020E61000001410945F1F224DC093DBD2A2FE6841C0
Alineacion AT,"{""type"":""Point"",""coordinates"":[-58.230913514458,-34.8355888822722]}",0101000020E61000009566F4928E1D4DC04F219593F46A41C0
Alineacion AT,"{""type"":""Point"",""coordinates"":[-58.2315343654535,-34.8361673421833]}",0101000020E6100000F1C207EBA21D4DC086540E88076B41C0
Alineacion AT,"{""type"":""Point"",""coordinates"":[-58.2321164930102,-34.8367147833718]}",0101000020E6100000A12B45FEB51D4DC0B3545378196B41C0
Alineacion AT,"{""type"":""Point"",""coordinates"":[-58.2326973737944,-34.8372625971707]}",0101000020E6100000EA270D07C91D4DC09481B86B2B6B41C0
Alineacion AT,"{""type"":""Point"",""coordinates"":[-58.2333894166955,-34.837910691954]}",0101000020E61000004CF853B4DF1D4DC09D7455A8406B41C0
Alineacion AT,"{""type"":""Point"",""coordinates"":[-58.2340102638591,-34.8384905917279]}",0101000020E6100000021A5F0CF41D4DC0CDBCE2A8536B41C0
Alineacion AT,"{""type"":""Point"",""coordinates"":[-58.2346919952219,-34.839123862093]}",0101000020E6100000350E26630A1E4DC0CB7D2469686B41C0
Alineacion AT,"{""type"":""Point"",""coordinates"":[-58.2353897061088,-34.8397680638234]}",0101000020E6100000B0C6F83F211E4DC0652C19857D6B41C0
Alineacion AT,"{""type"":""Point"",""coordinates"":[-58.231552130677,-34.8351243429613]}",0101000020E6100000D1490E80A31D4DC0588EBE5AE56A41C0
Alineacion AT,"{""type"":""Point"",""coordinates"":[-58.2321727783738,-34.8357019935366]}",0101000020E610000089116DD6B71D4DC08DB86D48F86A41C0
Alineacion AT,"{""type"":""Point"",""coordinates"":[-58.2327562911104,-34.8362489728491]}",0101000020E6100000F72049F5CA1D4DC0AED9D2340A6B41C0
Alineacion AT,"{""type"":""Point"",""coordinates"":[-58.2333397205582,-34.8367950328823]}",0101000020E6100000DB537213DE1D4DC0A9D781191C6B41C0
Alineacion AT,"{""type"":""Point"",""coordinates"":[-58.2340337832642,-34.8374432223466]}",0101000020E6100000B5A3AAD1F41D4DC01F1EEA56316B41C0
Alineacion AT,"{""type"":""Point"",""coordinates"":[-58.2346530694329,-34.8380239786426]}",0101000020E6100000698F9D1C091E4DC055C4A65E446B41C0
Alineacion AT,"{""type"":""Point"",""coordinates"":[-58.235259827797,-34.8385925373858]}",0101000020E6100000AE3979FE1C1E4DC0F35E1100576B41C0
Alineacion AT,"{""type"":""Point"",""coordinates"":[-58.2358735123651,-34.8391675844114]}",0101000020E6100000E0CC6E1A311E4DC08474E9D7696B41C0
Alineacion AT,"{""type"":""Point"",""coordinates"":[-58.2240917597482,-34.8393978288888]}",0101000020E6100000F4B5ED09AF1C4DC093B45763716B41C0
Alineacion AT,"{""type"":""Point"",""coordinates"":[-58.2253136132551,-34.8385249440053]}",0101000020E61000001F239413D71C4DC007B10DC9546B41C0
Alineacion AT,"{""type"":""Point"",""coordinates"":[-58.2263034208641,-34.8378178082215]}",0101000020E6100000C7CAAF82F71C4DC0AC282B9D3D6B41C0
Alineacion AT,"{""type"":""Point"",""coordinates"":[-58.2272945727284,-34.8371096913481]}",0101000020E6100000A43612FD171D4DC0A2C00D69266B41C0
Alineacion AT,"{""type"":""Point"",""coordinates"":[-58.2282849279043,-34.8364021229534]}",0101000020E61000005EC2C570381D4DC0E5318A390F6B41C0
Alineacion AT,"{""type"":""Point"",""coordinates"":[-58.2292769181712,-34.8356933655707]}",0101000020E6100000F5A230F2581D4DC0194E0D00F86A41C0
Alineacion AT,"{""type"":""Point"",""coordinates"":[-58.2201555325524,-34.8378203338069]}",0101000020E61000004A2C760E2E1C4DC0EDCF5AB23D6B41C0
Alineacion AT,"{""type"":""Point"",""coordinates"":[-58.22150797737,-34.8390478001076]}",0101000020E6100000B54D975F5A1C4DC0119F16EB656B41C0
Alineacion AT,"{""type"":""Point"",""coordinates"":[-58.2114220964875,-34.7981851479895]}",0101000020E6100000630817E10F1B4DC0486251EE2A6641C0
Alineacion AT,"{""type"":""Point"",""coordinates"":[-58.2121085105926,-34.7971892929045]}",0101000020E61000006519265F261B4DC084DF7A4C0A6641C0
Alineacion AT,"{""type"":""Point"",""coordinates"":[-58.2141478374439,-34.7942294333067]}",0101000020E61000004D2A4332691B4DC053C9604FA96541C0
Alineacion AT,"{""type"":""Point"",""coordinates"":[-58.2153847766345,-34.7925169925336]}",0101000020E6100000CBD975BA911B4DC05E3A6232716541C0
Alineacion AT,"{""type"":""Point"",""coordinates"":[-58.2187571003203,-34.7883661539551]}",0101000020E61000005ED28F3B001C4DC05041A02EE96441C0
Alineacion AT,"{""type"":""Point"",""coordinates"":[-58.2224166946658,-34.7837688481918]}",0101000020E610000043D67626781C4DC0B84DA189526441C0
Alineacion AT,"{""type"":""Point"",""coordinates"":[-58.2231676807719,-34.7827744973367]}",0101000020E6100000443831C2901C4DC01E1A69F4316441C0
Alineacion AT,"{""type"":""Point"",""coordinates"":[-58.2239004561927,-34.7817593744975]}",0101000020E61000001F7428C5A81C4DC06F67F1B0106441C0
Alineacion AT,"{""type"":""Point"",""coordinates"":[-58.2261039642699,-34.7786400090489]}",0101000020E6100000850486F9F01C4DC06D1CCF79AA6341C0
Alineacion AT,"{""type"":""Point"",""coordinates"":[-58.229408326632,-34.7735097434863]}",0101000020E6100000412886405D1D4DC09BB4055E026341C0
Alineacion AT,"{""type"":""Point"",""coordinates"":[-58.2300766072143,-34.7724764283232]}",0101000020E6100000B5C77726731D4DC01D4AF281E06241C0
Alineacion AT,"{""type"":""Point"",""coordinates"":[-58.2307015141186,-34.7715108714934]}",0101000020E61000007C2391A0871D4DC050C944DEC06241C0
Alineacion AT,"{""type"":""Point"",""coordinates"":[-58.2313437358763,-34.77052069352]}",0101000020E61000008BDCE9AB9C1D4DC0A9C70D6CA06241C0
Alineacion AT,"{""type"":""Point"",""coordinates"":[-58.2371417942137,-34.7481875804883]}",0101000020E6100000D1548DA95A1E4DC043BC529CC45F41C0
Alineacion AT,"{""type"":""Point"",""coordinates"":[-58.2362780917901,-34.7477138681585]}",0101000020E6100000F37F4A5C3E1E4DC0D0408916B55F41C0
Alineacion AT,"{""type"":""Point"",""coordinates"":[-58.235325724823,-34.7471878208814]}",0101000020E6100000DB0242271F1E4DC0DA53BBD9A35F41C0
Alineacion AT,"{""type"":""Point"",""coordinates"":[-58.2343428579436,-34.7466464715767]}",0101000020E6100000A2755FF2FE1D4DC03B8C901C925F41C0
Alineacion AT,"{""type"":""Point"",""coordinates"":[-58.3467030423481,-34.807106691559]}",0101000020E61000008D27EAC3602C4DC07B50A6454F6741C0
Alineacion AT,"{""type"":""Point"",""coordinates"":[-58.3460889805604,-34.8078727908123]}",0101000020E6100000A581CAA44C2C4DC0FCEE2760686741C0
Alineacion AT,"{""type"":""Point"",""coordinates"":[-58.3454904933402,-34.8086194421478]}",0101000020E6100000C8FC5008392C4DC0A27785D7806741C0
Alineacion AT,"{""type"":""Point"",""coordinates"":[-58.344881705785,-34.8093863390774]}",0101000020E6100000EAAA6F15252C4DC04F15B8F8996741C0
Alineacion AT,"{""type"":""Point"",""coordinates"":[-58.3518052507797,-34.8088310499977]}",0101000020E61000007E5457F4072D4DC059DD9DC6876741C0
Alineacion AT,"{""type"":""Point"",""coordinates"":[-58.3509399040516,-34.8083532753549]}",0101000020E6100000A9614999EB2C4DC0C2A1C01E786741C0
Alineacion AT,"{""type"":""Point"",""coordinates"":[-58.3500921314109,-34.8079084018854]}",0101000020E61000009B7FA7D1CF2C4DC07021E28A696741C0
Alineacion AT,"{""type"":""Point"",""coordinates"":[-58.3492288349999,-34.8074505754462]}",0101000020E61000008E92CC87B32C4DC0BF565B8A5A6741C0
Alineacion AT,"{""type"":""Point"",""coordinates"":[-58.3483376264637,-34.806991519345]}",0101000020E61000005AD0CC53962C4DC037DE837F4B6741C0
Alineacion AT,"{""type"":""Point"",""coordinates"":[-58.3648384477355,-34.8161958416185]}",0101000020E61000007CACB806B32E4DC0FD70F71A796841C0
Alineacion AT,"{""type"":""Point"",""coordinates"":[-58.3640174243634,-34.8157528954893]}",0101000020E610000054687A1F982E4DC030DF43976A6841C0
Alineacion AT,"{""type"":""Point"",""coordinates"":[-58.3630901790115,-34.8152468839344]}",0101000020E6100000372D2EBD792E4DC0025588025A6841C0
Alineacion AT,"{""type"":""Point"",""coordinates"":[-58.362232863824,-34.8147841824013]}",0101000020E610000092D47FA55D2E4DC0135B1CD94A6841C0
Alineacion AT,"{""type"":""Point"",""coordinates"":[-58.3614347823588,-34.8143389424739]}",0101000020E61000001BEFB47E432E4DC06AE42A423C6841C0
Alineacion AT,"{""type"":""Point"",""coordinates"":[-58.3605234959443,-34.8138525861438]}",0101000020E6100000994248A2252E4DC055A050522C6841C0
Alineacion AT,"{""type"":""Point"",""coordinates"":[-58.3596716259342,-34.8133985342675]}",0101000020E6100000DA5747B8092E4DC087A573711D6841C0
Alineacion AT,"{""type"":""Point"",""coordinates"":[-58.3588553589281,-34.8129464157734]}",0101000020E61000009C4BEFF8EE2D4DC0D192CEA00E6841C0
Alineacion AT,"{""type"":""Point"",""coordinates"":[-58.3580507583563,-34.8125122232253]}",0101000020E610000062B9749BD42D4DC0292D8966006841C0
Alineacion AT,"{""type"":""Point"",""coordinates"":[-58.3570575043393,-34.8119702149956]}",0101000020E6100000E0F66F0FB42D4DC0B75DD7A3EE6741C0
Alineacion AT,"{""type"":""Point"",""coordinates"":[-58.3561147929776,-34.8114593310208]}",0101000020E6100000F1BA662B952D4DC056623CE6DD6741C0
Alineacion AT,"{""type"":""Point"",""coordinates"":[-58.368542566331,-34.8188529965747]}",0101000020E6100000B1C91E672C2F4DC08F42CC2CD06841C0
Alineacion AT,"{""type"":""Point"",""coordinates"":[-58.3678776584389,-34.8183918832595]}",0101000020E61000004FF6779D162F4DC0ADF4B210C16841C0
Alineacion AT,"{""type"":""Point"",""coordinates"":[-58.3671420561374,-34.8178680844168]}",0101000020E6100000590CCA82FE2E4DC08F81C1E6AF6841C0
Alineacion AT,"{""type"":""Point"",""coordinates"":[-58.380659656898,-34.825415475702]}",0101000020E61000004DA4A474B9304DC054E0DC36A76941C0
Alineacion AT,"{""type"":""Point"",""coordinates"":[-58.3797531530073,-34.8249095764975]}",0101000020E61000000E5C56C09B304DC0639B12A3966941C0
Alineacion AT,"{""type"":""Point"",""coordinates"":[-58.3788669486227,-34.8245044859438]}",0101000020E610000057EF50B67E304DC05C44ED5C896941C0
Alineacion AT,"{""type"":""Point"",""coordinates"":[-58.3780365163522,-34.8240641422993]}",0101000020E61000009736258063304DC0B07D0EEF7A6941C0
Alineacion AT,"{""type"":""Point"",""coordinates"":[-58.3770825301027,-34.8235547377081]}",0101000020E61000008D57873D44304DC00776DC3D6A6941C0
Alineacion AT,"{""type"":""Point"",""coordinates"":[-58.376177723154,-34.8230592751085]}",0101000020E61000001637759726304DC05EA19E015A6941C0
Alineacion AT,"{""type"":""Point"",""coordinates"":[-58.3753033518863,-34.8226040438507]}",0101000020E61000002237B3F009304DC0B0F2DC164B6941C0
Alineacion AT,"{""type"":""Point"",""coordinates"":[-58.3745535678347,-34.8221811287329]}",0101000020E6100000A4390E5FF12F4DC0E2A5313B3D6941C0
Alineacion AT,"{""type"":""Point"",""coordinates"":[-58.3737440297409,-34.8217359918076]}",0101000020E6100000FB6728D8D62F4DC042611DA52E6941C0
Alineacion AT,"{""type"":""Point"",""coordinates"":[-58.3729738884903,-34.8213178886444]}",0101000020E6100000F3A9BE9BBD2F4DC07AACCFF1206941C0
Alineacion AT,"{""type"":""Point"",""coordinates"":[-58.372118652256,-34.8208589578904]}",0101000020E6100000E7D58095A12F4DC0486205E8116941C0
Alineacion AT,"{""type"":""Point"",""coordinates"":[-58.3711698050404,-34.8203431207407]}",0101000020E61000009DF4FE7D822F4DC0398ADD00016941C0
Alineacion AT,"{""type"":""Point"",""coordinates"":[-58.3702086004427,-34.8198538777319]}",0101000020E6100000B6CCD3FE622F4DC0BE2DCCF8F06841C0
Alineacion AT,"{""type"":""Point"",""coordinates"":[-58.3810959060486,-34.826481578135]}",0101000020E61000001D8F2AC0C7304DC0086BFA25CA6941C0
Alineacion AT,"{""type"":""Point"",""coordinates"":[-58.3815356679923,-34.8274243706191]}",0101000020E610000067242829D6304DC07CDCB10AE96941C0
Alineacion AT,"{""type"":""Point"",""coordinates"":[-58.3832302664277,-34.8283485620826]}",0101000020E610000080927AB00D314DC0A7EA5F53076A41C0
Alineacion AT,"{""type"":""Point"",""coordinates"":[-58.3824288149903,-34.8279287429553]}",0101000020E61000003EB76A6DF3304DC0A634AD91F96941C0
Alineacion AT,"{""type"":""Point"",""coordinates"":[-58.3862387425033,-34.8288860449952]}",0101000020E610000001C0674570314DC0B8AE1BF0186A41C0
Alineacion AT,"{""type"":""Point"",""coordinates"":[-58.3854427675006,-34.8284573617862]}",0101000020E61000008872483056314DC046800DE40A6A41C0
Alineacion AT,"{""type"":""Point"",""coordinates"":[-58.3438501559178,-34.8104705430532]}",0101000020E61000001A322B48032C4DC07264AE7FBD6741C0
Alineacion AT,"{""type"":""Point"",""coordinates"":[-58.3450669027198,-34.8124677809748]}",0101000020E6100000860EFB262B2C4DC0962BBAF1FE6741C0
Alineacion AT,"{""type"":""Point"",""coordinates"":[-58.3441593713386,-34.811965893162]}",0101000020E610000070410E6A0D2C4DC08D4C967FEE6741C0
Alineacion AT,"{""type"":""Point"",""coordinates"":[-58.3469498035335,-34.8116265550859]}",0101000020E6100000D3C3E5D9682C4DC056540361E36741C0
Alineacion AT,"{""type"":""Point"",""coordinates"":[-58.3464237217801,-34.8122835187387]}",0101000020E61000004ECDCD9C572C4DC0020806E8F86741C0
Alineacion AT,"{""type"":""Point"",""coordinates"":[-58.350140514615,-34.812525833453]}",0101000020E61000005AA38567D12C4DC001EBB4D8006841C0
Alineacion AT,"{""type"":""Point"",""coordinates"":[-58.349187209057,-34.8120083043476]}",0101000020E61000006D8A9D2AB22C4DC068A05BE3EF6741C0
Alineacion AT,"{""type"":""Point"",""coordinates"":[-58.3483560332767,-34.8115415379543]}",0101000020E6100000D42435EE962C4DC0F66DD697E06741C0
Alineacion AT,"{""type"":""Point"",""coordinates"":[-58.3563734449671,-34.8158842059216]}",0101000020E6100000F1A521A59D2D4DC0D0E0C6E46E6841C0
Alineacion AT,"{""type"":""Point"",""coordinates"":[-58.3553602592406,-34.815323889282]}",0101000020E61000003EDEE9717C2D4DC08B0E80885C6841C0
Alineacion AT,"{""type"":""Point"",""coordinates"":[-58.3545239796739,-34.8148637456976]}",0101000020E6100000702CB10A612D4DC0CC3B89744D6841C0
Alineacion AT,"{""type"":""Point"",""coordinates"":[-58.3537116330916,-34.8144066558695]}",0101000020E6100000F02B3C6C462D4DC0544D307A3E6841C0
Alineacion AT,"{""type"":""Point"",""coordinates"":[-58.3770477449827,-34.8272917390859]}",0101000020E610000098DDBA1943304DC0FCCF19B2E46941C0
Alineacion AT,"{""type"":""Point"",""coordinates"":[-58.3761335284754,-34.8268199152732]}",0101000020E61000008DDDB92425304DC0CFE3273CD56941C0
Alineacion AT,"{""type"":""Point"",""coordinates"":[-58.3753700922557,-34.8263915790889]}",0101000020E610000046118F200C304DC037F00233C76941C0
Alineacion AT,"{""type"":""Point"",""coordinates"":[-58.3745782520815,-34.8259410006522]}",0101000020E6100000D03D1F2EF22F4DC0FF1C496FB86941C0
Alineacion AT,"{""type"":""Point"",""coordinates"":[-58.3738000571768,-34.825507646239]}",0101000020E6100000A06826AED82F4DC0DE980B3CAA6941C0
Alineacion AT,"{""type"":""Point"",""coordinates"":[-58.3728733051774,-34.8250033905249]}",0101000020E6100000E8A4FD4FBA2F4DC05BB20AB6996941C0
Alineacion AT,"{""type"":""Point"",""coordinates"":[-58.3719383129353,-34.824501574829]}",0101000020E6100000DE17B5AC9B2F4DC007B28144896941C0
Alineacion AT,"{""type"":""Point"",""coordinates"":[-58.371151655305,-34.8240799315289]}",0101000020E610000016B2BEE5812F4DC06A9A81737B6941C0
Alineacion AT,"{""type"":""Point"",""coordinates"":[-58.3703242525786,-34.8236378178918]}",0101000020E6100000D0DEFCC8662F4DC005CCC9F66C6941C0
Alineacion AT,"{""type"":""Point"",""coordinates"":[-58.3695582802838,-34.8232071068003]}",0101000020E61000007AE48BAF4D2F4DC067C5B8D95E6941C0
Alineacion AT,"{""type"":""Point"",""coordinates"":[-58.3687798543757,-34.8227891753142]}",0101000020E6100000CAFBA22D342F4DC01CBDDB27516941C0
Alineacion AT,"{""type"":""Point"",""coordinates"":[-58.3678009635672,-34.8222643756015]}",0101000020E6100000B3FA1A1A142F4DC0EBEF84F53F6941C0
Alineacion AT,"{""type"":""Point"",""coordinates"":[-58.3668573450592,-34.821758169929]}",0101000020E6100000D3A9752EF52E4DC06D88285F2F6941C0
Alineacion AT,"{""type"":""Point"",""coordinates"":[-58.3649127918966,-34.8207272245392]}",0101000020E6100000468B5D76B52E4DC0922AF6960D6941C0
Alineacion AT,"{""type"":""Point"",""coordinates"":[-58.3640043735378,-34.8202229209352]}",0101000020E610000014F9FFB1972E4DC0556C8E10FD6841C0
Alineacion AT,"{""type"":""Point"",""coordinates"":[-58.3631667305238,-34.8197394427498]}",0101000020E6100000284C573F7C2E4DC006EDD838ED6841C0
Alineacion AT,"{""type"":""Point"",""coordinates"":[-58.3623418263521,-34.8192634143612]}",0101000020E6100000D8138B37612E4DC0CFBEA19FDD6841C0
Alineacion AT,"{""type"":""Point"",""coordinates"":[-58.361547238279,-34.8187945889296]}",0101000020E61000000C2F0E2E472E4DC014CCD642CE6841C0
Alineacion AT,"{""type"":""Point"",""coordinates"":[-58.3606788263866,-34.8183242956628]}",0101000020E610000053D849B92A2E4DC06BB2BBD9BE6841C0
Alineacion AT,"{""type"":""Point"",""coordinates"":[-58.3597559226195,-34.8177628294434]}",0101000020E6100000B918697B0C2E4DC0092CD073AC6841C0
Alineacion AT,"{""type"":""Point"",""coordinates"":[-58.3588774697537,-34.8172973569419]}",0101000020E610000081EE69B2EF2D4DC0179625339D6841C0
Alineacion AT,"{""type"":""Point"",""coordinates"":[-58.3580087965586,-34.8168034338967]}",0101000020E61000002773743BD32D4DC06BECD1038D6841C0
Alineacion AT,"{""type"":""Point"",""coordinates"":[-58.3778978311593,-34.8277442309439]}",0101000020E61000007B07C5F45E304DC0A9ADE085F36941C0
Alineacion AT,"{""type"":""Point"",""coordinates"":[-58.3789285370022,-34.8281726898976]}",0101000020E61000000EF9F4BA80304DC07E460D90016A41C0
Alineacion AT,"{""type"":""Point"",""coordinates"":[-58.3807008296841,-34.8290827220695]}",0101000020E6100000CE8606CEBA304DC0D17BF4611F6A41C0
Alineacion AT,"{""type"":""Point"",""coordinates"":[-58.3798190054501,-34.8286504165802]}",0101000020E61000005467BFE89D304DC0AF838337116A41C0
Alineacion AT,"{""type"":""Point"",""coordinates"":[-58.381603053084,-34.8295642288461]}",0101000020E610000057866C5ED8304DC0A26920292F6A41C0
Alineacion AT,"{""type"":""Point"",""coordinates"":[-58.3825017971429,-34.8300215551757]}",0101000020E6100000EFB1A2D1F5304DC0323A75253E6A41C0
Alineacion AT,"{""type"":""Point"",""coordinates"":[-58.3804897158794,-34.8341743068971]}",0101000020E6100000471513E3B3304DC0A8A44339C66A41C0
Alineacion AT,"{""type"":""Point"",""coordinates"":[-58.3810226251644,-34.8334976251985]}",0101000020E6100000F90E7159C5304DC0BDC2D80CB06A41C0
Alineacion AT,"{""type"":""Point"",""coordinates"":[-58.3816161757416,-34.8327464700695]}",0101000020E6100000A43781CCD8304DC06E67B36F976A41C0
Alineacion AT,"{""type"":""Point"",""coordinates"":[-58.3821236841234,-34.8320654948881]}",0101000020E6100000262BCB6DE9304DC05756441F816A41C0
Alineacion AT,"{""type"":""Point"",""coordinates"":[-58.3827637787504,-34.8312514131796]}",0101000020E6100000C1E94B67FE304DC01D2E4172666A41C0
Alineacion AT,"{""type"":""Point"",""coordinates"":[-58.3799714465065,-34.8348312104438]}",0101000020E61000005C1484E7A2304DC09D44C5BFDB6A41C0
Alineacion AT,"{""type"":""Point"",""coordinates"":[-58.3809917166723,-34.8365518482746]}",0101000020E6100000CA932956C4304DC0BDDF8621146B41C0
Alineacion AT,"{""type"":""Point"",""coordinates"":[-58.3816531813755,-34.8369034996609]}",0101000020E61000000636EE02DA304DC0D17964A71F6B41C0
Alineacion AT,"{""type"":""Point"",""coordinates"":[-58.3847496963899,-34.8361322921449]}",0101000020E6100000FF91617A3F314DC02AF20862066B41C0
Alineacion AT,"{""type"":""Point"",""coordinates"":[-58.3863935719901,-34.8368735039683]}",0101000020E6100000808A355875314DC06937C5AB1E6B41C0
Alineacion AT,"{""type"":""Point"",""coordinates"":[-58.3856127937256,-34.8365171426032]}",0101000020E61000003EFC90C25B314DC01B0365FE126B41C0
Alineacion AT,"{""type"":""Point"",""coordinates"":[-58.3873914181529,-34.8356554904301]}",0101000020E6100000E5DBBF0A96314DC0600F55C2F66A41C0
Alineacion AT,"{""type"":""Point"",""coordinates"":[-58.3873021611229,-34.8363700920809]}",0101000020E6100000B9D8011E93314DC0876BD82C0E6B41C0
Alineacion AT,"{""type"":""Point"",""coordinates"":[-58.3881987272464,-34.8341170478786]}",0101000020E61000009CEFF27EB0314DC05ED6F058C46A41C0
Alineacion AT,"{""type"":""Point"",""coordinates"":[-58.3882567013096,-34.8335772622166]}",0101000020E6100000F4494565B2314DC06CF4E3A8B26A41C0
Alineacion AT,"{""type"":""Point"",""coordinates"":[-58.3883493661436,-34.8329916677806]}",0101000020E61000002F81996EB5314DC09F7A91789F6A41C0
Alineacion AT,"{""type"":""Point"",""coordinates"":[-58.388408883683,-34.8323522831056]}",0101000020E61000007B72DE61B7314DC0425805858A6A41C0
Alineacion AT,"{""type"":""Point"",""coordinates"":[-58.3884808104343,-34.8317296164308]}",0101000020E610000031F83BBDB9314DC0A7D7B61D766A41C0
Alineacion AT,"{""type"":""Point"",""coordinates"":[-58.3885567170683,-34.8311754516097]}",0101000020E61000008839FC39BC314DC06DF30AF5636A41C0
Alineacion AT,"{""type"":""Point"",""coordinates"":[-58.3886625142943,-34.8303836801749]}",0101000020E61000009F097AB1BF314DC0DFBD2E034A6A41C0
Alineacion AT,"{""type"":""Point"",""coordinates"":[-58.3895974808749,-34.8295753023916]}",0101000020E6100000167B8B54DE314DC0ACAB04862F6A41C0
Alineacion AT,"{""type"":""Point"",""coordinates"":[-58.3920747843551,-34.8298347999813]}",0101000020E61000001832AC812F324DC04D80D706386A41C0
Alineacion AT,"{""type"":""Point"",""coordinates"":[-58.3929668019789,-34.8298975497448]}",0101000020E6100000DE7475BC4C324DC09D9739153A6A41C0
Alineacion AT,"{""type"":""Point"",""coordinates"":[-58.3938073760174,-34.8299615086006]}",0101000020E61000008E75B44768324DC06A30C02D3C6A41C0
Alineacion AT,"{""type"":""Point"",""coordinates"":[-58.3965553675686,-34.8301592949816]}",0101000020E61000005B618753C2324DC04735E7A8426A41C0
Alineacion AT,"{""type"":""Point"",""coordinates"":[-58.397330978123,-34.8302080899384]}",0101000020E6100000F25CD2BDDB324DC082943942446A41C0
Alineacion AT,"{""type"":""Point"",""coordinates"":[-58.395568934623,-34.8300925216304]}",0101000020E61000007CC2BA00A2324DC04387C478406A41C0
Alineacion AT,"{""type"":""Point"",""coordinates"":[-58.3946944343323,-34.830041647677]}",0101000020E610000068AFE35885324DC0A28B01CE3E6A41C0
Alineacion AT,"{""type"":""Point"",""coordinates"":[-58.3999248240935,-34.8293159268955]}",0101000020E61000008B2B94BC30334DC0B9083806276A41C0
Alineacion AT,"{""type"":""Point"",""coordinates"":[-58.4004324539875,-34.8286197809853]}",0101000020E61000000C11E35E41334DC049138636106A41C0
Alineacion AT,"{""type"":""Point"",""coordinates"":[-58.2375564362314,-34.7761207430005]}",0101000020E6100000B348D23F681E4DC09D77ACEC576341C0
Alineacion AT,"{""type"":""Point"",""coordinates"":[-58.2757855542672,-34.7393374888117]}",0101000020E6100000B624E8F04C234DC095935F9CA25E41C0
Alineacion AT,"{""type"":""Point"",""coordinates"":[-58.2764012169972,-34.7384691337458]}",0101000020E6100000EBC9751D61234DC09D451528865E41C0
Alineacion AT,"{""type"":""Point"",""coordinates"":[-58.2769016742341,-34.7377607612484]}",0101000020E61000008285998371234DC0BBEAD2F16E5E41C0
Alineacion AT,"{""type"":""Point"",""coordinates"":[-58.238014415902,-34.7774247658151]}",0101000020E61000004823A241771E4DC05A239CA7826341C0
Alineacion AT,"{""type"":""Point"",""coordinates"":[-58.2255946600186,-34.7918292509049]}",0101000020E61000004F772B49E01C4DC0865330A95A6541C0
Alineacion AT,"{""type"":""Point"",""coordinates"":[-58.2262140000735,-34.7909119838334]}",0101000020E61000004A1B9294F41C4DC01C4A989A3C6541C0
Alineacion AT,"{""type"":""Point"",""coordinates"":[-58.2268489081294,-34.7900035558109]}",0101000020E61000004BC69062091D4DC038F725D61E6541C0
Alineacion AT,"{""type"":""Point"",""coordinates"":[-58.2275056946019,-34.7890637986119]}",0101000020E610000008FC16E81E1D4DC070BFE40A006541C0
Alineacion AT,"{""type"":""Point"",""coordinates"":[-58.2281826389506,-34.7881354853697]}",0101000020E610000063E7B516351D4DC06B3DA39FE16441C0
Alineacion AT,"{""type"":""Point"",""coordinates"":[-58.2288060104335,-34.7871767744576]}",0101000020E61000004FF8ED83491D4DC0AB3B6335C26441C0
Alineacion AT,"{""type"":""Point"",""coordinates"":[-58.2294369787365,-34.7862223792785]}",0101000020E61000004B15E0305E1D4DC0353157EFA26441C0
Alineacion AT,"{""type"":""Point"",""coordinates"":[-58.2301062742969,-34.7853123722995]}",0101000020E6100000D65A551F741D4DC0D315A61D856441C0
Alineacion AT,"{""type"":""Point"",""coordinates"":[-58.2307846690086,-34.7844242124021]}",0101000020E6100000B1E71E5A8A1D4DC08B3A3903686441C0
Alineacion AT,"{""type"":""Point"",""coordinates"":[-58.2314797519807,-34.7835062145563]}",0101000020E6100000C038E620A11D4DC0B8DD7FEE496441C0
Alineacion AT,"{""type"":""Point"",""coordinates"":[-58.231984156755,-34.782829998339]}",0101000020E6100000F93927A8B11D4DC0C698FCC5336441C0
Alineacion AT,"{""type"":""Point"",""coordinates"":[-58.2324317372473,-34.7822104645183]}",0101000020E6100000C803BB52C01D4DC0F8D8F5781F6441C0
Alineacion AT,"{""type"":""Point"",""coordinates"":[-58.2346651100511,-34.7791140363586]}",0101000020E610000046979E81091E4DC0E7013D02BA6341C0
Alineacion AT,"{""type"":""Point"",""coordinates"":[-58.5345117911914,-34.9322670112277]}",0101000020E61000002C3FE3E16A444DC0672E8286547741C0
Alineacion AT,"{""type"":""Point"",""coordinates"":[-58.5309258524581,-34.930824562044]}",0101000020E61000004F74DA60F5434DC06E255E42257741C0
Alineacion AT,"{""type"":""Point"",""coordinates"":[-58.527340042287,-34.9293820097774]}",0101000020E610000032BFE5E07F434DC00FBE5CFDF57641C0
Alineacion AT,"{""type"":""Point"",""coordinates"":[-58.523930348065,-34.9280101644464]}",0101000020E610000015294F2610434DC097537D09C97641C0
Alineacion AT,"{""type"":""Point"",""coordinates"":[-58.2366411160025,-34.7770431816882]}",0101000020E61000004B0F8F414A1E4DC01B77A626766341C0
Alineacion AT,"{""type"":""Point"",""coordinates"":[-58.2382295780765,-34.7756608094766]}",0101000020E6100000A2638B4E7E1E4DC0D9BE78DA486341C0
Alineacion AT,"{""type"":""Point"",""coordinates"":[-58.2336821917564,-34.7455865583892]}",0101000020E61000002EA04D4CE91D4DC0334F5E616F5F41C0
Alineacion AT,"{""type"":""Point"",""coordinates"":[-58.2336306548223,-34.7455584271295]}",0101000020E61000000AE7FA9BE71D4DC0A1E362756E5F41C0
Alineacion AT,"{""type"":""Point"",""coordinates"":[-58.2559678087841,-34.7587859236634]}",0101000020E610000037C79B8DC3204DC05366ABE51F6141C0
Alineacion AT,"{""type"":""Point"",""coordinates"":[-58.2227557803969,-34.7952605593007]}",0101000020E610000056E6EB42831C4DC05CFF1619CB6541C0
Alineacion AT,"{""type"":""Point"",""coordinates"":[-58.2236462897817,-34.7944674873336]}",0101000020E6100000F73D0E71A01C4DC09FEA511CB16541C0
Alineacion AT,"{""type"":""Point"",""coordinates"":[-58.2202874440903,-34.7976125578467]}",0101000020E6100000280B0461321C4DC0486A152B186641C0
Alineacion AT,"{""type"":""Point"",""coordinates"":[-58.219668151638,-34.7984316503666]}",0101000020E610000000A103161E1C4DC03F352102336641C0
Alineacion AT,"{""type"":""Point"",""coordinates"":[-58.5130009757857,-34.9242980288234]}",0101000020E61000006CE81604AA414DC0E2C6D6654F7641C0
Alineacion AT,"{""type"":""Point"",""coordinates"":[-58.411604768228,-34.7966052426579]}",0101000020E610000058350D77AF344DC0DA841C29F76541C0
Alineacion AT,"{""type"":""Point"",""coordinates"":[-58.4110328127051,-34.7973555840761]}",0101000020E6100000601324B99C344DC0E4716EBF0F6641C0
Alineacion AT,"{""type"":""Point"",""coordinates"":[-58.4103934630139,-34.7982997767918]}",0101000020E61000008211E3C587344DC0C6DCE4AF2E6641C0
Alineacion AT,"{""type"":""Point"",""coordinates"":[-58.4007714057681,-34.8353650475033]}",0101000020E61000001779387A4C334DC0C39FEB3DED6A41C0
Alineacion AT,"{""type"":""Point"",""coordinates"":[-58.401306658934,-34.8330658181153]}",0101000020E6100000F5E43F045E334DC03B1C96E6A16A41C0
Alineacion AT,"{""type"":""Point"",""coordinates"":[-58.2769920256973,-34.6970252013645]}",0101000020E6100000B7CF857974234DC09A2C2E1F385941C0
Alineacion AT,"{""type"":""Point"",""coordinates"":[-58.276154400323,-34.6980837485971]}",0101000020E61000005304030759234DC0FF0BEBCE5A5941C0
Alineacion AT,"{""type"":""Point"",""coordinates"":[-58.2753178356067,-34.6991409215397]}",0101000020E6100000D7F7659D3D234DC07CA720737D5941C0
Alineacion AT,"{""type"":""Point"",""coordinates"":[-58.2744641360105,-34.7002197130083]}",0101000020E6100000810B0CA421234DC04CB1AFCCA05941C0
Alineacion AT,"{""type"":""Point"",""coordinates"":[-58.2735534607438,-34.70129075249]}",0101000020E610000017CDBFCC03234DC03F7737E5C35941C0
Alineacion AT,"{""type"":""Point"",""coordinates"":[-58.2793951521235,-34.7341472677594]}",0101000020E610000002846838C3234DC0BCBCA489F85D41C0
Alineacion AT,"{""type"":""Point"",""coordinates"":[-58.2813387749151,-34.731549805301]}",0101000020E6100000B7ADB2E802244DC0E2948C6CA35D41C0
Alineacion AT,"{""type"":""Point"",""coordinates"":[-58.3382058054452,-34.7500644008708]}",0101000020E61000002FDAEC534A2B4DC02AD13B1C026041C0
Alineacion AT,"{""type"":""Point"",""coordinates"":[-58.337085412975,-34.7495319761106]}",0101000020E6100000D657649D252B4DC0C559EEA9F05F41C0
Alineacion AT,"{""type"":""Point"",""coordinates"":[-58.3359208893827,-34.7489730151958]}",0101000020E610000091F8A874FF2A4DC024ED0659DE5F41C0
Alineacion AT,"{""type"":""Point"",""coordinates"":[-58.3350385156753,-34.7485383568448]}",0101000020E6100000E6DCC58AE22A4DC09639D91AD05F41C0
Alineacion AT,"{""type"":""Point"",""coordinates"":[-58.333611461852,-34.7479899984084]}",0101000020E6100000CF1CC7C7B32A4DC01A73E222BE5F41C0
Alineacion AT,"{""type"":""Point"",""coordinates"":[-58.3228593053807,-34.741811124644]}",0101000020E6100000E8E8267453294DC0D713BCAAF35E41C0
Alineacion AT,"{""type"":""Point"",""coordinates"":[-58.3240299658174,-34.7424813433649]}",0101000020E61000000A0E5DD079294DC03ED2EFA0095F41C0
Alineacion AT,"{""type"":""Point"",""coordinates"":[-58.3251695516739,-34.7431696094003]}",0101000020E61000000E0CE7279F294DC0B0E0872E205F41C0
Alineacion AT,"{""type"":""Point"",""coordinates"":[-58.3262685598312,-34.7438381911601]}",0101000020E61000000B180D2BC3294DC031460017365F41C0
Alineacion AT,"{""type"":""Point"",""coordinates"":[-58.3273847210886,-34.7445179959154]}",0101000020E6100000912417BEE7294DC0C0DE9D5D4C5F41C0
Alineacion AT,"{""type"":""Point"",""coordinates"":[-58.3283384525717,-34.7450748552764]}",0101000020E610000043E891FE062A4DC0F13DE49C5E5F41C0
Alineacion AT,"{""type"":""Point"",""coordinates"":[-58.3294017455287,-34.7457069017277]}",0101000020E61000003D251ED6292A4DC030A9E152735F41C0
Alineacion AT,"{""type"":""Point"",""coordinates"":[-58.3305256633448,-34.7463798717733]}",0101000020E6100000FB4639AA4E2A4DC056D42960895F41C0
Alineacion AT,"{""type"":""Point"",""coordinates"":[-58.3312663462496,-34.7468154189447]}",0101000020E610000022B485EF662A4DC00B42CCA5975F41C0
Alineacion AT,"{""type"":""Point"",""coordinates"":[-58.3387271816641,-34.7513261143027]}",0101000020E6100000B7C18B695B2B4DC0CBC740742B6041C0
Alineacion AT,"{""type"":""Point"",""coordinates"":[-58.3382094410078,-34.7520907342699]}",0101000020E6100000DD296C724A2B4DC033A85982446041C0
Alineacion AT,"{""type"":""Point"",""coordinates"":[-58.3375497136081,-34.7531871398983]}",0101000020E6100000475C3AD4342B4DC0C6D0AA6F686041C0
Alineacion AT,"{""type"":""Point"",""coordinates"":[-58.3370183577253,-34.7540305557401]}",0101000020E6100000734AE46A232B4DC0558BC012846041C0
Alineacion AT,"{""type"":""Point"",""coordinates"":[-58.336445955139,-34.7549405990503]}",0101000020E6100000C6183BA9102B4DC0F9ABBFE4A16041C0
Alineacion AT,"{""type"":""Point"",""coordinates"":[-58.2710858507176,-34.7574183971028]}",0101000020E6100000C09EEFF0B2224DC0FC780616F36041C0
Alineacion AT,"{""type"":""Point"",""coordinates"":[-58.2703098596238,-34.7569932999692]}",0101000020E61000006A6F738399224DC050540D28E56041C0
Alineacion AT,"{""type"":""Point"",""coordinates"":[-58.2696424019751,-34.7565694354389]}",0101000020E6100000840C69A483224DC07B2E6B44D76041C0
Alineacion AT,"{""type"":""Point"",""coordinates"":[-58.2686593384256,-34.7560203270618]}",0101000020E6100000C026E06D63224DC0BBEB2946C56041C0
Alineacion AT,"{""type"":""Point"",""coordinates"":[-58.267926983428,-34.7556153836293]}",0101000020E610000002C56F6E4B224DC065854001B86041C0
Alineacion AT,"{""type"":""Point"",""coordinates"":[-58.2669466387356,-34.7550692257953]}",0101000020E6100000C792B54E2B224DC0DD80BF1BA66041C0
Alineacion AT,"{""type"":""Point"",""coordinates"":[-58.266255406053,-34.7546773091082]}",0101000020E6100000BDB03AA814224DC095D31C44996041C0
Alineacion AT,"{""type"":""Point"",""coordinates"":[-58.3310195876383,-34.7617860280549]}",0101000020E6100000F49E8FD95E2A4DC0D1855E34826141C0
Alineacion AT,"{""type"":""Point"",""coordinates"":[-58.3304140126143,-34.7625978398143]}",0101000020E6100000C528A1014B2A4DC05B0057CE9C6141C0
Alineacion AT,"{""type"":""Point"",""coordinates"":[-58.3296601850911,-34.7635656354653]}",0101000020E610000040E1104E322A4DC02056CC84BC6141C0
Alineacion AT,"{""type"":""Point"",""coordinates"":[-58.3289378911239,-34.7645129636305]}",0101000020E61000006F6506A31A2A4DC09F14908FDB6141C0
Alineacion AT,"{""type"":""Point"",""coordinates"":[-58.3282047979296,-34.7654727685868]}",0101000020E6100000B7BF649D022A4DC08487FD02FB6141C0
Alineacion AT,"{""type"":""Point"",""coordinates"":[-58.3276392906538,-34.766213588392]}",0101000020E61000000B1F9315F0294DC07EF26F49136241C0
Alineacion AT,"{""type"":""Point"",""coordinates"":[-58.3268994075214,-34.7671836894843]}",0101000020E61000006F31FCD6D7294DC0062E3C13336241C0
Alineacion AT,"{""type"":""Point"",""coordinates"":[-58.3262155058679,-34.7680902519757]}",0101000020E61000005293006EC1294DC0534E08C8506241C0
Alineacion AT,"{""type"":""Point"",""coordinates"":[-58.3256002443832,-34.7689809659391]}",0101000020E6100000FF98D044AD294DC036FAE1F76D6241C0
Alineacion AT,"{""type"":""Point"",""coordinates"":[-58.3250020980845,-34.7697670678243]}",0101000020E6100000C23333AB99294DC0EAEB2EBA876241C0
Alineacion AT,"{""type"":""Point"",""coordinates"":[-58.3245203480583,-34.7705913254914]}",0101000020E610000000E6FCE189294DC088C88EBCA26241C0
Alineacion AT,"{""type"":""Point"",""coordinates"":[-58.3240636878595,-34.7713216595451]}",0101000020E6100000C0963EEB7A294DC0A8380BABBA6241C0
Alineacion AT,"{""type"":""Point"",""coordinates"":[-58.3234182592681,-34.7723459683311]}",0101000020E6100000283EFFC465294DC0F596913BDC6241C0
Alineacion AT,"{""type"":""Point"",""coordinates"":[-58.3209476268985,-34.7766123492373]}",0101000020E6100000FEA0D4CF14294DC070D29008686341C0
Alineacion AT,"{""type"":""Point"",""coordinates"":[-58.3215874982629,-34.7757976509608]}",0101000020E6100000B8EB75C729294DC05C9861564D6341C0
Alineacion AT,"{""type"":""Point"",""coordinates"":[-58.3221515991587,-34.7749026217122]}",0101000020E6100000CD5E7B433C294DC057EB5402306341C0
Alineacion AT,"{""type"":""Point"",""coordinates"":[-58.3227758053823,-34.7739320262392]}",0101000020E61000004B07B4B750294DC018036334106341C0
Alineacion AT,"{""type"":""Point"",""coordinates"":[-58.3045629360657,-34.8003769072781]}",0101000020E6100000E9FC14EBFB264DC0CF9D20C0726641C0
Alineacion AT,"{""type"":""Point"",""coordinates"":[-58.3054735182946,-34.7991119653796]}",0101000020E6100000426F99C119274DC0E492064D496641C0
Alineacion AT,"{""type"":""Point"",""coordinates"":[-58.3061180382858,-34.7982106938938]}",0101000020E6100000959339E02E274DC0B7CB9CC42B6641C0
Alineacion AT,"{""type"":""Point"",""coordinates"":[-58.3067085771363,-34.7973888556937]}",0101000020E6100000FF19063A42274DC01AB388D6106641C0
Alineacion AT,"{""type"":""Point"",""coordinates"":[-58.3073585935482,-34.7964896850194]}",0101000020E61000008DB7C18657274DC03861BE5FF36541C0
Alineacion AT,"{""type"":""Point"",""coordinates"":[-58.3080683723354,-34.7955040596797]}",0101000020E6100000690ED0C86E274DC06514B813D36541C0
Alineacion AT,"{""type"":""Point"",""coordinates"":[-58.3087986740079,-34.7944913119763]}",0101000020E6100000C1F406B786274DC07EF22CE4B16541C0
Alineacion AT,"{""type"":""Point"",""coordinates"":[-58.3102447862872,-34.7925105369238]}",0101000020E6100000D56DE519B6274DC059E93AFC706541C0
Alineacion AT,"{""type"":""Point"",""coordinates"":[-58.3109616393617,-34.7915582329916]}",0101000020E610000036AF4B97CD274DC011CAB9C7516541C0
Alineacion AT,"{""type"":""Point"",""coordinates"":[-58.3116435200698,-34.7906094392374]}",0101000020E6100000E95A53EFE3274DC07CB7AAB0326541C0
Alineacion AT,"{""type"":""Point"",""coordinates"":[-58.3123548718597,-34.7896023538871]}",0101000020E61000001EB1933EFB274DC010659FB0116541C0
Alineacion AT,"{""type"":""Point"",""coordinates"":[-58.3129377988885,-34.7888020986575]}",0101000020E610000041F485580E284DC007609877F76441C0
Alineacion AT,"{""type"":""Point"",""coordinates"":[-58.3136144671089,-34.7878600191607]}",0101000020E61000007BE4D38424284DC0860FDC98D86441C0
Alineacion AT,"{""type"":""Point"",""coordinates"":[-58.3140845816242,-34.7871993365916]}",0101000020E610000077206FEC33284DC0FC0BA7F2C26441C0
Alineacion AT,"{""type"":""Point"",""coordinates"":[-58.3146701319168,-34.7863769099034]}",0101000020E610000025CE621C47284DC0AE2EA3FFA76441C0
Alineacion AT,"{""type"":""Point"",""coordinates"":[-58.315387702563,-34.7853689487608]}",0101000020E6100000CE08CE9F5E284DC05D1C3FF8866441C0
Alineacion AT,"{""type"":""Point"",""coordinates"":[-58.3161069028201,-34.7843567913108]}",0101000020E61000007AD3E43076284DC0AA89A7CD656441C0
Alineacion AT,"{""type"":""Point"",""coordinates"":[-58.3167775071863,-34.7834704806538]}",0101000020E6100000A3BC542A8C284DC00CE5BDC2486441C0
Alineacion AT,"{""type"":""Point"",""coordinates"":[-58.3174487167952,-34.7824061120715]}",0101000020E61000007565D828A2284DC0CCC42BE2256441C0
Alineacion AT,"{""type"":""Point"",""coordinates"":[-58.3180938146425,-34.7813196267428]}",0101000020E61000008D79514CB7284DC0AC4A1248026441C0
Alineacion AT,"{""type"":""Point"",""coordinates"":[-58.3186962479253,-34.780330032595]}",0101000020E61000003619E509CB284DC0850AC1DAE16341C0
Alineacion AT,"{""type"":""Point"",""coordinates"":[-58.3019894476786,-34.8017941692891]}",0101000020E61000001EC21897A7264DC02D9CFB30A16641C0
Alineacion AT,"{""type"":""Point"",""coordinates"":[-58.3028984868935,-34.8016037604071]}",0101000020E6100000939BAB60C5264DC043A6B7F39A6641C0
Alineacion AT,"{""type"":""Point"",""coordinates"":[-58.2996290559665,-34.8031590494733]}",0101000020E61000005D27B23E5A264DC0B97C6DEACD6641C0
Alineacion AT,"{""type"":""Point"",""coordinates"":[-58.2987389668618,-34.8041386825002]}",0101000020E61000002F5B16143D264DC0BD642F04EE6641C0
Alineacion AT,"{""type"":""Point"",""coordinates"":[-58.2980925292818,-34.8049239351783]}",0101000020E61000003B3960E527264DC0DEAD5CBF076741C0
Alineacion AT,"{""type"":""Point"",""coordinates"":[-58.2973330642765,-34.8057607776671]}",0101000020E61000001F8B85020F264DC06E3D4E2B236741C0
Alineacion AT,"{""type"":""Point"",""coordinates"":[-58.2948889034636,-34.8080671250843]}",0101000020E61000002E2A6AEBBE254DC0D69A59BE6E6741C0
Alineacion AT,"{""type"":""Point"",""coordinates"":[-58.2941875300379,-34.8089635743129]}",0101000020E6100000B033DEEFA7254DC029AA4F1E8C6741C0
Alineacion AT,"{""type"":""Point"",""coordinates"":[-58.2935703213353,-34.8097397017788]}",0101000020E6100000069B58B693254DC0D6B4F08CA56741C0
Alineacion AT,"{""type"":""Point"",""coordinates"":[-58.2903169151561,-34.8139044912257]}",0101000020E61000001C09CC1A29254DC0E9F0B9052E6841C0
Alineacion AT,"{""type"":""Point"",""coordinates"":[-58.2910262043968,-34.8130702343097]}",0101000020E6100000E814BF5840254DC00CDB78AF126841C0
Alineacion AT,"{""type"":""Point"",""coordinates"":[-58.2916159385535,-34.812333104884]}",0101000020E61000002B8ACBAB53254DC0AB77FB87FA6741C0
Alineacion AT,"{""type"":""Point"",""coordinates"":[-58.2854451932955,-34.8203858841911]}",0101000020E61000008F00D57789244DC0AF599767026941C0
Alineacion AT,"{""type"":""Point"",""coordinates"":[-58.2862451225409,-34.8193316380785]}",0101000020E6100000EDF91FAEA3244DC00E10EFDBDF6841C0
Alineacion AT,"{""type"":""Point"",""coordinates"":[-58.2870899754729,-34.8183372886625]}",0101000020E61000002ED5435DBF244DC08BF3B946BF6841C0
Alineacion AT,"{""type"":""Point"",""coordinates"":[-58.2880105727817,-34.8172988716725]}",0101000020E6100000F37FCB87DD244DC00C72DA3F9D6841C0
Alineacion AT,"{""type"":""Point"",""coordinates"":[-58.2837878464897,-34.8210654897633]}",0101000020E610000077D6FF2853244DC0333489AC186941C0
Alineacion AT,"{""type"":""Point"",""coordinates"":[-58.2828886531042,-34.8206005795413]}",0101000020E610000000BF04B235244DC0B41A9670096941C0
Alineacion AT,"{""type"":""Point"",""coordinates"":[-58.2820985395018,-34.8201768281436]}",0101000020E61000006BB410CE1B244DC023E8E68DFB6841C0
Alineacion AT,"{""type"":""Point"",""coordinates"":[-58.2811762752765,-34.81968990376]}",0101000020E6100000A25C8D95FD234DC055C14899EB6841C0
Alineacion AT,"{""type"":""Point"",""coordinates"":[-58.2803584775682,-34.8192498853414]}",0101000020E6100000E6275EC9E2234DC08665242EDD6841C0
Alineacion AT,"{""type"":""Point"",""coordinates"":[-58.2792793572805,-34.818702308997]}",0101000020E6100000DAFB0C6DBF234DC0A826BD3CCB6841C0
Alineacion AT,"{""type"":""Point"",""coordinates"":[-58.2768352189492,-34.8186494353045]}",0101000020E610000047E221566F234DC0C9C23381C96841C0
Alineacion AT,"{""type"":""Point"",""coordinates"":[-58.2741146156416,-34.8204521525149]}",0101000020E6100000A4C40E3016234DC0FB7D7D93046941C0
Alineacion AT,"{""type"":""Point"",""coordinates"":[-58.2752752839684,-34.8189462212736]}",0101000020E6100000500573383C234DC0C4C6D23AD36841C0
Alineacion AT,"{""type"":""Point"",""coordinates"":[-58.2747174798631,-34.819669437279]}",0101000020E610000060D33FF129234DC0715299EDEA6841C0
Alineacion AT,"{""type"":""Point"",""coordinates"":[-58.2700904514207,-34.8193809993812]}",0101000020E61000002DE8EB5292224DC030A7017AE16841C0
Alineacion AT,"{""type"":""Point"",""coordinates"":[-58.2718835544275,-34.8203168830525]}",0101000020E61000000C4B8F14CD224DC09488C424006941C0
Alineacion AT,"{""type"":""Point"",""coordinates"":[-58.270970599829,-34.8198414999616]}",0101000020E6100000B238242AAF224DC08D1EF790F06841C0
Alineacion AT,"{""type"":""Point"",""coordinates"":[-58.272770085059,-34.820779342679]}",0101000020E6100000EA535121EA224DC0F904294C0F6941C0
Alineacion AT,"{""type"":""Point"",""coordinates"":[-58.2789674469207,-34.8171594921564]}",0101000020E61000002B968E34B5234DC0BA36A7AE986841C0
Alineacion AT,"{""type"":""Point"",""coordinates"":[-58.2798766122728,-34.8176449901922]}",0101000020E61000003E5030FFD2234DC08C4E4E97A86841C0
Alineacion AT,"{""type"":""Point"",""coordinates"":[-58.2807972804561,-34.818123727938]}",0101000020E6100000B22E502AF1234DC0A3C93F47B86841C0
Alineacion AT,"{""type"":""Point"",""coordinates"":[-58.2816906774512,-34.8185847489143]}",0101000020E6100000D69EAB700E244DC0B0CB9262C76841C0
Alineacion AT,"{""type"":""Point"",""coordinates"":[-58.2825254503371,-34.8190165328478]}",0101000020E610000022BE40CB29244DC074BBA388D56841C0
Alineacion AT,"{""type"":""Point"",""coordinates"":[-58.2833486554774,-34.8194521467375]}",0101000020E61000000D52CCC444244DC0EE6FD5CEE36841C0
Alineacion AT,"{""type"":""Point"",""coordinates"":[-58.2841795059986,-34.8198933627911]}",0101000020E6100000923A7AFE5F244DC093B20544F26841C0
Alineacion AT,"{""type"":""Point"",""coordinates"":[-58.2737221760516,-34.8166450556692]}",0101000020E6100000762A095409234DC003453FD3876841C0
Alineacion AT,"{""type"":""Point"",""coordinates"":[-58.2748047217109,-34.816673961006]}",0101000020E6100000744416CD2C234DC00002B9C5886841C0
Alineacion AT,"{""type"":""Point"",""coordinates"":[-58.2759811505676,-34.8167145469096]}",0101000020E61000000900B05953234DC072922E1A8A6841C0
Alineacion AT,"{""type"":""Point"",""coordinates"":[-58.2769692835463,-34.8167488304067]}",0101000020E6100000FA69BFBA73234DC050D2C5398B6841C0
Alineacion AT,"{""type"":""Point"",""coordinates"":[-58.2701120091878,-34.8158193815971]}",0101000020E6100000F4DBC20793224DC089B3FDC46C6841C0
Alineacion AT,"{""type"":""Point"",""coordinates"":[-58.2717658904393,-34.8160071354386]}",0101000020E610000079CD8539C9224DC07A01FCEB726841C0
Alineacion AT,"{""type"":""Point"",""coordinates"":[-58.4167425578652,-34.8228736422914]}",0101000020E6100000ED70F4D157354DC0E5306BEC536941C0
Alineacion AT,"{""type"":""Point"",""coordinates"":[-58.41623883174,-34.823561345435]}",0101000020E610000005D3645047354DC04E724A756A6941C0
Alineacion AT,"{""type"":""Point"",""coordinates"":[-58.4157371739486,-34.8242657169114]}",0101000020E61000009EEB2EE036354DC096ACFC89816941C0
Alineacion AT,"{""type"":""Point"",""coordinates"":[-58.4152187776759,-34.8249809375426]}",0101000020E6100000CF668FE325354DC0D648B1F9986941C0
Alineacion AT,"{""type"":""Point"",""coordinates"":[-58.4147288488455,-34.8256548066313]}",0101000020E6100000EB3FBDD515354DC02822840EAF6941C0
Alineacion AT,"{""type"":""Point"",""coordinates"":[-58.4141813849173,-34.8264071622727]}",0101000020E6100000776A47E503354DC01F92BBB5C76941C0
Alineacion AT,"{""type"":""Point"",""coordinates"":[-58.4137087669163,-34.8270420148385]}",0101000020E6100000ADFCAB68F4344DC01F134383DC6941C0
Alineacion AT,"{""type"":""Point"",""coordinates"":[-58.4132386617384,-34.8277158340348]}",0101000020E6100000F7CD2401E5344DC0CBC7AA97F26941C0
Alineacion AT,"{""type"":""Point"",""coordinates"":[-58.4127648015014,-34.8283588442457]}",0101000020E6100000B3B11D7AD5344DC09BB1A0A9076A41C0
Alineacion AT,"{""type"":""Point"",""coordinates"":[-58.4122473310359,-34.8290589049172]}",0101000020E6100000D0544285C4344DC0DE89299A1E6A41C0
Alineacion AT,"{""type"":""Point"",""coordinates"":[-58.4092142768834,-34.8064969965476]}",0101000020E61000009E22282261344DC03A3F284B3B6741C0
Alineacion AT,"{""type"":""Point"",""coordinates"":[-58.4100540343237,-34.8069259075415]}",0101000020E6100000B4818DA67C344DC0C4971F59496741C0
Alineacion AT,"{""type"":""Point"",""coordinates"":[-58.4108167696874,-34.8072823789121]}",0101000020E61000005B3AD7A495344DC041086C07556741C0
Alineacion AT,"{""type"":""Point"",""coordinates"":[-58.4117354367865,-34.8077360964672]}",0101000020E610000014CD2DBFB3344DC011107BE5636741C0
Alineacion AT,"{""type"":""Point"",""coordinates"":[-58.4126093086275,-34.8081676793194]}",0101000020E6100000464ABF61D0344DC0302EDC09726741C0
Alineacion AT,"{""type"":""Point"",""coordinates"":[-58.4131471930851,-34.8084333213413]}",0101000020E6100000115ED901E2344DC028143ABE7A6741C0
Alineacion AT,"{""type"":""Point"",""coordinates"":[-58.4139735328695,-34.8088414133509]}",0101000020E6100000BF8AB015FD344DC008FF8C1D886741C0
Alineacion AT,"{""type"":""Point"",""coordinates"":[-58.4147580791135,-34.809345279295]}",0101000020E6100000AAC5F0CA16354DC03BDF48A0986741C0
Alineacion AT,"{""type"":""Point"",""coordinates"":[-58.415617449549,-34.8097320129337]}",0101000020E6100000DCBADCF332354DC08B09714CA56741C0
Alineacion AT,"{""type"":""Point"",""coordinates"":[-58.4164061942411,-34.8101365019629]}",0101000020E6100000070F55CC4C354DC0009D8A8DB26741C0
Alineacion AT,"{""type"":""Point"",""coordinates"":[-58.417124094443,-34.810489653044]}",0101000020E6100000C900845264354DC0FCC8FC1FBE6741C0
Alineacion AT,"{""type"":""Point"",""coordinates"":[-58.4180260591654,-34.8109279075102]}",0101000020E6100000E47EBEE081354DC0C215557CCC6741C0
Alineacion AT,"{""type"":""Point"",""coordinates"":[-58.4187735132238,-34.8112886803017]}",0101000020E61000001BDDD75E9A354DC062C1B64ED86741C0
Alineacion AT,"{""type"":""Point"",""coordinates"":[-58.4195673892819,-34.8116723508787]}",0101000020E610000087B75B62B4354DC0B20B2DE1E46741C0
Alineacion AT,"{""type"":""Point"",""coordinates"":[-58.4204060680096,-34.8120958634796]}",0101000020E61000001892B4DDCF354DC04A6EDBC1F26741C0
Alineacion AT,"{""type"":""Point"",""coordinates"":[-58.4212396388209,-34.8125263124809]}",0101000020E6100000D841342EEB354DC05B9FB9DC006841C0
Alineacion AT,"{""type"":""Point"",""coordinates"":[-58.4221132782076,-34.8129583934825]}",0101000020E6100000F88DD2CE07364DC0098248050F6841C0
Alineacion AT,"{""type"":""Point"",""coordinates"":[-58.4229486931043,-34.8133720894885]}",0101000020E61000006E62CA2E23364DC08EEA9D931C6841C0
Alineacion AT,"{""type"":""Point"",""coordinates"":[-58.4118843495285,-34.8020315087424]}",0101000020E6100000C67A59A0B8344DC07D34EEF7A86641C0
Alineacion AT,"{""type"":""Point"",""coordinates"":[-58.4111989794329,-34.8029012665068]}",0101000020E61000000F680C2BA2344DC025C8FC77C56641C0
Alineacion AT,"{""type"":""Point"",""coordinates"":[-58.4105956016175,-34.8037103273299]}",0101000020E61000000D6A8C658E344DC077ABE1FADF6641C0
Alineacion AT,"{""type"":""Point"",""coordinates"":[-58.4102419980949,-34.8043093321643]}",0101000020E6100000B4A14ECF82344DC0B6C1B29BF36641C0
Alineacion AT,"{""type"":""Point"",""coordinates"":[-58.4098234018171,-34.8048756427814]}",0101000020E61000004FF8DD1775344DC0E78B412A066741C0
Alineacion AT,"{""type"":""Point"",""coordinates"":[-58.4093387404508,-34.8055311648664]}",0101000020E61000006B9C3B3665344DC045812CA51B6741C0
Alineacion AT,"{""type"":""Point"",""coordinates"":[-58.4156069761937,-34.8122273224064]}",0101000020E6100000E15E019C32354DC097539D10F76741C0
Alineacion AT,"{""type"":""Point"",""coordinates"":[-58.4150893583201,-34.8129297188677]}",0101000020E61000008A73E9A521354DC0D43DBE140E6841C0
Alineacion AT,"{""type"":""Point"",""coordinates"":[-58.4140823695074,-34.8143123152839]}",0101000020E61000003071ADA600354DC0F16FCD623B6841C0
Alineacion AT,"{""type"":""Point"",""coordinates"":[-58.4145771912102,-34.8136339546613]}",0101000020E610000027F58ADD10354DC0C0174D28256841C0
Alineacion AT,"{""type"":""Point"",""coordinates"":[-58.4135782287045,-34.8150007914236]}",0101000020E6100000CC4FA321F0344DC072B028F2516841C0
Alineacion AT,"{""type"":""Point"",""coordinates"":[-58.4130637817649,-34.81569617496]}",0101000020E6100000CCEB2446DF344DC07C7675BB686841C0
Alineacion AT,"{""type"":""Point"",""coordinates"":[-58.4125799169311,-34.8163633091744]}",0101000020E6100000481A316BCF344DC07E47C9977E6841C0
Alineacion AT,"{""type"":""Point"",""coordinates"":[-58.4120565447987,-34.8170655867511]}",0101000020E6100000B001D444BE344DC035E4EA9A956841C0
Alineacion AT,"{""type"":""Point"",""coordinates"":[-58.4115444366415,-34.8177577695264]}",0101000020E6100000EB1CF47CAD344DC03B155E49AC6841C0
Alineacion AT,"{""type"":""Point"",""coordinates"":[-58.4110733119755,-34.8184022939347]}",0101000020E6100000B498DF0C9E344DC0E2B50768C16841C0
Alineacion AT,"{""type"":""Point"",""coordinates"":[-58.4105842841365,-34.8190902904523]}",0101000020E6100000144F9C068E344DC058FB5CF3D76841C0
Alineacion AT,"{""type"":""Point"",""coordinates"":[-58.4100786114922,-34.8197817185281]}",0101000020E6100000F992B8747D344DC0EB777B9BEE6841C0
Alineacion AT,"{""type"":""Point"",""coordinates"":[-58.4095475018119,-34.8205065881679]}",0101000020E61000006B38730D6C344DC0B32A215C066941C0
Alineacion AT,"{""type"":""Point"",""coordinates"":[-58.4090268097859,-34.8212353383695]}",0101000020E6100000DD9B91FD5A344DC0E64E543D1E6941C0
Alineacion AT,"{""type"":""Point"",""coordinates"":[-58.4079987980921,-34.8226198323471]}",0101000020E6100000784EFB4D39344DC0637C4E9B4B6941C0
Alineacion AT,"{""type"":""Point"",""coordinates"":[-58.4085369614904,-34.8218918618547]}",0101000020E610000082676CF04A344DC0E1C1A5C0336941C0
Alineacion AT,"{""type"":""Point"",""coordinates"":[-58.4072914900418,-34.8236284138117]}",0101000020E610000095D5A62022344DC051B0E6A76C6941C0
Alineacion AT,"{""type"":""Point"",""coordinates"":[-58.4076013349604,-34.8231609240044]}",0101000020E6100000FEBAD1472C344DC0D5F84F565D6941C0
Alineacion AT,"{""type"":""Point"",""coordinates"":[-58.4084011985285,-34.8078631400318]}",0101000020E6100000D9A98F7D46344DC04A0A330F686741C0
Alineacion AT,"{""type"":""Point"",""coordinates"":[-58.4092537479973,-34.8082857768098]}",0101000020E6100000FDB4436D62344DC0249C88E8756741C0
Alineacion AT,"{""type"":""Point"",""coordinates"":[-58.4100997752737,-34.8087082526108]}",0101000020E6100000E37241267E344DC0FC7B84C0836741C0
Alineacion AT,"{""type"":""Point"",""coordinates"":[-58.4109443541483,-34.8091292718142]}",0101000020E610000081C518D399344DC0D156488C916741C0
Alineacion AT,"{""type"":""Point"",""coordinates"":[-58.4117691112073,-34.8095394818695]}",0101000020E6100000BC11A9D9B4344DC09DB95FFD9E6741C0
Alineacion AT,"{""type"":""Point"",""coordinates"":[-58.4126134424892,-34.8099593927073]}",0101000020E6100000CCB06C84D0344DC00362D7BFAC6741C0
Alineacion AT,"{""type"":""Point"",""coordinates"":[-58.4134896581348,-34.8103661038039]}",0101000020E61000002476A73AED344DC0EFCF9413BA6741C0
Alineacion AT,"{""type"":""Point"",""coordinates"":[-58.4142486283251,-34.8107546477628]}",0101000020E6100000D8885B1906354DC04F9CECCEC66741C0
Alineacion AT,"{""type"":""Point"",""coordinates"":[-58.4150454843412,-34.8111677910755]}",0101000020E610000086CCDE3520354DC0761E9F58D46741C0
Alineacion AT,"{""type"":""Point"",""coordinates"":[-58.2665368438601,-34.7514331292213]}",0101000020E610000075C719E11D224DC07091F5F52E6041C0
Alineacion AT,"{""type"":""Point"",""coordinates"":[-58.2656215201823,-34.7515595002984]}",0101000020E6100000FD25CFE2FF214DC0CE63091A336041C0
Alineacion AT,"{""type"":""Point"",""coordinates"":[-58.2647272692247,-34.7516805409082]}",0101000020E6100000F5D64995E2214DC0C01E6611376041C0
Alineacion AT,"{""type"":""Point"",""coordinates"":[-58.2637896360849,-34.7518059663701]}",0101000020E61000000E01DADBC3214DC0A63F8B2D3B6041C0
Alineacion AT,"{""type"":""Point"",""coordinates"":[-58.2628519400835,-34.7519310774894]}",0101000020E6100000A32CE321A5214DC0D9540D473F6041C0
Alineacion AT,"{""type"":""Point"",""coordinates"":[-58.2728647788606,-34.7385558102083]}",0101000020E6100000DCB7AA3BED224DC0C58E2DFF885E41C0
Alineacion AT,"{""type"":""Point"",""coordinates"":[-58.2735384719466,-34.7389708438076]}",0101000020E6100000A89A034F03234DC0F36CBB98965E41C0
Alineacion AT,"{""type"":""Point"",""coordinates"":[-58.2742990303196,-34.7394404595339]}",0101000020E61000000B460A3B1C234DC0C28427FCA55E41C0
Alineacion AT,"{""type"":""Point"",""coordinates"":[-58.2619411298632,-34.7505103432752]}",0101000020E6100000B61E754987214DC099D611B9106041C0
Alineacion AT,"{""type"":""Point"",""coordinates"":[-58.262357236387,-34.7499279764274]}",0101000020E6100000521303EC94214DC03E8ED2A3FD5F41C0
Alineacion AT,"{""type"":""Point"",""coordinates"":[-58.2627733369378,-34.7493456079388]}",0101000020E61000005334848EA2214DC0C5BF8F8EEA5F41C0
Alineacion AT,"{""type"":""Point"",""coordinates"":[-58.2631838836448,-34.7487710027396]}",0101000020E6100000588B6E02B0214DC0D57A6CBAD75F41C0
Alineacion AT,"{""type"":""Point"",""coordinates"":[-58.2635823400012,-34.7481805669209]}",0101000020E6100000D70DED10BD214DC0C6367D61C45F41C0
Alineacion AT,"{""type"":""Point"",""coordinates"":[-58.2706151474065,-34.7382071727273]}",0101000020E6100000DCF46384A3224DC0A74498927D5E41C0
Alineacion AT,"{""type"":""Point"",""coordinates"":[-58.2702600064602,-34.7387349837588]}",0101000020E6100000E79440E197224DC0E1D331DE8E5E41C0
Alineacion AT,"{""type"":""Point"",""coordinates"":[-58.2699018146399,-34.7392665514033]}",0101000020E6100000398185248C224DC0DFA64E49A05E41C0
Alineacion AT,"{""type"":""Point"",""coordinates"":[-58.2694902056288,-34.7398767100699]}",0101000020E610000051E2B1A77E224DC03A69B047B45E41C0
Alineacion AT,"{""type"":""Point"",""coordinates"":[-58.2690542884255,-34.7405221118789]}",0101000020E610000065D1F45E70224DC00F3EB66DC95E41C0
Alineacion AT,"{""type"":""Point"",""coordinates"":[-58.2685246940592,-34.7412740786627]}",0101000020E61000008F9365045F224DC0519DAA11E25E41C0
Alineacion AT,"{""type"":""Point"",""coordinates"":[-58.2680775266798,-34.7418937344058]}",0101000020E6100000EDF0485D50224DC0B230B75FF65E41C0
Alineacion AT,"{""type"":""Point"",""coordinates"":[-58.2675815615933,-34.7425889437891]}",0101000020E61000002B07D41C40224DC0FDF88D270D5F41C0
Alineacion AT,"{""type"":""Point"",""coordinates"":[-58.2670898373315,-34.743280943152]}",0101000020E61000006337F2FF2F224DC0FC4977D4235F41C0
Alineacion AT,"{""type"":""Point"",""coordinates"":[-58.2666180029545,-34.7439408320945]}",0101000020E6100000789BE98920224DC0A2000474395F41C0
Alineacion AT,"{""type"":""Point"",""coordinates"":[-58.2661433853474,-34.7446046005989]}",0101000020E61000008F0E88FC10224DC003031C344F5F41C0
Alineacion AT,"{""type"":""Point"",""coordinates"":[-58.2656878435939,-34.7452358861404]}",0101000020E610000016972B0F02224DC0A563B7E3635F41C0
Alineacion AT,"{""type"":""Point"",""coordinates"":[-58.2652460145177,-34.7458198731689]}",0101000020E6100000BFDFD694F3214DC0D6FB8D06775F41C0
Alineacion AT,"{""type"":""Point"",""coordinates"":[-58.2648285878385,-34.7464119307859]}",0101000020E6100000FDE735E7E5214DC0ED08186D8A5F41C0
Alineacion AT,"{""type"":""Point"",""coordinates"":[-58.264411179444,-34.7470039978928]}",0101000020E61000005234BC39D8214DC01F77B6D39D5F41C0
Alineacion AT,"{""type"":""Point"",""coordinates"":[-58.2639939246374,-34.7475961363535]}",0101000020E610000083548C8DCA214DC08C20EE3AB15F41C0
Alineacion AT,"{""type"":""Point"",""coordinates"":[-58.3322123160336,-34.6568211494271]}",0101000020E6100000B058E4EE852A4DC02A0E26B7125441C0
Alineacion AT,"{""type"":""Point"",""coordinates"":[-58.3317735295221,-34.657163202001]}",0101000020E6100000EE7C158E772A4DC0505D7EEC1D5441C0
Alineacion AT,"{""type"":""Point"",""coordinates"":[-58.3310075831721,-34.6577379383465]}",0101000020E6100000DD39DC745E2A4DC0B144BBC1305441C0
Alineacion AT,"{""type"":""Point"",""coordinates"":[-58.3301485358427,-34.6583004049144]}",0101000020E61000001F22A64E422A4DC088060B30435441C0
Alineacion AT,"{""type"":""Point"",""coordinates"":[-58.3293961518035,-34.6588779635278]}",0101000020E61000004FB631A7292A4DC01AB4F41C565441C0
Alineacion AT,"{""type"":""Point"",""coordinates"":[-58.3285813437017,-34.6595034265672]}",0101000020E61000001FA316F40E2A4DC0665AB89B6A5441C0
Alineacion AT,"{""type"":""Point"",""coordinates"":[-58.3277948936497,-34.6601071069453]}",0101000020E6100000BC02DE2EF5294DC0FA17C2637E5441C0
Alineacion AT,"{""type"":""Point"",""coordinates"":[-58.3270084322141,-34.6607107818616]}",0101000020E610000014F08C69DB294DC0E71AC02B925441C0
Alineacion AT,"{""type"":""Point"",""coordinates"":[-58.3262003813791,-34.6613310136563]}",0101000020E61000009FFB20EFC0294DC0FFBDA17EA65441C0
Alineacion AT,"{""type"":""Point"",""coordinates"":[-58.3254423482852,-34.661912839936]}",0101000020E6100000294F4918A8294DC0F529588FB95441C0
Alineacion AT,"{""type"":""Point"",""coordinates"":[-58.3246358725832,-34.6625318337367]}",0101000020E610000034ED13AB8D294DC09C3AD7D7CD5441C0
Alineacion AT,"{""type"":""Point"",""coordinates"":[-58.3239799578812,-34.6630352565234]}",0101000020E61000005DD4DD2C78294DC0736EDB56DE5441C0
Alineacion AT,"{""type"":""Point"",""coordinates"":[-58.3092154816098,-34.675141954531]}",0101000020E61000003077765F94274DC01D6F330D6B5641C0
Alineacion AT,"{""type"":""Point"",""coordinates"":[-58.3100028049643,-34.6745223530615]}",0101000020E6100000B17E022CAE274DC0F3689BBF565641C0
Alineacion AT,"{""type"":""Point"",""coordinates"":[-58.3106728780014,-34.6739950127317]}",0101000020E61000009562FD20C4274DC0C1ACF477455641C0
Alineacion AT,"{""type"":""Point"",""coordinates"":[-58.3114388985669,-34.6733921496723]}",0101000020E61000000806D63ADD274DC0E81CC6B6315641C0
Alineacion AT,"{""type"":""Point"",""coordinates"":[-58.312207514302,-34.672787230211]}",0101000020E610000006BF736AF6274DC0187657E41D5641C0
Alineacion AT,"{""type"":""Point"",""coordinates"":[-58.3129698007476,-34.6721872781967]}",0101000020E6100000626CF9640F284DC02E52943B0A5641C0
Alineacion AT,"{""type"":""Point"",""coordinates"":[-58.3137359460202,-34.6715842752376]}",0101000020E610000040DEDD7F28284DC0A3533979F65541C0
Alineacion AT,"{""type"":""Point"",""coordinates"":[-58.3145032647982,-34.6709803346923]}",0101000020E610000092659AA441284DC098E100AFE25541C0
Alineacion AT,"{""type"":""Point"",""coordinates"":[-58.3151426359789,-34.6704770883555]}",0101000020E61000006A8D099856284DC0249A7731D25541C0
Alineacion AT,"{""type"":""Point"",""coordinates"":[-58.315932125517,-34.6698556711133]}",0101000020E6100000F66CC17670284DC0693CA4D4BD5541C0
Alineacion AT,"{""type"":""Point"",""coordinates"":[-58.3167204187185,-34.6692351807649]}",0101000020E61000008A2F704B8A284DC0E45B977FA95541C0
Alineacion AT,"{""type"":""Point"",""coordinates"":[-58.3175113061741,-34.6686126335867]}",0101000020E61000006110E235A4284DC046794919955541C0
Alineacion AT,"{""type"":""Point"",""coordinates"":[-58.318300839357,-34.667991137617]}",0101000020E6100000F3A9F714BE284DC0950ACDBB805541C0
Alineacion AT,"{""type"":""Point"",""coordinates"":[-58.3190907555845,-34.6673693253284]}",0101000020E610000084D843F7D7284DC0C751A95B6C5541C0
Alineacion AT,"{""type"":""Point"",""coordinates"":[-58.3198802651922,-34.6667478183192]}",0101000020E610000076D126D6F1284DC0212E15FE575541C0
Alineacion AT,"{""type"":""Point"",""coordinates"":[-58.3206699209548,-34.6661261814719]}",0101000020E6100000E6A743B60B294DC036376A9F435541C0
Alineacion AT,"{""type"":""Point"",""coordinates"":[-58.3214597228655,-34.6655044147835]}",0101000020E61000001C589A9725294DC0606BA83F2F5541C0
Alineacion AT,"{""type"":""Point"",""coordinates"":[-58.3091409834304,-34.6762960655041]}",0101000020E6100000E9D786EE91274DC072E095DE905641C0
Alineacion AT,"{""type"":""Point"",""coordinates"":[-58.3098022510424,-34.6768695485116]}",0101000020E61000002B3AA499A7274DC002424FA9A35641C0
Alineacion AT,"{""type"":""Point"",""coordinates"":[-58.310464129675,-34.6774435501428]}",0101000020E610000087C4E149BD274DC0F35F6278B65641C0
Alineacion AT,"{""type"":""Point"",""coordinates"":[-58.3111273717702,-34.6780187228682]}",0101000020E610000057528F05D3274DC0B0654851C95641C0
Alineacion AT,"{""type"":""Point"",""coordinates"":[-58.3117894943857,-34.6785929134788]}",0101000020E6100000B9CFD8B7E8274DC02858F121DC5641C0
Alineacion AT,"{""type"":""Point"",""coordinates"":[-58.3124510242036,-34.6791665787055]}",0101000020E610000030472965FE274DC0C00932EEEE5641C0
Alineacion AT,"{""type"":""Point"",""coordinates"":[-58.3131133908168,-34.6797409582889]}",0101000020E6100000BDBF7E1914284DC023CD70C0015741C0
Alineacion AT,"{""type"":""Point"",""coordinates"":[-58.3137759922936,-34.680315530223]}",0101000020E6100000E995CCCF29284DC065A24C94145741C0
Alineacion AT,"{""type"":""Point"",""coordinates"":[-58.3037646908179,-34.6841795591956]}",0101000020E6100000015FEAC2E1264DC023AB1F32935741C0
Alineacion AT,"{""type"":""Point"",""coordinates"":[-58.3047476468904,-34.6838823282326]}",0101000020E6100000AC768CF801274DC02509C574895741C0
Alineacion AT,"{""type"":""Point"",""coordinates"":[-58.3057313133254,-34.6835848722715]}",0101000020E6100000420C243422274DC0263987B57F5741C0
Alineacion AT,"{""type"":""Point"",""coordinates"":[-58.3067136412647,-34.6832878108865]}",0101000020E61000000E3C816442274DC0AAC198F9755741C0
Alineacion AT,"{""type"":""Point"",""coordinates"":[-58.3076987284049,-34.6829899048846]}",0101000020E61000008DC203AC62274DC01C7D94366C5741C0
Alineacion AT,"{""type"":""Point"",""coordinates"":[-58.3086806330966,-34.6826929511151]}",0101000020E61000008207D4D882274DC0E81F8D7B625741C0
Alineacion AT,"{""type"":""Point"",""coordinates"":[-58.3096633505919,-34.6823957413616]}",0101000020E6100000F0C7750CA3274DC0F40960BE585741C0
Alineacion AT,"{""type"":""Point"",""coordinates"":[-58.3106465735546,-34.6820983685474]}",0101000020E61000000C045544C3274DC072C8D4FF4E5741C0
Alineacion AT,"{""type"":""Point"",""coordinates"":[-58.3116272287926,-34.6818017621838]}",0101000020E61000008B1AAA66E3274DC0A077B747455741C0
Alineacion AT,"{""type"":""Point"",""coordinates"":[-58.3126095163329,-34.6815046519467]}",0101000020E6100000BC88B09603284DC06D17608B3B5741C0
Alineacion AT,"{""type"":""Point"",""coordinates"":[-58.3021946425167,-34.6849422637533]}",0101000020E61000005C516550AE264DC0FE3B2730AC5741C0
Alineacion AT,"{""type"":""Point"",""coordinates"":[-58.2955162730875,-34.6870757468199]}",0101000020E6100000642C2C7AD3254DC0B33B1B19F25741C0
Alineacion AT,"{""type"":""Point"",""coordinates"":[-58.2964239619927,-34.6868453607835]}",0101000020E610000031416B38F1254DC0B4FC7C8CEA5741C0
Alineacion AT,"{""type"":""Point"",""coordinates"":[-58.2973293519069,-34.6866155501668]}",0101000020E61000005E4A61E30E264DC01672B204E35741C0
Alineacion AT,"{""type"":""Point"",""coordinates"":[-58.2977503462732,-34.686507195039]}",0101000020E6100000DCCEEFAE1C264DC0A694BF77DF5741C0
Alineacion AT,"{""type"":""Point"",""coordinates"":[-58.2985311083893,-34.6863105018125]}",0101000020E61000006DAF714436264DC0CA17C405D95741C0
Alineacion AT,"{""type"":""Point"",""coordinates"":[-58.299281628385,-34.6861199860259]}",0101000020E6100000831A43DC4E264DC0798E9AC7D25741C0
Alineacion AT,"{""type"":""Point"",""coordinates"":[-58.3000317279958,-34.6859295713948]}",0101000020E610000094C08D7067264DC005404A8ACC5741C0
Alineacion AT,"{""type"":""Point"",""coordinates"":[-58.2930109476625,-34.688618237892]}",0101000020E61000004FCAFA6181254DC0699675A4245841C0
Alineacion AT,"{""type"":""Point"",""coordinates"":[-58.2899566936955,-34.6883979640602]}",0101000020E6100000D7560A4D1D254DC0C722AB6C1D5841C0
Alineacion AT,"{""type"":""Point"",""coordinates"":[-58.2917287401922,-34.6878119879276]}",0101000020E6100000E4360B5E57254DC013F924390A5841C0
Alineacion AT,"{""type"":""Point"",""coordinates"":[-58.2845756838978,-34.6911084160675]}",0101000020E6100000FAC9DBF96C244DC00680963D765841C0
Alineacion AT,"{""type"":""Point"",""coordinates"":[-58.2854863681509,-34.6904908058727]}",0101000020E6100000BF543BD18A244DC0B9B4B200625841C0
Alineacion AT,"{""type"":""Point"",""coordinates"":[-58.3113836441613,-34.6901938022838]}",0101000020E61000004917546BDB274DC0FD5A4045585841C0
Alineacion AT,"{""type"":""Point"",""coordinates"":[-58.3021115175737,-34.7042093426527]}",0101000020E6100000AEDC1797AB264DC0921D2088235A41C0
Alineacion AT,"{""type"":""Point"",""coordinates"":[-58.3007625219294,-34.7053063537603]}",0101000020E61000004BC6E5627F264DC0DB87857A475A41C0
Alineacion AT,"{""type"":""Point"",""coordinates"":[-58.2993971175761,-34.7064166625705]}",0101000020E6100000C2400EA552264DC07D8B77DC6B5A41C0
Alineacion AT,"{""type"":""Point"",""coordinates"":[-58.2978841799122,-34.7076468873532]}",0101000020E6100000015C9D1121264DC02C26572C945A41C0
Alineacion AT,"{""type"":""Point"",""coordinates"":[-58.2968766477507,-34.7084661169978]}",0101000020E61000008A84D20D00264DC0336A8904AF5A41C0
Alineacion AT,"{""type"":""Point"",""coordinates"":[-58.2988012128039,-34.7113304225]}",0101000020E6100000BC7F3E1E3F264DC0CDA412E00C5B41C0
Alineacion AT,"{""type"":""Point"",""coordinates"":[-58.2981271664419,-34.7107655372104]}",0101000020E61000005EF5EE0729264DC0A5B8785DFA5A41C0
Alineacion AT,"{""type"":""Point"",""coordinates"":[-58.2974849672831,-34.7102190862453]}",0101000020E61000002AC4C6FC13264DC093358275E85A41C0
Alineacion AT,"{""type"":""Point"",""coordinates"":[-58.2968002000764,-34.7096125766759]}",0101000020E61000001B63888CFD254DC0A2D3BC95D45A41C0
Alineacion AT,"{""type"":""Point"",""coordinates"":[-58.2968972662702,-34.7095829322382]}",0101000020E61000007E73C8BA00264DC0A2E10F9DD35A41C0
Alineacion AT,"{""type"":""Point"",""coordinates"":[-58.3009666883933,-34.7129514692206]}",0101000020E6100000DAEA911386264DC009F865FE415B41C0
Alineacion AT,"{""type"":""Point"",""coordinates"":[-58.2996288469637,-34.711851436306]}",0101000020E6100000E052F13C5A264DC0BE45A7F21D5B41C0
Alineacion AT,"{""type"":""Point"",""coordinates"":[-58.298944039771,-34.7112763403492]}",0101000020E610000049135DCC43264DC0F91B661A0B5B41C0
Alineacion AT,"{""type"":""Point"",""coordinates"":[-58.3357424723614,-34.7558961325029]}",0101000020E6100000D255FD9BF92A4DC0ED225834C16041C0
Alineacion AT,"{""type"":""Point"",""coordinates"":[-58.3351307826971,-34.756688873677]}",0101000020E610000094C8C390E52A4DC052D8562EDB6041C0
Alineacion AT,"{""type"":""Point"",""coordinates"":[-58.3342853455235,-34.7575854749161]}",0101000020E61000001D47B9DCC92A4DC03858938FF86041C0
Alineacion AT,"{""type"":""Point"",""coordinates"":[-58.3336044913617,-34.7584047085823]}",0101000020E610000038194E8DB32A4DC0283FCE67136141C0
Alineacion AT,"{""type"":""Point"",""coordinates"":[-58.3329446931632,-34.7592116263956]}",0101000020E6100000A74184EE9D2A4DC0520EB9D82D6141C0
Alineacion AT,"{""type"":""Point"",""coordinates"":[-58.3323231961415,-34.7600387274346]}",0101000020E6100000A3900591892A4DC03503F3F2486141C0
Alineacion AT,"{""type"":""Point"",""coordinates"":[-58.3317025891319,-34.7608674357767]}",0101000020E6100000F528FE3A752A4DC04FA0A81A646141C0
Alineacion AT,"{""type"":""Point"",""coordinates"":[-58.3020826408917,-34.800474812818]}",0101000020E6100000D6A8DBA4AA264DC09A296BF5756641C0
Alineacion AT,"{""type"":""Point"",""coordinates"":[-58.3015400595936,-34.8010682596552]}",0101000020E6100000BB315BDD98264DC0998A9C67896641C0
Alineacion AT,"{""type"":""Point"",""coordinates"":[-58.3009439886702,-34.8017201976107]}",0101000020E610000019A2265585264DC0E6A376C49E6641C0
Alineacion AT,"{""type"":""Point"",""coordinates"":[-58.2947492248597,-34.7206991948379]}",0101000020E610000094A5B457BA254DC08F0A08DF3F5C41C0
Alineacion AT,"{""type"":""Point"",""coordinates"":[-58.295285360896,-34.7201883811405]}",0101000020E61000009A0424E9CB254DC097FA03222F5C41C0
Alineacion AT,"{""type"":""Point"",""coordinates"":[-58.2958745926431,-34.7196563133067]}",0101000020E6100000508FF937DF254DC09401B5B21D5C41C0
Alineacion AT,"{""type"":""Point"",""coordinates"":[-58.2964674697582,-34.7191511013616]}",0101000020E6100000407863A5F2254DC0849DAE240D5C41C0
Alineacion AT,"{""type"":""Point"",""coordinates"":[-58.2971139149049,-34.718600818686]}",0101000020E610000005DA29D407264DC05191931CFB5B41C0
Alineacion AT,"{""type"":""Point"",""coordinates"":[-58.2975670589111,-34.7182150633223]}",0101000020E6100000F53169AD16264DC05D3BA078EE5B41C0
Alineacion AT,"{""type"":""Point"",""coordinates"":[-58.2982533817593,-34.7176216988902]}",0101000020E6100000F349B42A2D264DC00DD11F07DB5B41C0
Alineacion AT,"{""type"":""Point"",""coordinates"":[-58.3014750870529,-34.7148384254866]}",0101000020E6100000BCB953BC96264DC0CCB155D37F5B41C0
Alineacion AT,"{""type"":""Point"",""coordinates"":[-58.3008364348309,-34.715394437138]}",0101000020E6100000A285ECCE81264DC0BA9F7F0B925B41C0
Alineacion AT,"{""type"":""Point"",""coordinates"":[-58.3002028534513,-34.7159421087389]}",0101000020E61000009DDE0E0C6D264DC0776EB3FDA35B41C0
Alineacion AT,"{""type"":""Point"",""coordinates"":[-58.2996024256305,-34.7164538207444]}",0101000020E61000004CF14D5F59264DC0859840C2B45B41C0
Alineacion AT,"{""type"":""Point"",""coordinates"":[-58.2989170380386,-34.7170478689133]}",0101000020E6100000E84BDBE942264DC016537D39C85B41C0
Alineacion AT,"{""type"":""Point"",""coordinates"":[-58.2912960098865,-34.7191905405977]}",0101000020E610000078F5093049254DC0DABA856F0E5C41C0
Alineacion AT,"{""type"":""Point"",""coordinates"":[-58.2918648585718,-34.7189048689215]}",0101000020E61000007735E3D35B254DC0FA792213055C41C0
Alineacion AT,"{""type"":""Point"",""coordinates"":[-58.2924273166909,-34.7185959620415]}",0101000020E610000084D220426E254DC0C100D6F3FA5B41C0
Alineacion AT,"{""type"":""Point"",""coordinates"":[-58.2931747730167,-34.7181878705631]}",0101000020E61000003B0F3FC086254DC0EA398494ED5B41C0
Alineacion AT,"{""type"":""Point"",""coordinates"":[-58.2937487414967,-34.7178975347975]}",0101000020E610000017FC0A8F99254DC0C4EA0011E45B41C0
Alineacion AT,"{""type"":""Point"",""coordinates"":[-58.2945621280046,-34.7174930235784]}",0101000020E6100000C7353936B4254DC055B0B7CFD65B41C0
Alineacion AT,"{""type"":""Point"",""coordinates"":[-58.2953193686179,-34.7171163440797]}",0101000020E6100000660B6B06CD254DC0EE9FE677CA5B41C0
Alineacion AT,"{""type"":""Point"",""coordinates"":[-58.3010128308858,-34.7142668866207]}",0101000020E61000005A2AA49687264DC06553EB186D5B41C0
Alineacion AT,"{""type"":""Point"",""coordinates"":[-58.3002134901197,-34.7146555543234]}",0101000020E6100000EBF048656D264DC0AADC4CD5795B41C0
Alineacion AT,"{""type"":""Point"",""coordinates"":[-58.2993754516051,-34.7150787235745]}",0101000020E61000003CEF4EEF51264DC0B4E819B3875B41C0
Alineacion AT,"{""type"":""Point"",""coordinates"":[-58.2985743727873,-34.7155004087001]}",0101000020E6100000C8455FAF37264DC01AD27384955B41C0
Alineacion AT,"{""type"":""Point"",""coordinates"":[-58.2977594775734,-34.7159027853265]}",0101000020E6100000372089FB1C264DC0D50BD5B3A25B41C0
Alineacion AT,"{""type"":""Point"",""coordinates"":[-58.296895691211,-34.7163254155756]}",0101000020E6100000880992AD00264DC071981C8DB05B41C0
Alineacion AT,"{""type"":""Point"",""coordinates"":[-58.2960782560092,-34.7167242519213]}",0101000020E6100000DA4E6DE4E5254DC04620CB9EBD5B41C0
Alineacion AT,"{""type"":""Point"",""coordinates"":[-58.2796595004697,-34.7413659056302]}",0101000020E61000003A44ECE1CB234DC08986F713E55E41C0
Alineacion AT,"{""type"":""Point"",""coordinates"":[-58.2800031535243,-34.7408950596287]}",0101000020E6100000F194B124D7234DC0C36F39A6D55E41C0
Alineacion AT,"{""type"":""Point"",""coordinates"":[-58.2803468026036,-34.7404242125072]}",0101000020E6100000395C6E67E2234DC041F17838C65E41C0
Alineacion AT,"{""type"":""Point"",""coordinates"":[-58.2808256512475,-34.7397681121864]}",0101000020E610000037FE4D18F2234DC0683BB4B8B05E41C0
Alineacion AT,"{""type"":""Point"",""coordinates"":[-58.2812911733474,-34.7391053682988]}",0101000020E61000001A17635901244DC01D9234019B5E41C0
Alineacion AT,"{""type"":""Point"",""coordinates"":[-58.2821832500474,-34.7378762614173]}",0101000020E61000005D37AB941E244DC018A4B5BA725E41C0
Alineacion AT,"{""type"":""Point"",""coordinates"":[-58.28174185467,-34.7384878653605]}",0101000020E61000006CDCF91D10244DC0AF1B37C5865E41C0
Alineacion AT,"{""type"":""Point"",""coordinates"":[-58.2826573826799,-34.7372178159962]}",0101000020E6100000A04AFB1D2E244DC0BBDD44275D5E41C0
Alineacion AT,"{""type"":""Point"",""coordinates"":[-58.2831153989054,-34.736582919435]}",0101000020E610000073A519203D244DC0F6E15E59485E41C0
Alineacion AT,"{""type"":""Point"",""coordinates"":[-58.2167654220149,-34.8029663635619]}",0101000020E6100000903A27F8BE1B4DC0AAA40F9AC76641C0
Alineacion AT,"{""type"":""Point"",""coordinates"":[-58.2144821192943,-34.8075975141923]}",0101000020E610000012F96B26741B4DC0BAE4F75A5F6741C0
Alineacion AT,"{""type"":""Point"",""coordinates"":[-58.2149615863355,-34.8067872762905]}",0101000020E6100000879A7BDC831B4DC08E3F33CE446741C0
Alineacion AT,"{""type"":""Point"",""coordinates"":[-58.2155319551309,-34.8058131476183]}",0101000020E6100000DD43158D961B4DC089DA9DE2246741C0
Alineacion AT,"{""type"":""Point"",""coordinates"":[-58.216032298467,-34.8048921351598]}",0101000020E6100000CC6544F2A61B4DC0D1A89AB4066741C0
Alineacion AT,"{""type"":""Point"",""coordinates"":[-58.2588029187662,-34.7078016962186]}",0101000020E6100000E21A3C7420214DC0FDA7F83E995A41C0
Alineacion AT,"{""type"":""Point"",""coordinates"":[-58.2569269815759,-34.7087234506419]}",0101000020E61000000CAABBFBE2204DC02D353573B75A41C0
Alineacion AT,"{""type"":""Point"",""coordinates"":[-58.255402351142,-34.7094725510263]}",0101000020E6100000F9BC3406B1204DC0A7081EFFCF5A41C0
Alineacion AT,"{""type"":""Point"",""coordinates"":[-58.2538433386396,-34.7102383780696]}",0101000020E6100000E1E142F07D204DC023165717E95A41C0
Alineacion AT,"{""type"":""Point"",""coordinates"":[-58.2522409807764,-34.7110254683138]}",0101000020E6100000A992B56E49204DC0F683EEE1025B41C0
Alineacion AT,"{""type"":""Point"",""coordinates"":[-58.2507964757759,-34.7116921471538]}",0101000020E610000073B452191A204DC0436C70BA185B41C0
Alineacion AT,"{""type"":""Point"",""coordinates"":[-58.2487086521171,-34.7124274570734]}",0101000020E6100000A18963AFD51F4DC08A73AAD2305B41C0
Alineacion AT,"{""type"":""Point"",""coordinates"":[-58.2475786428269,-34.7128254139959]}",0101000020E610000093102FA8B01F4DC05B6FF8DC3D5B41C0
Alineacion AT,"{""type"":""Point"",""coordinates"":[-58.2463529769415,-34.7132570420194]}",0101000020E61000003A9E8D7E881F4DC0B38EBA014C5B41C0
Alineacion AT,"{""type"":""Point"",""coordinates"":[-58.267074033667,-34.7050392941033]}",0101000020E6100000F51A607B2F224DC0CC4843BA3E5A41C0
Alineacion AT,"{""type"":""Point"",""coordinates"":[-58.2652945324946,-34.7054700491608]}",0101000020E61000009F6FD62BF5214DC004BAB2D74C5A41C0
Alineacion AT,"{""type"":""Point"",""coordinates"":[-58.2635125007485,-34.7059013859093]}",0101000020E6100000A96612C7BA214DC0355703FA5A5A41C0
Alineacion AT,"{""type"":""Point"",""coordinates"":[-58.2702400057015,-34.703880079756]}",0101000020E61000008B47793997224DC0D26D11BE185A41C0
Alineacion AT,"{""type"":""Point"",""coordinates"":[-58.28156653359,-34.6930344494943]}",0101000020E61000006AB5465F0A244DC025CA535AB55841C0
Alineacion AT,"{""type"":""Point"",""coordinates"":[-58.2803532823288,-34.6938862482102]}",0101000020E6100000D176C99DE2234DC0779ABB43D15841C0
Alineacion AT,"{""type"":""Point"",""coordinates"":[-58.2791476432752,-34.694800866622]}",0101000020E6100000B24F271CBB234DC0DDAF1B3CEF5841C0
Alineacion AT,"{""type"":""Point"",""coordinates"":[-58.2127003968043,-34.8092247207973]}",0101000020E61000006E0F40C4391B4DC03978F7AC946741C0
Alineacion AT,"{""type"":""Point"",""coordinates"":[-58.2115939197286,-34.809770445521]}",0101000020E610000024A27282151B4DC0D463D68EA66741C0
Alineacion AT,"{""type"":""Point"",""coordinates"":[-58.2028678629382,-34.8123399294394]}",0101000020E6100000535DFA92F7194DC0B3163BC1FA6741C0
Alineacion AT,"{""type"":""Point"",""coordinates"":[-58.3080111972084,-34.6930723315652]}",0101000020E6100000F06731E96C274DC0DDEA1A98B65841C0
Alineacion AT,"{""type"":""Point"",""coordinates"":[-58.3068308442876,-34.6940211904358]}",0101000020E610000044CFAC3B46274DC087D3B5AFD55841C0
Alineacion AT,"{""type"":""Point"",""coordinates"":[-58.3227787391616,-34.6641756065161]}",0101000020E6100000834550D050294DC0D364CEB4035541C0
Alineacion AT,"{""type"":""Point"",""coordinates"":[-58.2198754548736,-34.7304808257251]}",0101000020E610000002F0FFE0241C4DC0146C4C65805D41C0
Alineacion AT,"{""type"":""Point"",""coordinates"":[-58.2211230196596,-34.7293468421975]}",0101000020E610000059EA54C24D1C4DC0F156C13C5B5D41C0
Alineacion AT,"{""type"":""Point"",""coordinates"":[-58.2223700365398,-34.7282133115731]}",0101000020E61000004346119F761C4DC0F5DB0218365D41C0
Alineacion AT,"{""type"":""Point"",""coordinates"":[-58.2236773159564,-34.7270249542805]}",0101000020E6100000E0715275A11C4DC0570159270F5D41C0
Alineacion AT,"{""type"":""Point"",""coordinates"":[-58.224927149011,-34.7258887711492]}",0101000020E61000000A7EAE69CA1C4DC04D4F5AECE95C41C0
Alineacion AT,"{""type"":""Point"",""coordinates"":[-58.2261723495073,-34.7247567542923]}",0101000020E610000052322E37F31C4DC0C99E4ED4C45C41C0
Alineacion AT,"{""type"":""Point"",""coordinates"":[-58.2275552649943,-34.7234994874607]}",0101000020E61000007397EA87201D4DC083A896A19B5C41C0
Alineacion AT,"{""type"":""Point"",""coordinates"":[-58.2288643256008,-34.7223093141387]}",0101000020E61000009CD61C6D4B1D4DC038E9B0A1745C41C0
Alineacion AT,"{""type"":""Point"",""coordinates"":[-58.2757420547547,-34.7614649401903]}",0101000020E6100000CFA601844B234DC08295E3AE776141C0
Alineacion AT,"{""type"":""Point"",""coordinates"":[-58.2753278472696,-34.7619903868497]}",0101000020E6100000BBD961F13D234DC05FB1A7E6886141C0
Alineacion AT,"{""type"":""Point"",""coordinates"":[-58.2742001803338,-34.7620752618799]}",0101000020E6100000A08BD3FD18234DC0B06EA3AE8B6141C0
Alineacion AT,"{""type"":""Point"",""coordinates"":[-58.2734043023769,-34.7616663285555]}",0101000020E6100000B3A584E9FE224DC021CE41487E6141C0
Alineacion AT,"{""type"":""Point"",""coordinates"":[-58.2723873964903,-34.7611409173906]}",0101000020E610000056E21797DD224DC086EBC9106D6141C0
Alineacion AT,"{""type"":""Point"",""coordinates"":[-58.2715838176969,-34.7607103485757]}",0101000020E6100000BF902F42C3224DC03C6EEAF45E6141C0
Alineacion AT,"{""type"":""Point"",""coordinates"":[-58.2707858269767,-34.7602914743451]}",0101000020E6100000E78A271CA9224DC0ADDE243B516141C0
Alineacion AT,"{""type"":""Point"",""coordinates"":[-58.270032945205,-34.7598977373638]}",0101000020E6100000C13F867090224DC018243D54446141C0
Alineacion AT,"{""type"":""Point"",""coordinates"":[-58.2692111650965,-34.7594684832976]}",0101000020E61000005DE7EE8275224DC0920D6543366141C0
Alineacion AT,"{""type"":""Point"",""coordinates"":[-58.2665985086981,-34.7580061875781]}",0101000020E6100000A30262E61F224DC028E8C458066141C0
Alineacion AT,"{""type"":""Point"",""coordinates"":[-58.2658203635384,-34.7575691808611]}",0101000020E61000000A01D46606224DC0C120E406F86041C0
Alineacion AT,"{""type"":""Point"",""coordinates"":[-58.2649523663862,-34.7570839066282]}",0101000020E610000036508AF5E9214DC0E3A51D20E86041C0
Alineacion AT,"{""type"":""Point"",""coordinates"":[-58.2641013183958,-34.7566097013716]}",0101000020E61000008FAB6E12CE214DC0169D3196D86041C0
Alineacion AT,"{""type"":""Point"",""coordinates"":[-58.2632660582736,-34.7561477775762]}",0101000020E61000004A37C3B3B2214DC0FBD04B73C96041C0
Alineacion AT,"{""type"":""Point"",""coordinates"":[-58.262457936871,-34.7557110664637]}",0101000020E6100000E6B7BF3898214DC0EAD7E523BB6041C0
Alineacion AT,"{""type"":""Point"",""coordinates"":[-58.2614867721751,-34.7551738344489]}",0101000020E61000000C6A076678214DC064E04489A96041C0
Alineacion AT,"{""type"":""Point"",""coordinates"":[-58.2607477435377,-34.7547458231623]}",0101000020E61000000A809B2E60214DC024A3D9829B6041C0
Alineacion AT,"{""type"":""Point"",""coordinates"":[-58.2762543317228,-34.7605055798802]}",0101000020E610000058104C4D5C234DC06901313F586141C0
Alineacion AT,"{""type"":""Point"",""coordinates"":[-58.2754541619921,-34.7600986729352]}",0101000020E6100000C7A6FC1442234DC0A7FECEE94A6141C0
Alineacion AT,"{""type"":""Point"",""coordinates"":[-58.2746539301637,-34.7596907258383]}",0101000020E6100000ADE227DC27234DC06746B38B3D6141C0
Alineacion AT,"{""type"":""Point"",""coordinates"":[-58.2738390126159,-34.759281417116]}",0101000020E6100000F5C621280D234DC0A07C2B22306141C0
Alineacion AT,"{""type"":""Point"",""coordinates"":[-58.2730875629615,-34.7588975487289]}",0101000020E610000098EE8388F4224DC00F670C8E236141C0
Alineacion AT,"{""type"":""Point"",""coordinates"":[-58.2718214039933,-34.7578224579347]}",0101000020E61000007D40340BCB224DC079808853006141C0
Alineacion AT,"{""type"":""Point"",""coordinates"":[-58.2654732697408,-34.7542367151153]}",0101000020E6100000DCBF3107FB214DC0726E24D48A6041C0
Alineacion AT,"{""type"":""Point"",""coordinates"":[-58.2647466303624,-34.7538292765051]}",0101000020E6100000F690B337E3214DC0A6AD4C7A7D6041C0
Alineacion AT,"{""type"":""Point"",""coordinates"":[-58.2639873601019,-34.7534044379474]}",0101000020E6100000FD187B56CA214DC09CD27E8E6F6041C0
Alineacion AT,"{""type"":""Point"",""coordinates"":[-58.2632412670047,-34.7529875340579]}",0101000020E6100000185FCCE3B1214DC0828940E5616041C0
Alineacion AT,"{""type"":""Point"",""coordinates"":[-58.2624915361848,-34.7525695694945]}",0101000020E610000003B2995299214DC0C4781C33546041C0
Alineacion AT,"{""type"":""Point"",""coordinates"":[-58.261474033443,-34.7511621119448]}",0101000020E610000002322BFB77214DC00F668014266041C0
Alineacion AT,"{""type"":""Point"",""coordinates"":[-58.2690550483734,-34.7492817366499]}",0101000020E610000037CB546570224DC06833C576E85F41C0
Alineacion AT,"{""type"":""Point"",""coordinates"":[-58.2686025603819,-34.7499504832696]}",0101000020E61000002C3B969161224DC093A19F60FE5F41C0
Alineacion AT,"{""type"":""Point"",""coordinates"":[-58.2681660354891,-34.7505956252019]}",0101000020E61000006E29C04353224DC09F617784136041C0
Alineacion AT,"{""type"":""Point"",""coordinates"":[-58.2058407545788,-34.8116342242417]}",0101000020E6100000C98C66FD581A4DC060B758A1E36741C0
Alineacion AT,"{""type"":""Point"",""coordinates"":[-58.3199846417235,-34.6841859230241]}",0101000020E61000005CB6B941F5284DC0D2E28167935741C0
Alineacion AT,"{""type"":""Point"",""coordinates"":[-58.3184594767974,-34.6846487312854]}",0101000020E61000001BF9B647C3284DC0310FD391A25741C0
Alineacion AT,"{""type"":""Point"",""coordinates"":[-58.316088473557,-34.6865256788741]}",0101000020E6100000F8484C9675284DC06D50CD12E05741C0
Alineacion AT,"{""type"":""Point"",""coordinates"":[-58.3008323463355,-34.7130367290512]}",0101000020E6100000838BA0AC81264DC0960F9CC9445B41C0
Alineacion AT,"{""type"":""Point"",""coordinates"":[-58.3001666559293,-34.7124714159092]}",0101000020E6100000714869DC6B264DC014556B43325B41C0
Alineacion AT,"{""type"":""Point"",""coordinates"":[-58.2994953479586,-34.7119106068209]}",0101000020E6100000AD6412DD55264DC059FC02E31F5B41C0
Alineacion AT,"{""type"":""Point"",""coordinates"":[-58.2839671753885,-34.7354074237925]}",0101000020E61000002AB7510959244DC0593699D4215E41C0
Alineacion AT,"{""type"":""Point"",""coordinates"":[-58.2836031741809,-34.7359102245133]}",0101000020E61000001113DB1B4D244DC0D589654E325E41C0
Alineacion AT,"{""type"":""Point"",""coordinates"":[-58.2844437858987,-34.7347502202773]}",0101000020E61000001EFE6AA768244DC0F168934B0C5E41C0
Alineacion AT,"{""type"":""Point"",""coordinates"":[-58.2849121238786,-34.7341310043231]}",0101000020E610000073251F0078244DC00C463701F85D41C0
Alineacion AT,"{""type"":""Point"",""coordinates"":[-58.2853388641406,-34.7335331585907]}",0101000020E61000007EE1E0FB85244DC0D9561F6AE45D41C0
Alineacion AT,"{""type"":""Point"",""coordinates"":[-58.2857878673608,-34.7329043046187]}",0101000020E610000043F463B294244DC0ACB7E9CECF5D41C0
Alineacion AT,"{""type"":""Point"",""coordinates"":[-58.2862535593857,-34.7322521908474]}",0101000020E610000073F6E5F4A3244DC09B0E9670BA5D41C0
Alineacion AT,"{""type"":""Point"",""coordinates"":[-58.2867581949903,-34.7315458038974]}",0101000020E6100000F2AB167EB4244DC0F5A1FB4AA35D41C0
Alineacion AT,"{""type"":""Point"",""coordinates"":[-58.287476343166,-34.7305351337172]}",0101000020E6100000C9225A06CC244DC07EF2DD2C825D41C0
Alineacion AT,"{""type"":""Point"",""coordinates"":[-58.2871247866776,-34.7310336026003]}",0101000020E61000005C534881C0244DC000B95382925D41C0
Alineacion AT,"{""type"":""Point"",""coordinates"":[-58.287976220967,-34.729826379136]}",0101000020E6100000178AA167DC244DC0DB1267F36A5D41C0
Alineacion AT,"{""type"":""Point"",""coordinates"":[-58.288355924412,-34.729289309805]}",0101000020E6100000877AD0D8E8244DC0AB77235A595D41C0
Alineacion AT,"{""type"":""Point"",""coordinates"":[-58.2888607599833,-34.7285619757742]}",0101000020E6100000EE9CAE63F9244DC09B87D184415D41C0
Alineacion AT,"{""type"":""Point"",""coordinates"":[-58.2893854612863,-34.7279287688354]}",0101000020E6100000C71432950A254DC09DFB17C52C5D41C0
Alineacion AT,"{""type"":""Point"",""coordinates"":[-58.2898958156901,-34.7272357726926]}",0101000020E610000073D15B4E1B254DC01519D20F165D41C0
Alineacion AT,"{""type"":""Point"",""coordinates"":[-58.2903536278161,-34.726621853815]}",0101000020E610000061DFC34E2A254DC0E058E5F1015D41C0
Alineacion AT,"{""type"":""Point"",""coordinates"":[-58.2908695137069,-34.7259316192696]}",0101000020E6100000206354363B254DC095F2C953EB5C41C0
Alineacion AT,"{""type"":""Point"",""coordinates"":[-58.2913836867334,-34.7252300051865]}",0101000020E6100000CF8D860F4C254DC0542D3956D45C41C0
Alineacion AT,"{""type"":""Point"",""coordinates"":[-58.2918474023313,-34.7245137616616]}",0101000020E6100000C23774415B254DC056EBEFDDBC5C41C0
Alineacion AT,"{""type"":""Point"",""coordinates"":[-58.2923779864704,-34.7239150795648]}",0101000020E6100000F9FA50A46C254DC0F8E7D33FA95C41C0
Alineacion AT,"{""type"":""Point"",""coordinates"":[-58.2928126928456,-34.7233212295757]}",0101000020E61000000BD0E5E27A254DC0DFC340CA955C41C0
Alineacion AT,"{""type"":""Point"",""coordinates"":[-58.2932712782488,-34.7226635579294]}",0101000020E6100000AB77CAE989254DC0AEA84D3D805C41C0
Alineacion AT,"{""type"":""Point"",""coordinates"":[-58.2936316494854,-34.7220242675888]}",0101000020E610000023CECDB895254DC0301B8C4A6B5C41C0
Alineacion AT,"{""type"":""Point"",""coordinates"":[-58.2775936341623,-34.7367780673771]}",0101000020E610000004272E3088234DC0BDE563BE4E5E41C0
Alineacion AT,"{""type"":""Point"",""coordinates"":[-58.2780730902436,-34.7361095831234]}",0101000020E61000003C3F26E697234DC0C4E4BCD6385E41C0
Alineacion AT,"{""type"":""Point"",""coordinates"":[-58.2785219497237,-34.7354455627348]}",0101000020E61000000DA4749BA6234DC099F78714235E41C0
Alineacion AT,"{""type"":""Point"",""coordinates"":[-58.2789588171491,-34.7347966107137]}",0101000020E6100000034B2AECB4234DC0121DBAD00D5E41C0
Alineacion AT,"{""type"":""Point"",""coordinates"":[-58.2798737411911,-34.7334345850174]}",0101000020E61000006AB61AE7D2234DC0E0333A2FE15D41C0
Alineacion AT,"{""type"":""Point"",""coordinates"":[-58.280379921343,-34.7328032462329]}",0101000020E6100000C54F407DE3234DC0847C2C7FCC5D41C0
Alineacion AT,"{""type"":""Point"",""coordinates"":[-58.2808814972182,-34.7321473837978]}",0101000020E6100000434DC6ECF3234DC0BDA16601B75D41C0
Alineacion AT,"{""type"":""Point"",""coordinates"":[-58.281839075866,-34.7308972940719]}",0101000020E610000025CA864D13244DC00863E30A8E5D41C0
Alineacion AT,"{""type"":""Point"",""coordinates"":[-58.2827978814959,-34.7296369612995]}",0101000020E6100000913392B832244DC0FC5D73BE645D41C0
Alineacion AT,"{""type"":""Point"",""coordinates"":[-58.2832299171455,-34.7290509775458]}",0101000020E6100000BEB1BFE040244DC086D6DC8A515D41C0
Alineacion AT,"{""type"":""Point"",""coordinates"":[-58.2837113319675,-34.7283945868527]}",0101000020E6100000092726A750244DC0CC8EA8083C5D41C0
Alineacion AT,"{""type"":""Point"",""coordinates"":[-58.2841957029913,-34.7277398833612]}",0101000020E61000007301598660244DC0FD839B94265D41C0
Alineacion AT,"{""type"":""Point"",""coordinates"":[-58.2846612629294,-34.7271237368326]}",0101000020E6100000255CBFC76F244DC0B0EBFE63125D41C0
Alineacion AT,"{""type"":""Point"",""coordinates"":[-58.2851296291505,-34.7265037166204]}",0101000020E61000003E29B0207F244DC050A7E312FE5C41C0
Alineacion AT,"{""type"":""Point"",""coordinates"":[-58.2680373517963,-34.8203539688021]}",0101000020E61000002F09460C4F224DC00693DD5B016941C0
Alineacion AT,"{""type"":""Point"",""coordinates"":[-58.2857088448103,-34.7257340425335]}",0101000020E6100000AD51801B92244DC03F2365DAE45C41C0
Alineacion AT,"{""type"":""Point"",""coordinates"":[-58.2863760905592,-34.7248325328652]}",0101000020E610000074A7C3F8A7244DC0CEDDFB4FC75C41C0
Alineacion AT,"{""type"":""Point"",""coordinates"":[-58.2868278532501,-34.7242030564508]}",0101000020E610000040A56CC6B6244DC04B8F8DAFB25C41C0
Alineacion AT,"{""type"":""Point"",""coordinates"":[-58.2870947838511,-34.7238295845326]}",0101000020E610000016BF9985BF244DC0E8B8A472A65C41C0
Alineacion AT,"{""type"":""Point"",""coordinates"":[-58.287594059294,-34.7231284777854]}",0101000020E61000008C98D3E1CF244DC0817255798F5C41C0
Alineacion AT,"{""type"":""Point"",""coordinates"":[-58.2881927514478,-34.7223143529921]}",0101000020E6100000CD340580E3244DC025C4F5CB745C41C0
Alineacion AT,"{""type"":""Point"",""coordinates"":[-58.2887171401901,-34.7216277284193]}",0101000020E6100000A274E9AEF4244DC04EB9224C5E5C41C0
Alineacion AT,"{""type"":""Point"",""coordinates"":[-58.2892759702441,-34.7209497865605]}",0101000020E6100000C4DBB7FE06254DC0F2AA2515485C41C0
Alineacion AT,"{""type"":""Point"",""coordinates"":[-58.2783378479731,-34.7416457175155]}",0101000020E61000004C241993A0234DC043F9323FEE5E41C0
Alineacion AT,"{""type"":""Point"",""coordinates"":[-58.2776094417138,-34.7413118461458]}",0101000020E6100000589CC8B488234DC0B5AA7B4EE35E41C0
Alineacion AT,"{""type"":""Point"",""coordinates"":[-58.2769107790485,-34.7409943473374]}",0101000020E610000028F6F9CF71234DC0E72A1CE7D85E41C0
Alineacion AT,"{""type"":""Point"",""coordinates"":[-58.4013016904449,-34.8369554888654]}",0101000020E6100000282592DA5D334DC04071825B216B41C0
Alineacion AT,"{""type"":""Point"",""coordinates"":[-58.4005724165061,-34.8347389120909]}",0101000020E61000006049FAF445334DC07E1084B9D86A41C0
Alineacion AT,"{""type"":""Point"",""coordinates"":[-58.4010209959152,-34.8361169304085]}",0101000020E61000008B3BEFA754334DC040DE2BE1056B41C0
Alineacion AT,"{""type"":""Point"",""coordinates"":[-58.4008598058319,-34.833645002029]}",0101000020E61000001E2AC65F4F334DC0241822E1B46A41C0
Alineacion AT,"{""type"":""Point"",""coordinates"":[-58.406125837943,-34.837381277765]}",0101000020E6100000490374EEFB334DC03F24494F2F6B41C0
Alineacion AT,"{""type"":""Point"",""coordinates"":[-58.4065687458237,-34.8367724312166]}",0101000020E6100000BC71D5710A344DC08822E95B1B6B41C0
Alineacion AT,"{""type"":""Point"",""coordinates"":[-58.4071037157782,-34.8360137195716]}",0101000020E61000007CAC7CF91B344DC09E48607F026B41C0
Alineacion AT,"{""type"":""Point"",""coordinates"":[-58.4776288543845,-34.8428227090555]}",0101000020E61000008B9A3AF1223D4DC014DC519DE16B41C0
Alineacion AT,"{""type"":""Point"",""coordinates"":[-58.5052189397762,-34.8421946689331]}",0101000020E610000048D4A303AB404DC076F7EF08CD6B41C0
Alineacion AT,"{""type"":""Point"",""coordinates"":[-58.440651777758,-34.8357051769849]}",0101000020E61000008632074767384DC0BF1F2263F86A41C0
Alineacion AT,"{""type"":""Point"",""coordinates"":[-58.4057343062324,-34.8241755283037]}",0101000020E610000011110C1AEF334DC02F1D6E957E6941C0
Alineacion AT,"{""type"":""Point"",""coordinates"":[-58.3570623745075,-34.8162612546791]}",0101000020E610000021924A38B42D4DC05BEBB03F7B6841C0
Alineacion AT,"{""type"":""Point"",""coordinates"":[-58.4102577792834,-34.802135346511]}",0101000020E6100000CE79B05383344DC0781DFC5EAC6641C0
Alineacion AT,"{""type"":""Point"",""coordinates"":[-58.4099553607816,-34.8025403531237]}",0101000020E61000003AB0D16A79344DC081316DA4B96641C0
Alineacion AT,"{""type"":""Point"",""coordinates"":[-58.4094962152653,-34.8031537573473]}",0101000020E610000038333A5F6A344DC0A6BB08BECD6641C0
Alineacion AT,"{""type"":""Point"",""coordinates"":[-58.4085647217722,-34.8043933961277]}",0101000020E6100000C8274BD94B344DC04DBEE05CF66641C0
Alineacion AT,"{""type"":""Point"",""coordinates"":[-58.4080632924417,-34.8050583051271]}",0101000020E610000015DEFF6A3B344DC071F289260C6741C0
Alineacion AT,"{""type"":""Point"",""coordinates"":[-58.409458316061,-34.8014561764406]}",0101000020E610000054474E2169344DC0A47EB11D966641C0
Alineacion AT,"{""type"":""Point"",""coordinates"":[-58.5694007339627,-34.9342976675701]}",0101000020E610000015588D1FE2484DC0A978E310977741C0
Alineacion AT,"{""type"":""Point"",""coordinates"":[-58.5658164495589,-34.9327436122879]}",0101000020E61000007B3265AC6C484DC0272A8724647741C0
Alineacion AT,"{""type"":""Point"",""coordinates"":[-58.5622364476796,-34.9311890130843]}",0101000020E610000096B3295DF7474DC0B9CB9A33317741C0
Alineacion AT,"{""type"":""Point"",""coordinates"":[-58.5586523293276,-34.9296379676487]}",0101000020E6100000E52566EB81474DC0E2157E60FE7641C0
Alineacion AT,"{""type"":""Point"",""coordinates"":[-58.5550699379948,-34.9280843170493]}",0101000020E61000001D571F880C474DC01BD48677CB7641C0
Alineacion AT,"{""type"":""Point"",""coordinates"":[-58.5514896736808,-34.9265274320392]}",0101000020E61000003E45B03697464DC04BBA6D73987641C0
Alineacion AT,"{""type"":""Point"",""coordinates"":[-58.5479079255929,-34.9249729976652]}",0101000020E610000003D2CED821464DC0D453E383657641C0
Alineacion AT,"{""type"":""Point"",""coordinates"":[-58.5443250291299,-34.9234204854713]}",0101000020E6100000EB404B71AC454DC022C778A4327641C0
Alineacion AT,"{""type"":""Point"",""coordinates"":[-58.5407417018416,-34.9218687655855]}",0101000020E61000001D7F2A0637454DC067B2B3CBFF7541C0
Alineacion AT,"{""type"":""Point"",""coordinates"":[-58.5371606124183,-34.9203136374543]}",0101000020E61000009784CFADC1444DC0ED7657D6CC7541C0
Alineacion AT,"{""type"":""Point"",""coordinates"":[-58.533580115299,-34.918757691624]}",0101000020E6100000A1806C5A4C444DC09E3C1FDA997541C0
Alineacion AT,"{""type"":""Point"",""coordinates"":[-58.5299998676775,-34.9172014677547]}",0101000020E610000090472109D7434DC0C4EC91DB667541C0
Alineacion AT,"{""type"":""Point"",""coordinates"":[-58.5264180529536,-34.9156478246014]}",0101000020E6100000D7BAB0AA61434DC084A8AAF2337541C0
Alineacion AT,"{""type"":""Point"",""coordinates"":[-58.5228356594552,-34.9140952064768]}",0101000020E610000078456547EC424DC0C89F5C12017541C0
Alineacion AT,"{""type"":""Point"",""coordinates"":[-58.5192561249622,-34.912538204022]}",0101000020E6100000EF7A15FC76424DC00450470DCE7441C0
Alineacion AT,"{""type"":""Point"",""coordinates"":[-58.5156761433065,-34.9109820198398]}",0101000020E6100000116A05AD01424DC0633A0F0F9B7441C0
Alineacion AT,"{""type"":""Point"",""coordinates"":[-58.3354240635346,-34.6720886197465]}",0101000020E61000001496FB2CEF2A4DC096E9F8FF065641C0
Alineacion AT,"{""type"":""Point"",""coordinates"":[-58.3366033430236,-34.6711004648133]}",0101000020E610000061017FD1152B4DC00A5ABA9EE65541C0
Alineacion AT,"{""type"":""Point"",""coordinates"":[-58.3334213021957,-34.6738554075379]}",0101000020E6100000355C9A8CAD2A4DC0D3CDDCE4405641C0
Alineacion AT,"{""type"":""Point"",""coordinates"":[-58.3322868447253,-34.6745314591917]}",0101000020E61000003E7E1560882A4DC0FDACFE0B575641C0
Alineacion AT,"{""type"":""Point"",""coordinates"":[-58.330164787189,-34.6761763593116]}",0101000020E61000003DA2F9D6422A4DC02AC96AF28C5641C0
Alineacion AT,"{""type"":""Point"",""coordinates"":[-58.3290003989795,-34.6770829796126]}",0101000020E610000072FE60AF1C2A4DC0A80EB3A7AA5641C0
Alineacion AT,"{""type"":""Point"",""coordinates"":[-58.3313782007435,-34.6752326500978]}",0101000020E61000007F66D3996A2A4DC048AE02066E5641C0
Alineacion AT,"{""type"":""Point"",""coordinates"":[-58.3265781575327,-34.6789764955693]}",0101000020E61000006F182550CD294DC0869CA9B3E85641C0
Alineacion AT,"{""type"":""Point"",""coordinates"":[-58.3253741491386,-34.6799325708908]}",0101000020E6100000CDC130DCA5294DC00CBBCD07085741C0
Alineacion AT,"{""type"":""Point"",""coordinates"":[-58.3211687208964,-34.6832534202888]}",0101000020E6100000CB5F800E1C294DC0A5821BD9745741C0
Alineacion AT,"{""type"":""Point"",""coordinates"":[-58.3147342048942,-34.6875930803021]}",0101000020E6100000007ADE3549284DC0396DD00C035841C0
Alineacion AT,"{""type"":""Point"",""coordinates"":[-58.3170692146073,-34.6857493432016]}",0101000020E61000003DA759B995284DC0EE266DA2C65741C0
Alineacion AT,"{""type"":""Point"",""coordinates"":[-58.3135561979386,-34.6885190411276]}",0101000020E61000005BCD079C22284DC079285664215841C0
Alineacion AT,"{""type"":""Point"",""coordinates"":[-58.3123610285941,-34.6894308894093]}",0101000020E6100000A92D3972FB274DC0BE6E79453F5841C0
Alineacion AT,"{""type"":""Point"",""coordinates"":[-58.1859250055754,-34.955132932298]}",0101000020E6100000383AFD63CC174DC0B9C6C1CB417A41C0
Alineacion AT,"{""type"":""Point"",""coordinates"":[-58.1803001873093,-34.959173982215]}",0101000020E610000067FA971314174DC0CB648A36C67A41C0
Alineacion AT,"{""type"":""Point"",""coordinates"":[-58.1773865302671,-34.9610870869743]}",0101000020E6100000C81F119AB4164DC0CC94D3E6047B41C0
Alineacion AT,"{""type"":""Point"",""coordinates"":[-58.1745907420597,-34.9629190597084]}",0101000020E61000005DAA4BFD58164DC0461287EE407B41C0
Alineacion AT,"{""type"":""Point"",""coordinates"":[-58.1716631449823,-34.9648466496829]}",0101000020E61000004FD0D40EF9154DC08B055318807B41C0
Alineacion AT,"{""type"":""Point"",""coordinates"":[-58.189695389145,-34.7985844337752]}",0101000020E6100000374A42F047184DC06314C503386641C0
Alineacion AT,"{""type"":""Point"",""coordinates"":[-58.1868434970383,-34.7960814863855]}",0101000020E6100000FE9FDA7CEA174DC0037D86FFE56541C0
Alineacion AT,"{""type"":""Point"",""coordinates"":[-58.1840258702697,-34.7936013192278]}",0101000020E61000009136E3288E174DC0B11260BA946541C0
Alineacion AT,"{""type"":""Point"",""coordinates"":[-58.182289664096,-34.788549298121]}",0101000020E610000077D8884455174DC0565BF32EEF6441C0
Alineacion AT,"{""type"":""Point"",""coordinates"":[-58.1803838241126,-34.7839901803725]}",0101000020E61000003AA530D116174DC0E48A4CCA596441C0
Alineacion AT,"{""type"":""Point"",""coordinates"":[-58.1738344410899,-34.7793005735683]}",0101000020E61000002BB3FB3440164DC0699D061FC06341C0
Alineacion AT,"{""type"":""Point"",""coordinates"":[-58.2036042190632,-34.828180800211]}",0101000020E6100000211AFBB30F1A4DC06F0A16D4016A41C0
Alineacion AT,"{""type"":""Point"",""coordinates"":[-58.200371669584,-34.8292391483825]}",0101000020E610000039F463C7A5194DC0D06E2782246A41C0
Alineacion AT,"{""type"":""Point"",""coordinates"":[-58.2019861616476,-34.828708227181]}",0101000020E6100000B642BBAEDA194DC094D5761C136A41C0
Alineacion AT,"{""type"":""Point"",""coordinates"":[-58.1974868067174,-34.8301829705586]}",0101000020E61000000A1F683F47194DC06A1F826F436A41C0
Alineacion AT,"{""type"":""Point"",""coordinates"":[-58.1989953564816,-34.8296881731415]}",0101000020E61000007C120AAE78194DC0A9C2D838336A41C0
Alineacion AT,"{""type"":""Point"",""coordinates"":[-58.1944900616683,-34.8311645166791]}",0101000020E61000009321E30CE5184DC0B85D5099636A41C0
Alineacion AT,"{""type"":""Point"",""coordinates"":[-58.1959777573365,-34.8306772755906]}",0101000020E61000007D4095CC15194DC09A180AA2536A41C0
Alineacion AT,"{""type"":""Point"",""coordinates"":[-58.1927346983681,-34.8317386239644]}",0101000020E6100000D125D587AB184DC0A05F4669766A41C0
Alineacion AT,"{""type"":""Point"",""coordinates"":[-58.1910266253426,-34.8322977261354]}",0101000020E610000082417A8F73184DC0B4245DBB886A41C0
Alineacion AT,"{""type"":""Point"",""coordinates"":[-58.1893598861986,-34.832845125441]}",0101000020E6100000DE32DBF13C184DC0773348AB9A6A41C0
Alineacion AT,"{""type"":""Point"",""coordinates"":[-58.1871410484332,-34.8372432877406]}",0101000020E61000003E61E53CF4174DC01AD2BDC92A6B41C0
Alineacion AT,"{""type"":""Point"",""coordinates"":[-58.1875703681037,-34.8334306529153]}",0101000020E61000001A5A4A4E02184DC0A8E00ADBAD6A41C0
Alineacion AT,"{""type"":""Point"",""coordinates"":[-58.1866595520791,-34.8361887130258]}",0101000020E610000034D5CF75E4174DC07BDD533B086B41C0
Alineacion AT,"{""type"":""Point"",""coordinates"":[-58.1861411569733,-34.8350615231609]}",0101000020E6100000E6D13279D3174DC0DE0FC64BE36A41C0
Alineacion AT,"{""type"":""Point"",""coordinates"":[-58.2369874151391,-34.7586178651408]}",0101000020E610000007CB869A551E4DC07178E4631A6141C0
Alineacion AT,"{""type"":""Point"",""coordinates"":[-58.2378599543864,-34.756789709731]}",0101000020E6100000098FEA31721E4DC03F9F367CDE6041C0
Alineacion AT,"{""type"":""Point"",""coordinates"":[-58.2379853746467,-34.7557721449292]}",0101000020E61000005D84044E761E4DC071D94224BD6041C0
Alineacion AT,"{""type"":""Point"",""coordinates"":[-58.2381636575606,-34.7543784569556]}",0101000020E6100000C32890257C1E4DC039B728798F6041C0
Alineacion AT,"{""type"":""Point"",""coordinates"":[-58.2382832519598,-34.7534368883508]}",0101000020E6100000042DCB10801E4DC08B88B59E706041C0
Alineacion AT,"{""type"":""Point"",""coordinates"":[-58.2383947093493,-34.7525704149819]}",0101000020E6100000F118C4B7831E4DC06524343A546041C0
Alineacion AT,"{""type"":""Point"",""coordinates"":[-58.238512175492,-34.7516444956363]}",0101000020E6100000C8B72491871E4DC0F97C07E3356041C0
Alineacion AT,"{""type"":""Point"",""coordinates"":[-58.238645681973,-34.7505938814491]}",0101000020E6100000ECB313F18B1E4DC063B3D675136041C0
Alineacion AT,"{""type"":""Point"",""coordinates"":[-58.2339806577952,-34.7664205172626]}",0101000020E61000003E900414F31D4DC0245048111A6241C0
Alineacion AT,"{""type"":""Point"",""coordinates"":[-58.2347206923512,-34.761536434306]}",0101000020E6100000E3ABE0530B1E4DC03E07A0067A6141C0
Alineacion AT,"{""type"":""Point"",""coordinates"":[-58.2354875934321,-34.7605497052029]}",0101000020E6100000C5331C75241E4DC0196A57B1596141C0
Alineacion AT,"{""type"":""Point"",""coordinates"":[-58.2362394362352,-34.7595758456865]}",0101000020E6100000EB5306183D1E4DC00B0704C8396141C0
Alineacion AT,"{""type"":""Point"",""coordinates"":[-58.2320825066773,-34.7693593341019]}",0101000020E61000008A132CE1B41D4DC0806BDD5D7A6241C0
Alineacion AT,"{""type"":""Point"",""coordinates"":[-58.2327298656393,-34.7683666450227]}",0101000020E610000099DC9C17CA1D4DC0DEDA95D6596241C0
Alineacion AT,"{""type"":""Point"",""coordinates"":[-58.2333509436232,-34.7673966336019]}",0101000020E610000019AD9771DE1D4DC0BF308A0D3A6241C0
Alineacion AT,"{""type"":""Point"",""coordinates"":[-58.2335259833937,-34.7650057581024]}",0101000020E61000009DB8EE2DE41D4DC09D266CB5EB6141C0
Alineacion AT,"{""type"":""Point"",""coordinates"":[-58.2332037572901,-34.7634860968889]}",0101000020E6100000BF6EE79ED91D4DC0568B94E9B96141C0
Alineacion AT,"{""type"":""Point"",""coordinates"":[-58.2339874671432,-34.7624826055128]}",0101000020E6100000EA86234DF31D4DC02739AF07996141C0
Alineacion AT,"{""type"":""Point"",""coordinates"":[-58.2216941666686,-34.7847414436555]}",0101000020E610000021C77579601C4DC07A285A68726441C0
Alineacion AT,"{""type"":""Point"",""coordinates"":[-58.217488638691,-34.789898456591]}",0101000020E6100000F836EFAAD61B4DC0161C83641B6541C0
Alineacion AT,"{""type"":""Point"",""coordinates"":[-58.2180896316252,-34.7891696329278]}",0101000020E6100000A4B66D5CEA1B4DC0EF35B282036541C0
Alineacion AT,"{""type"":""Point"",""coordinates"":[-58.2195205849973,-34.7874423870926]}",0101000020E610000060AE2240191C4DC0070682E9CA6441C0
Alineacion AT,"{""type"":""Point"",""coordinates"":[-58.2147964732202,-34.7933431433443]}",0101000020E61000006EE369737E1B4DC0BB95A3448C6541C0
Alineacion AT,"{""type"":""Point"",""coordinates"":[-58.2160564751305,-34.7916222014467]}",0101000020E6100000286313BDA71B4DC0240055E0536541C0
Alineacion AT,"{""type"":""Point"",""coordinates"":[-58.2167803838776,-34.790752090936]}",0101000020E61000009795A975BF1B4DC027E8505D376541C0
Alineacion AT,"{""type"":""Point"",""coordinates"":[-58.2127977399811,-34.7961893241806]}",0101000020E6100000D3F0D2F43C1B4DC0D5632288E96541C0
Alineacion AT,"{""type"":""Point"",""coordinates"":[-58.2135107384145,-34.7951548393266]}",0101000020E6100000DF6AE351541B4DC0FD143FA2C76541C0
Alineacion AT,"{""type"":""Point"",""coordinates"":[-58.2063029188318,-34.8054648109123]}",0101000020E6100000DBB95022681A4DC036798E78196741C0
Alineacion AT,"{""type"":""Point"",""coordinates"":[-58.205912154041,-34.8063591424115]}",0101000020E610000042BA57545B1A4DC076BEC0C6366741C0
Alineacion AT,"{""type"":""Point"",""coordinates"":[-58.2070982098345,-34.8036445851235]}",0101000020E61000005326B331821A4DC03B5B65D3DD6641C0
Alineacion AT,"{""type"":""Point"",""coordinates"":[-58.2067254920873,-34.8044976557728]}",0101000020E6100000DFE11DFB751A4DC061A078C7F96641C0
Alineacion AT,"{""type"":""Point"",""coordinates"":[-58.2075343554619,-34.8026463165076]}",0101000020E6100000A9C05A7C901A4DC0D1D34F1DBD6641C0
Alineacion AT,"{""type"":""Point"",""coordinates"":[-58.2033211133261,-34.8236156321286]}",0101000020E61000003B291E6D061A4DC0BA3BAE3C6C6941C0
Alineacion AT,"{""type"":""Point"",""coordinates"":[-58.2031938059112,-34.809854216992]}",0101000020E6100000B7912F41021A4DC01341904DA96741C0
Alineacion AT,"{""type"":""Point"",""coordinates"":[-58.204007582426,-34.8089389759119]}",0101000020E6100000F153A3EB1C1A4DC02E00F74F8B6741C0
Alineacion AT,"{""type"":""Point"",""coordinates"":[-58.2048048742043,-34.8080369550918]}",0101000020E61000006762CE0B371A4DC0140A44C16D6741C0
Alineacion AT,"{""type"":""Point"",""coordinates"":[-58.2027897275478,-34.8223587570967]}",0101000020E610000030E48703F5194DC098A73F0D436941C0
Alineacion AT,"{""type"":""Point"",""coordinates"":[-58.2021538689855,-34.8213763708663]}",0101000020E6100000C006902DE0194DC0FA4965DC226941C0
Alineacion AT,"{""type"":""Point"",""coordinates"":[-58.2013178910342,-34.820038097211]}",0101000020E6100000B30BDFC8C4194DC0627F2402F76841C0
Alineacion AT,"{""type"":""Point"",""coordinates"":[-58.200937062785,-34.8123944485699]}",0101000020E6100000A19B404EB8194DC0A407928AFC6741C0
Alineacion AT,"{""type"":""Point"",""coordinates"":[-58.2024476620448,-34.8106989705967]}",0101000020E61000002ED113CEE9194DC08DCEDEFBC46741C0
Alineacion AT,"{""type"":""Point"",""coordinates"":[-58.2016492454842,-34.8115982533717]}",0101000020E6100000104F79A4CF194DC06CDC9973E26741C0
Alineacion AT,"{""type"":""Point"",""coordinates"":[-58.199430220947,-34.8167669379303]}",0101000020E61000009B66F2ED86194DC0B46EABD18B6841C0
Alineacion AT,"{""type"":""Point"",""coordinates"":[-58.2245587075432,-34.7808518388816]}",0101000020E61000001277F856BE1C4DC04882FBF3F26341C0
Alineacion AT,"{""type"":""Point"",""coordinates"":[-58.2250741033575,-34.7801459886834]}",0101000020E61000006B8C6C3ACF1C4DC019C0E1D2DB6341C0
Alineacion AT,"{""type"":""Point"",""coordinates"":[-58.220309640812,-34.7864825611695]}",0101000020E6100000FA23371B331C4DC07C8CE775AB6441C0
Alineacion AT,"{""type"":""Point"",""coordinates"":[-58.2211021492873,-34.7855379274168]}",0101000020E6100000D62142134D1C4DC0E902BE818C6441C0
Alineacion AT,"{""type"":""Point"",""coordinates"":[-58.1991484988705,-34.8143329125463]}",0101000020E61000001DD9B0B27D194DC0A9B8950F3C6841C0
Alineacion AT,"{""type"":""Point"",""coordinates"":[-58.2031443078171,-34.8236304206665]}",0101000020E6100000BA38F7A1001A4DC07360BCB86C6941C0
Alineacion AT,"{""type"":""Point"",""coordinates"":[-58.3986266198301,-34.8358216482584]}",0101000020E610000022BE733206334DC086472A34FC6A41C0
Alineacion AT,"{""type"":""Point"",""coordinates"":[-58.3968692235485,-34.8360686866277]}",0101000020E6100000FDF6579CCC324DC04F23794C046B41C0
Alineacion AT,"{""type"":""Point"",""coordinates"":[-58.3941970242584,-34.836047686834]}",0101000020E610000067AF4F0C75324DC0A26C509C036B41C0
Alineacion AT,"{""type"":""Point"",""coordinates"":[-58.3915716787127,-34.8357729577572]}",0101000020E6100000320E51051F324DC06739B89BFA6A41C0
Alineacion AT,"{""type"":""Point"",""coordinates"":[-58.3924376970584,-34.8358633371647]}",0101000020E6100000B24A01663B324DC02386E091FD6A41C0
Alineacion AT,"{""type"":""Point"",""coordinates"":[-58.3933179752891,-34.8359563975019]}",0101000020E6100000D865503E58324DC08A13869E006B41C0
Alineacion AT,"{""type"":""Point"",""coordinates"":[-58.4901572484532,-34.9162018383371]}",0101000020E610000083000479BD3E4DC0B718121A467541C0
Alineacion AT,"{""type"":""Point"",""coordinates"":[-58.486327625529,-34.9148437816216]}",0101000020E6100000F064CFFB3F3E4DC0C881DD99197541C0
Alineacion AT,"{""type"":""Point"",""coordinates"":[-58.4825146877879,-34.9134928293428]}",0101000020E6100000C3F1910AC33D4DC030944155ED7441C0
Alineacion AT,"{""type"":""Point"",""coordinates"":[-58.4786865076372,-34.9121345127925]}",0101000020E610000049AB7799453D4DC08DFFDED2C07441C0
Alineacion AT,"{""type"":""Point"",""coordinates"":[-58.4742557947201,-34.9105623434876]}",0101000020E61000007921F469B43C4DC0C91F8F4E8D7441C0
Alineacion AT,"{""type"":""Point"",""coordinates"":[-58.4632521460617,-34.9052489373492]}",0101000020E61000008291A8D84B3B4DC0A9537A32DF7341C0
Alineacion AT,"{""type"":""Point"",""coordinates"":[-58.4418733327326,-34.892368818736]}",0101000020E6100000D0872C4E8F384DC07C383624397241C0
Alineacion AT,"{""type"":""Point"",""coordinates"":[-58.6349975596766,-34.9273928008064]}",0101000020E6100000E5EC9B9947514DC03201ABCEB47641C0
Alineacion AT,"{""type"":""Point"",""coordinates"":[-58.5522767154687,-34.939399642434]}",0101000020E6100000E5A3DF00B1464DC064105B3F3E7841C0
Alineacion AT,"{""type"":""Point"",""coordinates"":[-58.5486157896511,-34.9379324483636]}",0101000020E6100000744FCD0A39464DC017CAA32B0E7841C0
Alineacion AT,"{""type"":""Point"",""coordinates"":[-58.5453634894194,-34.9366226645182]}",0101000020E610000091BE8778CE454DC029666040E37741C0
Alineacion AT,"{""type"":""Point"",""coordinates"":[-58.5418050917891,-34.9351923916318]}",0101000020E61000002C0587DE59454DC067C36062B47741C0
Alineacion AT,"{""type"":""Point"",""coordinates"":[-58.5381395880272,-34.9337189781932]}",0101000020E610000044A10DC2E1444DC04A7F7D1A847741C0
Alineacion AT,"{""type"":""Point"",""coordinates"":[-58.5091137906006,-34.9229176528622]}",0101000020E6100000374904A42A414DC0DFF8672A227641C0
Alineacion AT,"{""type"":""Point"",""coordinates"":[-58.5052939894454,-34.9215670843896]}",0101000020E610000043C43379AD404DC0004304E9F57541C0
Alineacion AT,"{""type"":""Point"",""coordinates"":[-58.5014767101188,-34.9202124908299]}",0101000020E610000040D58A6330404DC01BBEDC85C97541C0
Alineacion AT,"{""type"":""Point"",""coordinates"":[-58.4976514949077,-34.9188549418408]}",0101000020E610000094B74F0BB33F4DC0B97CEA099D7541C0
Alineacion AT,"{""type"":""Point"",""coordinates"":[-58.2028171451683,-34.8241802500164]}",0101000020E610000071C886E9F5194DC028EA09BD7E6941C0
Alineacion AT,"{""type"":""Point"",""coordinates"":[-58.2009684920088,-34.8214214375868]}",0101000020E6100000205AE655B9194DC099557156246941C0
Alineacion AT,"{""type"":""Point"",""coordinates"":[-58.1981056334966,-34.8159965271184]}",0101000020E6100000BB8280865B194DC0C0CFFE92726841C0
Alineacion AT,"{""type"":""Point"",""coordinates"":[-58.1968494910251,-34.8125900647753]}",0101000020E6100000F717375D32194DC0DAA184F3026841C0
Alineacion AT,"{""type"":""Point"",""coordinates"":[-58.1957433790083,-34.8096083940995]}",0101000020E6100000E59F791E0E194DC0BB9C733FA16741C0
Alineacion AT,"{""type"":""Point"",""coordinates"":[-58.1946011595228,-34.8065133495486]}",0101000020E6100000FFF4D7B0E8184DC0A50C56D43B6741C0
Alineacion AT,"{""type"":""Point"",""coordinates"":[-58.1934946887668,-34.8035225219293]}",0101000020E6100000FE19186FC4184DC093A474D3D96641C0
Alineacion AT,"{""type"":""Point"",""coordinates"":[-58.4544236466007,-34.900325305528]}",0101000020E6100000E656D68D2A3A4DC088800FDC3D7341C0
Alineacion AT,"{""type"":""Point"",""coordinates"":[-58.4512751190147,-34.8983322314008]}",0101000020E61000005BD51262C3394DC09467F18CFC7241C0
Alineacion AT,"{""type"":""Point"",""coordinates"":[-58.4481461297091,-34.89634787757]}",0101000020E6100000FC7635DA5C394DC04500FA86BB7241C0
Alineacion AT,"{""type"":""Point"",""coordinates"":[-58.4450169704739,-34.8943637910711]}",0101000020E6100000D42CEB50F6384DC043B040837A7241C0
Alineacion AT,"{""type"":""Point"",""coordinates"":[-58.4383723461001,-34.8870382906987]}",0101000020E610000043FCC4951C384DC0E76C80788A7141C0
Alineacion AT,"{""type"":""Point"",""coordinates"":[-58.4379980508713,-34.883627753066]}",0101000020E6100000171AF45110384DC0D9A0D6B61A7141C0
Alineacion AT,"{""type"":""Point"",""coordinates"":[-58.4376346148983,-34.8803159394284]}",0101000020E6100000F54A3B6904384DC00BFF5431AE7041C0
Alineacion AT,"{""type"":""Point"",""coordinates"":[-58.4372643091826,-34.8769412979644]}",0101000020E6100000E0D2E146F8374DC064A2C99C3F7041C0
Alineacion AT,"{""type"":""Point"",""coordinates"":[-58.4368969826584,-34.8735935797166]}",0101000020E6100000931E863DEC374DC0737017EAD16F41C0
Alineacion AT,"{""type"":""Point"",""coordinates"":[-58.4332337367799,-34.8685529855828]}",0101000020E6100000287FFD3374374DC0F2F585BE2C6F41C0
Alineacion AT,"{""type"":""Point"",""coordinates"":[-58.43006496339,-34.8670029948876]}",0101000020E61000002D75645E0C374DC0C94942F4F96E41C0
Alineacion AT,"{""type"":""Point"",""coordinates"":[-58.4268759881123,-34.8654458056195]}",0101000020E6100000EA3154DFA3364DC047CC9BEDC66E41C0
Alineacion AT,"{""type"":""Point"",""coordinates"":[-58.4237147441305,-34.8639031536535]}",0101000020E6100000D26FE4483C364DC037EDE760946E41C0
Alineacion AT,"{""type"":""Point"",""coordinates"":[-58.4203489433978,-34.8622562595472]}",0101000020E6100000996682FECD354DC05FC3C1695E6E41C0
Alineacion AT,"{""type"":""Point"",""coordinates"":[-58.4170106079235,-34.8606242758467]}",0101000020E6100000EA8E859A60354DC0E473AFEF286E41C0
Alineacion AT,"{""type"":""Point"",""coordinates"":[-58.4135949316896,-34.8589585056832]}",0101000020E6100000F3B2C0ADF0344DC0E943315AF26D41C0
Alineacion AT,"{""type"":""Point"",""coordinates"":[-58.4091735598117,-34.8542058348911]}",0101000020E6100000BDE398CC5F344DC07674E69D566D41C0
Alineacion AT,"{""type"":""Point"",""coordinates"":[-58.4084378205551,-34.8515146974606]}",0101000020E6100000EDDDC4B047344DC010D4006FFE6C41C0
Alineacion AT,"{""type"":""Point"",""coordinates"":[-58.4076814336611,-34.8487628046884]}",0101000020E61000006061BCE72E344DC05B197442A46C41C0
Alineacion AT,"{""type"":""Point"",""coordinates"":[-58.4068561180886,-34.8457557084498]}",0101000020E61000001FAF7CDC13344DC041191AB9416C41C0
Alineacion AT,"{""type"":""Point"",""coordinates"":[-58.4060835226425,-34.8429235360052]}",0101000020E6100000DC987C8BFA334DC0E5151EEBE46B41C0
Alineacion AT,"{""type"":""Point"",""coordinates"":[-58.3395039436022,-34.6676448015126]}",0101000020E610000036517FDD742B4DC0ACEB8562755541C0
Alineacion AT,"{""type"":""Point"",""coordinates"":[-58.3394326708318,-34.6660849482632]}",0101000020E61000004E359E87722B4DC0FF928645425541C0
Alineacion AT,"{""type"":""Point"",""coordinates"":[-58.3393711349458,-34.6647020962366]}",0101000020E61000003EE66A83702B4DC09A7552F5145541C0
Alineacion AT,"{""type"":""Point"",""coordinates"":[-58.3393012632319,-34.6631921892306]}",0101000020E610000044894A396E2B4DC0A2DA4D7BE35441C0
Alineacion AT,"{""type"":""Point"",""coordinates"":[-58.3392404056582,-34.6617789668042]}",0101000020E61000004FE4C73A6C2B4DC066CD552CB55441C0
Alineacion AT,"{""type"":""Point"",""coordinates"":[-58.3376963209175,-34.6564558161985]}",0101000020E6100000F5280FA2392B4DC0B9EB82BE065441C0
Alineacion AT,"{""type"":""Point"",""coordinates"":[-58.4226119756046,-34.7828427133876]}",0101000020E6100000580F332618364DC0B2F4A530346441C0
Alineacion AT,"{""type"":""Point"",""coordinates"":[-58.4232432256359,-34.7819990678486]}",0101000020E61000000D2E82D52C364DC0C2F4A28B186441C0
Alineacion AT,"{""type"":""Point"",""coordinates"":[-58.4203468711402,-34.7859033849865]}",0101000020E6100000F14220EDCD354DC0902A6C7B986441C0
Alineacion AT,"{""type"":""Point"",""coordinates"":[-58.4197432939367,-34.7866599992764]}",0101000020E61000003716F425BA354DC058FB5C46B16441C0
Alineacion AT,"{""type"":""Point"",""coordinates"":[-58.4219821893443,-34.7836954596234]}",0101000020E6100000375D2B8303364DC0948D0022506441C0
Alineacion AT,"{""type"":""Point"",""coordinates"":[-58.4168864740239,-34.7902966420598]}",0101000020E6100000E80936895C354DC084E4BB70286541C0
Alineacion AT,"{""type"":""Point"",""coordinates"":[-58.4183096596453,-34.7884553272201]}",0101000020E61000007FE3C12B8B354DC03D62AA1AEC6441C0
Alineacion AT,"{""type"":""Point"",""coordinates"":[-58.4175305520074,-34.7894257214722]}",0101000020E6100000F0F920A471354DC00F2CECE60B6541C0
Alineacion AT,"{""type"":""Point"",""coordinates"":[-58.4190381261429,-34.7875450260359]}",0101000020E6100000C9C7930AA3354DC0C9798146CE6441C0
Alineacion AT,"{""type"":""Point"",""coordinates"":[-58.4154354193629,-34.7921075688481]}",0101000020E6100000C0E1E1FC2C354DC0EF8EE3C7636541C0
Alineacion AT,"{""type"":""Point"",""coordinates"":[-58.4140794095372,-34.7936967824815]}",0101000020E610000060F4D88D00354DC064D92DDB976541C0
Alineacion AT,"{""type"":""Point"",""coordinates"":[-58.4146788430393,-34.792958028969]}",0101000020E61000003199423214354DC0E3C210A67F6541C0
Alineacion AT,"{""type"":""Point"",""coordinates"":[-58.4161468550777,-34.7911983522823]}",0101000020E61000002872D64C44354DC0C6D9D3FC456541C0
Alineacion AT,"{""type"":""Point"",""coordinates"":[-58.4110744294567,-34.8011900881714]}",0101000020E6100000875E3F169E344DC0A84995658D6641C0
Alineacion AT,"{""type"":""Point"",""coordinates"":[-58.4133994520193,-34.794533776329]}",0101000020E6100000B74DF345EA344DC044736448B36541C0
Alineacion AT,"{""type"":""Point"",""coordinates"":[-58.4101544454766,-34.8007319515645]}",0101000020E6100000CAD0DCF07F344DC07E6A74627E6641C0
Alineacion AT,"{""type"":""Point"",""coordinates"":[-58.4096320086014,-34.7993507430041]}",0101000020E61000003E2B58D26E344DC0319E0920516641C0
Alineacion AT,"{""type"":""Point"",""coordinates"":[-58.262318249055,-34.8248542764524]}",0101000020E6100000E66AF6A493214DC01CAA2ED3946941C0
Alineacion AT,"{""type"":""Point"",""coordinates"":[-58.2636010114447,-34.8235075125821]}",0101000020E61000007CAC8DADBD214DC07046B5B1686941C0
Alineacion AT,"{""type"":""Point"",""coordinates"":[-58.2648005410998,-34.8222496404981]}",0101000020E61000004CFEEFFBE4214DC02A8BE9793F6941C0
Alineacion AT,"{""type"":""Point"",""coordinates"":[-58.2597679286472,-34.8275363119827]}",0101000020E6100000700B531340214DC0F21BBAB5EC6941C0
Alineacion AT,"{""type"":""Point"",""coordinates"":[-58.2610490977724,-34.8261869503971]}",0101000020E610000093CA8C0E6A214DC0382B767EC06941C0
Alineacion AT,"{""type"":""Point"",""coordinates"":[-58.2562723241473,-34.8315462755371]}",0101000020E6100000978A1188CD204DC06B45BD1B706A41C0
Alineacion AT,"{""type"":""Point"",""coordinates"":[-58.2585379637033,-34.828828229736]}",0101000020E6100000AD70A1C517214DC0E45B1E0B176A41C0
Alineacion AT,"{""type"":""Point"",""coordinates"":[-58.2532096199071,-34.8357596983775]}",0101000020E610000052443E2C69204DC055EC7D2CFA6A41C0
Alineacion AT,"{""type"":""Point"",""coordinates"":[-58.2542211904491,-34.8343681190543]}",0101000020E6100000E676E9518A204DC0EB141493CC6A41C0
Alineacion AT,"{""type"":""Point"",""coordinates"":[-58.2552327262832,-34.8329765299886]}",0101000020E6100000B0204A77AB204DC0815195F99E6A41C0
Alineacion AT,"{""type"":""Point"",""coordinates"":[-58.2511582730372,-34.8385814821295]}",0101000020E610000047684CF425204DC0806354A3566B41C0
Alineacion AT,"{""type"":""Point"",""coordinates"":[-58.252198014643,-34.8371512679748]}",0101000020E61000000581480648204DC0DAE0D2C5276B41C0
Alineacion AT,"{""type"":""Point"",""coordinates"":[-58.2480669327027,-34.8428334094121]}",0101000020E6100000B09641A8C01F4DC05AB314F7E16B41C0
Alineacion AT,"{""type"":""Point"",""coordinates"":[-58.2490505761641,-34.8414805333276]}",0101000020E61000005CD6A7E3E01F4DC0716E55A2B56B41C0
Alineacion AT,"{""type"":""Point"",""coordinates"":[-58.2500903921337,-34.8400503400156]}",0101000020E61000000CA143F602204DC025AE00C5866B41C0
Alineacion AT,"{""type"":""Point"",""coordinates"":[-58.2471675728026,-34.8440703166359]}",0101000020E6100000D1E8E02FA31F4DC0DDBC027F0A6C41C0
Alineacion AT,"{""type"":""Point"",""coordinates"":[-58.2446765546359,-34.8443063987937]}",0101000020E61000002921B48F511F4DC0AA4F693B126C41C0
Alineacion AT,"{""type"":""Point"",""coordinates"":[-58.2429755366044,-34.8434560420284]}",0101000020E6100000D2B887D2191F4DC012101A5EF66B41C0
Alineacion AT,"{""type"":""Point"",""coordinates"":[-58.2412745542599,-34.8426056623861]}",0101000020E6100000A3F3A715E21E4DC0B2AF9980DA6B41C0
Alineacion AT,"{""type"":""Point"",""coordinates"":[-58.2397418314918,-34.8418393666441]}",0101000020E6100000C0DE3EDCAF1E4DC0681C7264C16B41C0
Alineacion AT,"{""type"":""Point"",""coordinates"":[-58.2381250272815,-34.8410309979677]}",0101000020E61000003F4482E17A1E4DC0C4985BE7A66B41C0
Alineacion AT,"{""type"":""Point"",""coordinates"":[-58.2606000546432,-34.7536785773099]}",0101000020E61000009D03B4575B214DC0F39E248A786041C0
Alineacion AT,"{""type"":""Point"",""coordinates"":[-58.2565531662447,-34.7581331516885]}",0101000020E6100000635AF1BBD6204DC00342D2810A6141C0
Alineacion AT,"{""type"":""Point"",""coordinates"":[-58.2570864166306,-34.7575409564554]}",0101000020E610000048D62B35E8204DC0A3AD201AF76041C0
Alineacion AT,"{""type"":""Point"",""coordinates"":[-58.2576756298027,-34.7568894977208]}",0101000020E6100000487DD983FB204DC0CDB24BC1E16041C0
Alineacion AT,"{""type"":""Point"",""coordinates"":[-58.2582610205099,-34.7562535717979]}",0101000020E6100000FB7576B20E214DC0762DC3EACC6041C0
Alineacion AT,"{""type"":""Point"",""coordinates"":[-58.2536027637962,-34.7614116522001]}",0101000020E61000000B572C0E76204DC0177FE0EF756141C0
Alineacion AT,"{""type"":""Point"",""coordinates"":[-58.2541789265301,-34.7607430077398]}",0101000020E6100000C06360EF88204DC09B73E106606141C0
Alineacion AT,"{""type"":""Point"",""coordinates"":[-58.2547779825084,-34.7600868871012]}",0101000020E6100000A14E9F909C204DC0E91BF1864A6141C0
Alineacion AT,"{""type"":""Point"",""coordinates"":[-58.2554145860679,-34.7593823874132]}",0101000020E6100000A10AD76CB1204DC0908C2B71336141C0
Alineacion AT,"{""type"":""Point"",""coordinates"":[-58.2506783037732,-34.7647108689633]}",0101000020E6100000E842063A16204DC0F18BB60BE26141C0
Alineacion AT,"{""type"":""Point"",""coordinates"":[-58.2512515206526,-34.7640607658023]}",0101000020E6100000F822840229204DC086A340BECC6141C0
Alineacion AT,"{""type"":""Point"",""coordinates"":[-58.2518394226698,-34.7633985342876]}",0101000020E6100000F11A32463C204DC0314A0D0BB76141C0
Alineacion AT,"{""type"":""Point"",""coordinates"":[-58.2524362668702,-34.7627411959296]}",0101000020E61000000F44E3D44F204DC030EAE580A16141C0
Alineacion AT,"{""type"":""Point"",""coordinates"":[-58.2530158667837,-34.7620729357202]}",0101000020E6100000459AECD262204DC0E50A209B8B6141C0
Alineacion AT,"{""type"":""Point"",""coordinates"":[-58.2501238331638,-34.7651824891496]}",0101000020E6100000C5B1C90E04204DC0492FF37FF16141C0
Alineacion AT,"{""type"":""Point"",""coordinates"":[-58.2494988385513,-34.7658438633101]}",0101000020E6100000DFFBF393EF1F4DC02B61F52B076241C0
Alineacion AT,"{""type"":""Point"",""coordinates"":[-58.2489395927984,-34.7664355841238]}",0101000020E6100000D5DFA840DD1F4DC0AE26AC8F1A6241C0
Alineacion AT,"{""type"":""Point"",""coordinates"":[-58.2483844905666,-34.767022280334]}",0101000020E61000009FE81F10CB1F4DC046AB3CC92D6241C0
Alineacion AT,"{""type"":""Point"",""coordinates"":[-58.2452814484505,-34.7699665231149]}",0101000020E61000008BB4EB61651F4DC091E555438E6241C0
Alineacion AT,"{""type"":""Point"",""coordinates"":[-58.2464592702425,-34.7688730533937]}",0101000020E610000063BE34FA8B1F4DC0078DA56E6A6241C0
Alineacion AT,"{""type"":""Point"",""coordinates"":[-58.2471384168161,-34.768290086911]}",0101000020E6100000B8E74C3BA21F4DC0DC8F5E54576241C0
Alineacion AT,"{""type"":""Point"",""coordinates"":[-58.2420376018518,-34.7729195226931]}",0101000020E6100000872D9016FB1E4DC01234E406EF6241C0
Alineacion AT,"{""type"":""Point"",""coordinates"":[-58.242720708829,-34.7722914252185]}",0101000020E6100000C53DE178111F4DC0BA250772DA6241C0
Alineacion AT,"{""type"":""Point"",""coordinates"":[-58.2433593021602,-34.7717201205051]}",0101000020E610000052FAC965261F4DC0079E93B9C76241C0
Alineacion AT,"{""type"":""Point"",""coordinates"":[-58.243974731446,-34.7711609107234]}",0101000020E61000002D4E62903A1F4DC055C19566B56241C0
Alineacion AT,"{""type"":""Point"",""coordinates"":[-58.2446224164481,-34.7705544215247]}",0101000020E6100000AE418FC94F1F4DC0511EFC86A16241C0
Alineacion AT,"{""type"":""Point"",""coordinates"":[-58.239981095849,-34.7744958219039]}",0101000020E61000002E2A57B3B71E4DC09CFBD8AD226341C0
Alineacion AT,"{""type"":""Point"",""coordinates"":[-58.2385028162537,-34.776787233838]}",0101000020E61000001FE8A142871E4DC06CA49AC36D6341C0
Alineacion AT,"{""type"":""Point"",""coordinates"":[-58.2390345259802,-34.7761002824912]}",0101000020E610000093D9EFAE981E4DC0A1DB0941576341C0
Alineacion AT,"{""type"":""Point"",""coordinates"":[-58.3366101740902,-34.6327792975506]}",0101000020E6100000EA9BCC0A162B4DC06B487AE9FE5041C0
Alineacion AT,"{""type"":""Point"",""coordinates"":[-58.3310228038019,-34.645421494522]}",0101000020E610000099478AF45E2A4DC0C48DE92B9D5241C0
Alineacion AT,"{""type"":""Point"",""coordinates"":[-58.3285559715895,-34.6476827043446]}",0101000020E6100000F970401F0E2A4DC024AC5044E75241C0
Alineacion AT,"{""type"":""Point"",""coordinates"":[-58.32602958205,-34.6499908930454]}",0101000020E610000076375C56BB294DC0F229CEE6325341C0
Alineacion AT,"{""type"":""Point"",""coordinates"":[-58.3234886379224,-34.6523148037374]}",0101000020E61000008940601368294DC0DD5F2E0D7F5341C0
Alineacion AT,"{""type"":""Point"",""coordinates"":[-58.3207889626903,-34.6547928843279]}",0101000020E610000011D6DB9C0F294DC0BBEBD340D05341C0
Alineacion AT,"{""type"":""Point"",""coordinates"":[-58.3180427542753,-34.6573001712195]}",0101000020E6100000CD2BFE9FB5284DC07F857969225441C0
Alineacion AT,"{""type"":""Point"",""coordinates"":[-58.3152431611693,-34.6598616745604]}",0101000020E610000046C14DE359284DC0710FEC58765441C0
Alineacion AT,"{""type"":""Point"",""coordinates"":[-58.3124925399555,-34.6623747886264]}",0101000020E610000026AD6BC1FF274DC02C6C73B2C85441C0
Alineacion AT,"{""type"":""Point"",""coordinates"":[-58.3098850888222,-34.6647640617486]}",0101000020E610000033018950AA274DC01C6220FD165541C0
Alineacion AT,"{""type"":""Point"",""coordinates"":[-58.3070952524973,-34.667314979115]}",0101000020E6100000CD1DB1E54E274DC00AB7C5936A5541C0
Alineacion AT,"{""type"":""Point"",""coordinates"":[-58.3043161323338,-34.6698555626758]}",0101000020E61000006902BED4F3264DC0445EBBD3BD5541C0
Alineacion AT,"{""type"":""Point"",""coordinates"":[-58.2985741004376,-34.6747110612143]}",0101000020E6100000EE6716AD37264DC01E159BEE5C5641C0
Alineacion AT,"{""type"":""Point"",""coordinates"":[-58.2931686318511,-34.6787612977631]}",0101000020E6100000B601BB8C86254DC06BD773A6E15641C0
Alineacion AT,"{""type"":""Point"",""coordinates"":[-58.2959069231271,-34.6767081771426]}",0101000020E6100000DCBE2E47E0254DC0ACE1A05F9E5641C0
Alineacion AT,"{""type"":""Point"",""coordinates"":[-58.2905760784074,-34.6807057666453]}",0101000020E610000039E1D09831254DC051F8D65D215741C0
Alineacion AT,"{""type"":""Point"",""coordinates"":[-58.2879826645903,-34.6826495025803]}",0101000020E61000007C1DAF9DDC244DC0451B140F615741C0
Alineacion AT,"{""type"":""Point"",""coordinates"":[-58.2818907908244,-34.6856268265136]}",0101000020E610000038D157FF14244DC07491AE9EC25741C0
Alineacion AT,"{""type"":""Point"",""coordinates"":[-58.278446630534,-34.686663235441]}",0101000020E610000095E9A123A4234DC0DCCAB594E45741C0
Alineacion AT,"{""type"":""Point"",""coordinates"":[-58.2749490764466,-34.6877102795608]}",0101000020E6100000A5B3058831234DC01AEBF3E3065841C0
Alineacion AT,"{""type"":""Point"",""coordinates"":[-58.2713687967072,-34.6887804501737]}",0101000020E610000098817536BC224DC066CF31F5295841C0
Alineacion AT,"{""type"":""Point"",""coordinates"":[-58.2679443484953,-34.6898091563991]}",0101000020E6100000B7F71A004C224DC0949B9BAA4B5841C0
Alineacion AT,"{""type"":""Point"",""coordinates"":[-58.2644158178008,-34.6908652117783]}",0101000020E6100000F6FFA460D8214DC0104471456E5841C0
Alineacion AT,"{""type"":""Point"",""coordinates"":[-58.2604983110621,-34.6920398609339]}",0101000020E61000006556370258214DC0AC1E1DC3945841C0
Alineacion AT,"{""type"":""Point"",""coordinates"":[-58.2529309178319,-34.6940069933087]}",0101000020E61000001B1E520A60204DC063BA9D38D55841C0
Alineacion AT,"{""type"":""Point"",""coordinates"":[-58.2487408917054,-34.695340540614]}",0101000020E6100000B486D5BDD61F4DC08CC238EB005941C0
Alineacion AT,"{""type"":""Point"",""coordinates"":[-58.2461877796255,-34.6967261587474]}",0101000020E61000004515C714831F4DC0380BA1522E5941C0
Alineacion AT,"{""type"":""Point"",""coordinates"":[-58.2474637908469,-34.696032657484]}",0101000020E6100000D250BCE4AC1F4DC0B86B1E99175941C0
Alineacion AT,"{""type"":""Point"",""coordinates"":[-58.2449107265114,-34.6974183602904]}",0101000020E61000002F67143C591F4DC0E1893C01455941C0
Alineacion AT,"{""type"":""Point"",""coordinates"":[-58.2424207451726,-34.6996381109908]}",0101000020E6100000B3319AA4071F4DC0D4DEDABD8D5941C0
Alineacion AT,"{""type"":""Point"",""coordinates"":[-58.2376505294811,-34.7047805386534]}",0101000020E6100000D2FF21556B1E4DC0CC2FAA3F365A41C0
Alineacion AT,"{""type"":""Point"",""coordinates"":[-58.233325834841,-34.7091107529837]}",0101000020E610000021FAF69EDD1D4DC04FA72224C45A41C0
Alineacion AT,"{""type"":""Point"",""coordinates"":[-58.2340420536923,-34.7800093683595]}",0101000020E61000009F3F0B17F51D4DC0C4D6D358D76341C0
Alineacion AT,"{""type"":""Point"",""coordinates"":[-58.2329596047655,-34.7814857224045]}",0101000020E6100000E6E0CD9ED11D4DC05B0262B9076441C0
Alineacion AT,"{""type"":""Point"",""coordinates"":[-58.2334749161069,-34.7807850609672]}",0101000020E6100000C48E8C81E21D4DC0A007CFC3F06341C0
Alineacion AT,"{""type"":""Point"",""coordinates"":[-58.2218566226344,-34.7960121921832]}",0101000020E6100000D24E3DCC651C4DC070523EBAE36541C0
Alineacion AT,"{""type"":""Point"",""coordinates"":[-58.2189658083994,-34.799345453036]}",0101000020E61000003E025512071C4DC0757FA9F3506641C0
Alineacion AT,"{""type"":""Point"",""coordinates"":[-58.218260110676,-34.800254925169]}",0101000020E6100000F9AF82F2EF1B4DC02808DEC06E6641C0
Alineacion AT,"{""type"":""Point"",""coordinates"":[-58.2103604914954,-34.8103716174584]}",0101000020E6100000EAABB317ED1A4DC0924BD541BA6741C0
Alineacion AT,"{""type"":""Point"",""coordinates"":[-58.208159813288,-34.8111365497153]}",0101000020E6100000F03413FBA41A4DC00ECF8C52D36741C0
Alineacion AT,"{""type"":""Point"",""coordinates"":[-58.2069961263033,-34.8113844127079]}",0101000020E61000008C6F5CD97E1A4DC04B88C671DB6741C0
Alineacion AT,"{""type"":""Point"",""coordinates"":[-58.2036002150012,-34.8231645270936]}",0101000020E6100000C27164920F1A4DC0138C89745D6941C0
Alineacion AT,"{""type"":""Point"",""coordinates"":[-58.2041401306922,-34.824425827641]}",0101000020E6100000E18F8843211A4DC016D917C9866941C0
Alineacion AT,"{""type"":""Point"",""coordinates"":[-58.2046704792871,-34.8118306611552]}",0101000020E61000005A7F6BA4321A4DC09FC62D11EA6741C0
Alineacion AT,"{""type"":""Point"",""coordinates"":[-58.2006227571352,-34.8179755105561]}",0101000020E61000004F5DAA01AE194DC03462E96BB36841C0
Alineacion AT,"{""type"":""Point"",""coordinates"":[-58.2004061944612,-34.8137707642956]}",0101000020E61000003B9001E9A6194DC0998BF1A3296841C0
Alineacion AT,"{""type"":""Point"",""coordinates"":[-58.2029819507655,-34.8217293321369]}",0101000020E6100000AF1B0450FB194DC090D83F6D2E6941C0
Alineacion AT,"{""type"":""Point"",""coordinates"":[-58.2014609080413,-34.8191370678414]}",0101000020E6100000E0BA9578C9194DC0FFA8C27BD96841C0
Alineacion AT,"{""type"":""Point"",""coordinates"":[-58.2011961937983,-34.8133093911662]}",0101000020E6100000C23800CCC0194DC0594BAA851A6841C0
Alineacion AT,"{""type"":""Point"",""coordinates"":[-58.4288163957117,-34.8267311606591]}",0101000020E610000005C9A574E3364DC0B6CEA053D26941C0
Alineacion AT,"{""type"":""Point"",""coordinates"":[-58.4280296124678,-34.8263411529495]}",0101000020E610000066A2A1ACC9364DC0E9A0018CC56941C0
Alineacion AT,"{""type"":""Point"",""coordinates"":[-58.4272486032594,-34.8259531642562]}",0101000020E610000061210D15B0364DC0104152D5B86941C0
Alineacion AT,"{""type"":""Point"",""coordinates"":[-58.4264620469301,-34.825562305643]}",0101000020E61000006146F04E96364DC008C68F06AC6941C0
Alineacion AT,"{""type"":""Point"",""coordinates"":[-58.4256818157334,-34.8251643860246]}",0101000020E6100000DD89E2BD7C364DC052E691FC9E6941C0
Alineacion AT,"{""type"":""Point"",""coordinates"":[-58.4247811782634,-34.8247288121368]}",0101000020E61000007C4CCA3A5F364DC02919B6B6906941C0
Alineacion AT,"{""type"":""Point"",""coordinates"":[-58.4445541897289,-34.8303721611866]}",0101000020E6100000B617D526E7384DC014E78DA2496A41C0
Alineacion AT,"{""type"":""Point"",""coordinates"":[-58.4441018327316,-34.8309809325158]}",0101000020E610000087D62F54D8384DC09C604C955D6A41C0
Alineacion AT,"{""type"":""Point"",""coordinates"":[-58.4436961266464,-34.8315271214381]}",0101000020E610000078A7E008CB384DC02928107B6F6A41C0
Alineacion AT,"{""type"":""Point"",""coordinates"":[-58.4432011332978,-34.8321985448328]}",0101000020E6100000398892D0BA384DC0F8EA5E7B856A41C0
Alineacion AT,"{""type"":""Point"",""coordinates"":[-58.4427680389792,-34.8327957244267]}",0101000020E61000009490839FAC384DC0AA54E00C996A41C0
Alineacion AT,"{""type"":""Point"",""coordinates"":[-58.4470667854047,-34.8310002671831]}",0101000020E61000007038037C39394DC05E427D375E6A41C0
Alineacion AT,"{""type"":""Point"",""coordinates"":[-58.4462686752273,-34.830599801504]}",0101000020E61000004AAAFA541F394DC00DC32318516A41C0
Alineacion AT,"{""type"":""Point"",""coordinates"":[-58.4454646535349,-34.8301720759689]}",0101000020E6100000663A5BFC04394DC05E2B1E14436A41C0
Alineacion AT,"{""type"":""Point"",""coordinates"":[-58.4527220541326,-34.8338211620847]}",0101000020E6100000B556D8CBF2394DC0E5EEDEA6BA6A41C0
Alineacion AT,"{""type"":""Point"",""coordinates"":[-58.4519517787849,-34.833439846069]}",0101000020E61000000BA04E8ED9394DC056062928AE6A41C0
Alineacion AT,"{""type"":""Point"",""coordinates"":[-58.4511254524309,-34.8330308589151]}",0101000020E6100000BC4A947ABE394DC0AECC53C1A06A41C0
Alineacion AT,"{""type"":""Point"",""coordinates"":[-58.4503136755585,-34.8325870023154]}",0101000020E610000096BBE6E0A3394DC07502FD35926A41C0
Alineacion AT,"{""type"":""Point"",""coordinates"":[-58.4495018926033,-34.8321763193051]}",0101000020E6100000521C2C4789394DC0DFF5EDC0846A41C0
Alineacion AT,"{""type"":""Point"",""coordinates"":[-58.4607233093805,-34.8378633833341]}",0101000020E6100000AC253DFBF83A4DC0CCF77A1B3F6B41C0
Alineacion AT,"{""type"":""Point"",""coordinates"":[-58.4599783840149,-34.8374899751585]}",0101000020E6100000031B5A92E03A4DC04E041BDF326B41C0
Alineacion AT,"{""type"":""Point"",""coordinates"":[-58.4592193292058,-34.8370804860031]}",0101000020E6100000A650F0B2C73A4DC069C00F74256B41C0
Alineacion AT,"{""type"":""Point"",""coordinates"":[-58.4584608187483,-34.836703682516]}",0101000020E6100000BA8217D8AE3A4DC0AF6C341B196B41C0
Alineacion AT,"{""type"":""Point"",""coordinates"":[-58.4577177404356,-34.8363343956221]}",0101000020E610000029FCB27E963A4DC0BDDB66010D6B41C0
Alineacion AT,"{""type"":""Point"",""coordinates"":[-58.4569263639584,-34.8359398587727]}",0101000020E6100000DBF026907C3A4DC0076DC913006B41C0
Alineacion AT,"{""type"":""Point"",""coordinates"":[-58.4664895359103,-34.8404880652613]}",0101000020E61000009454DAEDB53B4DC0E27CE81C956B41C0
Alineacion AT,"{""type"":""Point"",""coordinates"":[-58.4656617226902,-34.840069460492]}",0101000020E610000011FAA6CD9A3B4DC039976565876B41C0
Alineacion AT,"{""type"":""Point"",""coordinates"":[-58.4650029325358,-34.8397364842554]}",0101000020E610000082E45137853B4DC04291307C7C6B41C0
Alineacion AT,"{""type"":""Point"",""coordinates"":[-58.4641990250086,-34.8393291216412]}",0101000020E61000009D9FA7DF6A3B4DC0C303FC226F6B41C0
Alineacion AT,"{""type"":""Point"",""coordinates"":[-58.4634379289973,-34.8389425575758]}",0101000020E610000076621EEF513B4DC057014078626B41C0
Alineacion AT,"{""type"":""Point"",""coordinates"":[-58.4627003493571,-34.8385672071647]}",0101000020E6100000192BDAC3393B4DC09C22952B566B41C0
Alineacion AT,"{""type"":""Point"",""coordinates"":[-58.4691923727402,-34.8402156965998]}",0101000020E6100000D939E47E0E3C4DC0B73D1D308C6B41C0
Alineacion AT,"{""type"":""Point"",""coordinates"":[-58.471515126359,-34.8413540707421]}",0101000020E610000000A48F9B5A3C4DC0D3187D7DB16B41C0
Alineacion AT,"{""type"":""Point"",""coordinates"":[-58.4723048466343,-34.8417425006923]}",0101000020E6100000AD04377C743C4DC03610E037BE6B41C0
Alineacion AT,"{""type"":""Point"",""coordinates"":[-58.4731567316692,-34.8421630710429]}",0101000020E610000068335866903C4DC09603E0FFCB6B41C0
Alineacion AT,"{""type"":""Point"",""coordinates"":[-58.4740460520765,-34.842601520935]}",0101000020E6100000B43B818AAD3C4DC0DEFCDB5DDA6B41C0
Alineacion AT,"{""type"":""Point"",""coordinates"":[-58.4748998515068,-34.8430224410126]}",0101000020E6100000708CB184C93C4DC0B6F8CA28E86B41C0
Alineacion AT,"{""type"":""Point"",""coordinates"":[-58.4765348886419,-34.8422169945499]}",0101000020E6100000550F6118FF3C4DC01CDD37C4CD6B41C0
Alineacion AT,"{""type"":""Point"",""coordinates"":[-58.4760437566153,-34.8428968484097]}",0101000020E61000005F107700EF3C4DC019E93E0BE46B41C0
Alineacion AT,"{""type"":""Point"",""coordinates"":[-58.477526551017,-34.8418155955531]}",0101000020E610000078CB0B971F3D4DC0EB140A9DC06B41C0
Alineacion AT,"{""type"":""Point"",""coordinates"":[-58.4819472155832,-34.8403650711946]}",0101000020E610000005AA4472B03D4DC09CBD2815916B41C0
Alineacion AT,"{""type"":""Point"",""coordinates"":[-58.4814629217601,-34.8410310978871]}",0101000020E61000002199B793A03D4DC0052C32E8A66B41C0
Alineacion AT,"{""type"":""Point"",""coordinates"":[-58.4824213361711,-34.8397135234041]}",0101000020E6100000B3DF7AFBBF3D4DC0CD8394BB7B6B41C0
Alineacion AT,"{""type"":""Point"",""coordinates"":[-58.4847126181633,-34.8372474301331]}",0101000020E6100000237C25100B3E4DC0798A7DEC2A6B41C0
Alineacion AT,"{""type"":""Point"",""coordinates"":[-58.4840676474699,-34.8378093063023]}",0101000020E6100000AD77BDEDF53D4DC0276DD9553D6B41C0
Alineacion AT,"{""type"":""Point"",""coordinates"":[-58.4899719047951,-34.8349961602249]}",0101000020E6100000DD863D66B73E4DC0CD397827E16A41C0
Alineacion AT,"{""type"":""Point"",""coordinates"":[-58.4893125837284,-34.834531185736]}",0101000020E6100000415174CBA13E4DC0351DFBEAD16A41C0
Alineacion AT,"{""type"":""Point"",""coordinates"":[-58.4886951728618,-34.8340943584716]}",0101000020E6100000C2933C908D3E4DC0F4B49B9AC36A41C0
Alineacion AT,"{""type"":""Point"",""coordinates"":[-58.5001124125232,-34.8429206242583]}",0101000020E6100000350EFCAE03404DC01828B1D2E46B41C0
Alineacion AT,"{""type"":""Point"",""coordinates"":[-58.4994229345678,-34.8423794681316]}",0101000020E6100000A56B3917ED3F4DC041392517D36B41C0
Alineacion AT,"{""type"":""Point"",""coordinates"":[-58.4987333461265,-34.841837188006]}",0101000020E6100000DF84897ED63F4DC067852B52C16B41C0
Alineacion AT,"{""type"":""Point"",""coordinates"":[-58.4980729090039,-34.8413174989351]}",0101000020E6100000069963DAC03F4DC04EBDB34AB06B41C0
Alineacion AT,"{""type"":""Point"",""coordinates"":[-58.4973257203785,-34.8407305610001]}",0101000020E6100000243E845EA83F4DC01F1F1C0F9D6B41C0
Alineacion AT,"{""type"":""Point"",""coordinates"":[-58.4966715917719,-34.8402167000006]}",0101000020E610000098C149EF923F4DC0210788388C6B41C0
Alineacion AT,"{""type"":""Point"",""coordinates"":[-58.4960049211863,-34.839692875731]}",0101000020E61000003793D9167D3F4DC077F95F0E7B6B41C0
Alineacion AT,"{""type"":""Point"",""coordinates"":[-58.4953209456173,-34.8391557392358]}",0101000020E610000098393FAD663F4DC05E228C74696B41C0
Alineacion AT,"{""type"":""Point"",""coordinates"":[-58.49462645139,-34.8386108589183]}",0101000020E61000006E3A68EB4F3F4DC0EB8FC299576B41C0
Alineacion AT,"{""type"":""Point"",""coordinates"":[-58.493975289224,-34.8380997972346]}",0101000020E6100000E81F10953A3F4DC012F4A9DA466B41C0
Alineacion AT,"{""type"":""Point"",""coordinates"":[-58.4932763097234,-34.8375483607752]}",0101000020E6100000A41399AD233F4DC0832CE1C8346B41C0
Alineacion AT,"{""type"":""Point"",""coordinates"":[-58.4926272494228,-34.8370354916328]}",0101000020E6100000D9B1E2680E3F4DC0B8139FFA236B41C0
Alineacion AT,"{""type"":""Point"",""coordinates"":[-58.4920156143835,-34.8365543530228]}",0101000020E610000005731E5EFA3E4DC09EC78936146B41C0
Alineacion AT,"{""type"":""Point"",""coordinates"":[-58.4912788211403,-34.8359744371002]}",0101000020E6100000EF017339E23E4DC09CD1D935016B41C0
Alineacion AT,"{""type"":""Point"",""coordinates"":[-58.502645614757,-34.8438480926376]}",0101000020E6100000F66D06B156404DC0CB55DC36036C41C0
Alineacion AT,"{""type"":""Point"",""coordinates"":[-58.5042319758282,-34.8421577875478]}",0101000020E6100000CEE362AC8A404DC078CB8DD3CB6B41C0
Alineacion AT,"{""type"":""Point"",""coordinates"":[-58.5046554725686,-34.8427102660331]}",0101000020E6100000F936EF8C98404DC0CE4E14EEDD6B41C0
Alineacion AT,"{""type"":""Point"",""coordinates"":[-58.5031133654813,-34.8443839300212]}",0101000020E61000001676CD0466404DC0BE5ACAC5146C41C0
Alineacion AT,"{""type"":""Point"",""coordinates"":[-58.5016119689494,-34.846529527017]}",0101000020E6100000BFF52CD234404DC077D15C145B6C41C0
Alineacion AT,"{""type"":""Point"",""coordinates"":[-58.502118569685,-34.8458189496291]}",0101000020E610000079C1D96B45404DC03F7F9BCB436C41C0
Alineacion AT,"{""type"":""Point"",""coordinates"":[-58.5026173836323,-34.8451177235689]}",0101000020E61000000E8D34C455404DC0CAFF4BD12C6C41C0
Alineacion AT,"{""type"":""Point"",""coordinates"":[-58.4914741248939,-34.8425316679986]}",0101000020E6100000F39FC69FE83E4DC003F3E313D86B41C0
Alineacion AT,"{""type"":""Point"",""coordinates"":[-58.4922893759462,-34.8429301781311]}",0101000020E6100000B4ED9856033F4DC032F1D522E56B41C0
Alineacion AT,"{""type"":""Point"",""coordinates"":[-58.4930992527616,-34.8433342337601]}",0101000020E6100000822556E01D3F4DC063CC4C60F26B41C0
Alineacion AT,"{""type"":""Point"",""coordinates"":[-58.4939147967424,-34.8437410187864]}",0101000020E61000006B829D99383F4DC0A2FDA8B4FF6B41C0
Alineacion AT,"{""type"":""Point"",""coordinates"":[-58.4947256725245,-34.8441454660908]}",0101000020E6100000FBFDBB2B533F4DC0A1F668F50C6C41C0
Alineacion AT,"{""type"":""Point"",""coordinates"":[-58.4955837245649,-34.8445734338002]}",0101000020E6100000CDB798496F3F4DC0099F76FB1A6C41C0
Alineacion AT,"{""type"":""Point"",""coordinates"":[-58.4962800439811,-34.8449207271208]}",0101000020E61000002D47BF1A863F4DC02859C55C266C41C0
Alineacion AT,"{""type"":""Point"",""coordinates"":[-58.4970063350887,-34.8452876926778]}",0101000020E61000002B8E51E79D3F4DC098E11963326C41C0
Alineacion AT,"{""type"":""Point"",""coordinates"":[-58.4977633575708,-34.8456541801699]}",0101000020E6100000FBF4AEB5B63F4DC013C76B653E6C41C0
Alineacion AT,"{""type"":""Point"",""coordinates"":[-58.4986217553895,-34.8460794475868]}",0101000020E61000006B3C72D6D23F4DC0FD99D2544C6C41C0
Alineacion AT,"{""type"":""Point"",""coordinates"":[-58.4993428773729,-34.8464372297959]}",0101000020E61000004CE7A777EA3F4DC08A0B1E0E586C41C0
Alineacion AT,"{""type"":""Point"",""coordinates"":[-58.4873679930437,-34.8404224335987]}",0101000020E6100000B19E0B13623E4DC0CE9059F6926B41C0
Alineacion AT,"{""type"":""Point"",""coordinates"":[-58.4881909036064,-34.8408254287145]}",0101000020E6100000D4981E0A7D3E4DC0AAFCEA2AA06B41C0
Alineacion AT,"{""type"":""Point"",""coordinates"":[-58.4889556663974,-34.8411994626336]}",0101000020E6100000742F6A19963E4DC04CB68A6CAC6B41C0
Alineacion AT,"{""type"":""Point"",""coordinates"":[-58.4896818712333,-34.8415543612313]}",0101000020E6100000103243E5AD3E4DC0B5A5A50DB86B41C0
Alineacion AT,"{""type"":""Point"",""coordinates"":[-58.4805881773398,-34.8434259078787]}",0101000020E61000006142D4E9833D4DC016785161F56B41C0
Alineacion AT,"{""type"":""Point"",""coordinates"":[-58.4810403319773,-34.8427921979358]}",0101000020E61000001EF3C6BA923D4DC0A8BA5F9DE06B41C0
Alineacion AT,"{""type"":""Point"",""coordinates"":[-58.4814868832012,-34.8421644752836]}",0101000020E6100000AB66B85CA13D4DC01A99A70BCC6B41C0
Alineacion AT,"{""type"":""Point"",""coordinates"":[-58.4819863701788,-34.8414897056621]}",0101000020E61000008F84B8BAB13D4DC09EDE46EFB56B41C0
Alineacion AT,"{""type"":""Point"",""coordinates"":[-58.482462725462,-34.840839921467]}",0101000020E6100000FFB2AD56C13D4DC09AEF7DA4A06B41C0
Alineacion AT,"{""type"":""Point"",""coordinates"":[-58.4829599907407,-34.840161534915]}",0101000020E6100000FFC00AA2D13D4DC094E8C5698A6B41C0
Alineacion AT,"{""type"":""Point"",""coordinates"":[-58.4834276553673,-34.8395236818902]}",0101000020E610000064E418F5E03D4DC0CEF71283756B41C0
Alineacion AT,"{""type"":""Point"",""coordinates"":[-58.4791758178902,-34.8435105049733]}",0101000020E6100000AB6F19A2553D4DC0B358F826F86B41C0
Alineacion AT,"{""type"":""Point"",""coordinates"":[-58.4796920059226,-34.8437656436219]}",0101000020E610000085CB328C663D4DC01C6C3A83006C41C0
Alineacion AT,"{""type"":""Point"",""coordinates"":[-58.4744380461734,-34.8463160296305]}",0101000020E61000007E25CA62BA3C4DC0F6AB6A15546C41C0
Alineacion AT,"{""type"":""Point"",""coordinates"":[-58.4749138924529,-34.8456707083725]}",0101000020E61000002C407AFAC93C4DC090D211F03E6C41C0
Alineacion AT,"{""type"":""Point"",""coordinates"":[-58.475387815597,-34.8450222984009]}",0101000020E6100000FA730882D93C4DC0E402D0B0296C41C0
Alineacion AT,"{""type"":""Point"",""coordinates"":[-58.4758617311905,-34.8443738863312]}",0101000020E6100000C5708609E93C4DC0C3B18971146C41C0
Alineacion AT,"{""type"":""Point"",""coordinates"":[-58.4763281693406,-34.8437364962584]}",0101000020E6100000A5BD4A52F83C4DC08FEFB88EFF6B41C0
Alineacion AT,"{""type"":""Point"",""coordinates"":[-58.4767965800805,-34.8430963449927]}",0101000020E61000002B259BAB073D4DC0768FBE94EA6B41C0
Alineacion AT,"{""type"":""Point"",""coordinates"":[-58.4714338770968,-34.8486934498218]}",0101000020E6100000BF2DFEF1573C4DC02CA8A9FCA16C41C0
Alineacion AT,"{""type"":""Point"",""coordinates"":[-58.4706339292548,-34.8483002143523]}",0101000020E6100000CB448BBB3D3C4DC09BEAF619956C41C0
Alineacion AT,"{""type"":""Point"",""coordinates"":[-58.4698358669398,-34.8479078969022]}",0101000020E6100000447FE994233C4DC0889BF73E886C41C0
Alineacion AT,"{""type"":""Point"",""coordinates"":[-58.4687728305655,-34.8480439277]}",0101000020E6100000224484BF003C4DC07B8513B48C6C41C0
Alineacion AT,"{""type"":""Point"",""coordinates"":[-58.4682844425181,-34.848719305746]}",0101000020E6100000A6EB9EBEF03B4DC0DCD48ED5A26C41C0
Alineacion AT,"{""type"":""Point"",""coordinates"":[-58.4521713008286,-34.8407894570848]}",0101000020E6100000D79FCABFE0394DC01C802AFD9E6B41C0
Alineacion AT,"{""type"":""Point"",""coordinates"":[-58.4529720730284,-34.8412410007926]}",0101000020E610000043D427FDFA394DC0B63AFDC8AD6B41C0
Alineacion AT,"{""type"":""Point"",""coordinates"":[-58.4537102874122,-34.8416290723043]}",0101000020E6100000A725BF2D133A4DC073745E80BA6B41C0
Alineacion AT,"{""type"":""Point"",""coordinates"":[-58.4545813044138,-34.8420630447401]}",0101000020E61000004CEA5DB82F3A4DC01E2ACBB8C86B41C0
Alineacion AT,"{""type"":""Point"",""coordinates"":[-58.2201462015539,-34.8482862755219]}",0101000020E61000009D0130C02D1C4DC0938109A5946C41C0
Alineacion AT,"{""type"":""Point"",""coordinates"":[-58.4553538227822,-34.8424856847701]}",0101000020E61000009F7AB808493A4DC0C9B72792D66B41C0
Alineacion AT,"{""type"":""Point"",""coordinates"":[-58.4560921581834,-34.8428824740739]}",0101000020E610000006AE533A613A4DC07442AA92E36B41C0
Alineacion AT,"{""type"":""Point"",""coordinates"":[-58.4569681815093,-34.8433494873842]}",0101000020E61000009372F1EE7D3A4DC0ECB441E0F26B41C0
Alineacion AT,"{""type"":""Point"",""coordinates"":[-58.458568572775,-34.844131833799]}",0101000020E61000006385FF5FB23A4DC0F1D60D830C6C41C0
Alineacion AT,"{""type"":""Point"",""coordinates"":[-58.4594259461788,-34.8445637745699]}",0101000020E6100000CBE22A78CE3A4DC0FD946FAA1A6C41C0
Alineacion AT,"{""type"":""Point"",""coordinates"":[-58.4601873158778,-34.8449394119105]}",0101000020E610000050DDFF6AE73A4DC0E8A082F9266C41C0
Alineacion AT,"{""type"":""Point"",""coordinates"":[-58.4610106187654,-34.8453460701276]}",0101000020E6100000605A5D65023B4DC00580CE4C346C41C0
Alineacion AT,"{""type"":""Point"",""coordinates"":[-58.4618909532419,-34.8457810284821]}",0101000020E6100000013F253E1F3B4DC03A74808D426C41C0
Alineacion AT,"{""type"":""Point"",""coordinates"":[-58.4625108655032,-34.8460863016595]}",0101000020E6100000BCB0588E333B4DC04A9C518E4C6C41C0
Alineacion AT,"{""type"":""Point"",""coordinates"":[-58.463308726171,-34.8464789583164]}",0101000020E61000008D6D49B34D3B4DC0525C296C596C41C0
Alineacion AT,"{""type"":""Point"",""coordinates"":[-58.4640619171479,-34.8468495072904]}",0101000020E61000000BBC8261663B4DC017398D90656C41C0
Alineacion AT,"{""type"":""Point"",""coordinates"":[-58.464897491949,-34.8472633484577]}",0101000020E6100000EDF4D1C2813B4DC0D95C1A20736C41C0
Alineacion AT,"{""type"":""Point"",""coordinates"":[-58.4657504746155,-34.8476865801818]}",0101000020E6100000FD4828B69D3B4DC0C2916DFE806C41C0
Alineacion AT,"{""type"":""Point"",""coordinates"":[-58.467407550011,-34.8485061143589]}",0101000020E6100000B899B602D43B4DC059D02DD99B6C41C0
Alineacion AT,"{""type"":""Point"",""coordinates"":[-58.4666099388346,-34.8481118895909]}",0101000020E61000003AA4DDDFB93B4DC01C922EEE8E6C41C0
Alineacion AT,"{""type"":""Point"",""coordinates"":[-58.4464100558856,-34.8379241720879]}",0101000020E61000002E51F7F623394DC098D26919416B41C0
Alineacion AT,"{""type"":""Point"",""coordinates"":[-58.4472449332442,-34.8383424711321]}",0101000020E6100000FACA6C523F394DC0182E5CCE4E6B41C0
Alineacion AT,"{""type"":""Point"",""coordinates"":[-58.4480800914871,-34.8387526114946]}",0101000020E610000081763DB05A394DC0EBE6DD3E5C6B41C0
Alineacion AT,"{""type"":""Point"",""coordinates"":[-58.4488567754301,-34.8391432498372]}",0101000020E6100000B887892374394DC0DE5AC70B696B41C0
Alineacion AT,"{""type"":""Point"",""coordinates"":[-58.4496930400332,-34.8395442507734]}",0101000020E61000003417A28A8F394DC0EB4E9E2F766B41C0
Alineacion AT,"{""type"":""Point"",""coordinates"":[-58.4504980532396,-34.8399247159168]}",0101000020E6100000B7C992EBA9394DC07DFB30A7826B41C0
Alineacion AT,"{""type"":""Point"",""coordinates"":[-58.4415684038868,-34.8355052165769]}",0101000020E610000005D23E5085384DC0EB6ABED5F16A41C0
Alineacion AT,"{""type"":""Point"",""coordinates"":[-58.4423554895294,-34.8358983531853]}",0101000020E6100000155ECC1A9F384DC0FFDA9CB7FE6A41C0
Alineacion AT,"{""type"":""Point"",""coordinates"":[-58.4431470842945,-34.8362939628651]}",0101000020E61000006C2E2D0BB9384DC08A2C3AAE0B6B41C0
Alineacion AT,"{""type"":""Point"",""coordinates"":[-58.4438680235176,-34.8366544254148]}",0101000020E6100000C35FDAAAD0384DC0E69A017E176B41C0
Alineacion AT,"{""type"":""Point"",""coordinates"":[-58.4730195292204,-34.848269270749]}",0101000020E6100000752F68E78B3C4DC0CF086416946C41C0
Alineacion AT,"{""type"":""Point"",""coordinates"":[-58.4734933917533,-34.8476144759073]}",0101000020E6100000EA39746E9B3C4DC0AFD192A17E6C41C0
Alineacion AT,"{""type"":""Point"",""coordinates"":[-58.4739668473238,-34.8469637080486]}",0101000020E6100000705216F2AA3C4DC0D57B894E696C41C0
Alineacion AT,"{""type"":""Point"",""coordinates"":[-58.4334896884736,-34.8290488847023]}",0101000020E6100000D79211977C374DC0704A1B461E6A41C0
Alineacion AT,"{""type"":""Point"",""coordinates"":[-58.4327031076074,-34.8286602785283]}",0101000020E61000009006C0D062374DC0F5E23D8A116A41C0
Alineacion AT,"{""type"":""Point"",""coordinates"":[-58.4319121131038,-34.8282694831109]}",0101000020E61000007E4368E548374DC0371E03BC046A41C0
Alineacion AT,"{""type"":""Point"",""coordinates"":[-58.4311031902016,-34.8278695982544]}",0101000020E6100000048FAB632E374DC080ED88A1F76941C0
Alineacion AT,"{""type"":""Point"",""coordinates"":[-58.4303011913888,-34.8274726598502]}",0101000020E6100000EE38041C14374DC00732C69FEA6941C0
Alineacion AT,"{""type"":""Point"",""coordinates"":[-58.4295126424196,-34.8270762822661]}",0101000020E610000098343045FA364DC0A5D0B7A2DD6941C0
Alineacion AT,"{""type"":""Point"",""coordinates"":[-58.4017666416967,-34.8323643268331]}",0101000020E6100000FE5ADD166D334DC0760D0DEA8A6A41C0
Alineacion AT,"{""type"":""Point"",""coordinates"":[-58.4022912707488,-34.8316553807454]}",0101000020E610000089AAC5477E334DC004ECFAAE736A41C0
Alineacion AT,"{""type"":""Point"",""coordinates"":[-58.4027819912,-34.8309924501629]}",0101000020E610000093CF3B5C8E334DC01056EAF55D6A41C0
Alineacion AT,"{""type"":""Point"",""coordinates"":[-58.4032781280648,-34.8303141883029]}",0101000020E61000007F9D219E9E334DC034153EBC476A41C0
Alineacion AT,"{""type"":""Point"",""coordinates"":[-58.4037946102046,-34.8296238748566]}",0101000020E61000009990B28AAF334DC0B33E791D316A41C0
Alineacion AT,"{""type"":""Point"",""coordinates"":[-58.4043434590453,-34.8288823444309]}",0101000020E6100000C079C686C1334DC0FCC710D1186A41C0
Alineacion AT,"{""type"":""Point"",""coordinates"":[-58.4048326633719,-34.8281778848989]}",0101000020E610000076C4848ED1334DC0A774A1BB016A41C0
Alineacion AT,"{""type"":""Point"",""coordinates"":[-58.405397596931,-34.8274160361433]}",0101000020E610000004598611E4334DC0EDB5C7C4E86941C0
Alineacion AT,"{""type"":""Point"",""coordinates"":[-58.4058053057768,-34.8268652826423]}",0101000020E6100000636DA26DF1334DC0C392B9B8D66941C0
Alineacion AT,"{""type"":""Point"",""coordinates"":[-58.4063888045865,-34.8260850618231]}",0101000020E61000006B94608C04344DC0401FC227BD6941C0
Alineacion AT,"{""type"":""Point"",""coordinates"":[-58.4069047831881,-34.8253629659729]}",0101000020E61000007C30B87415344DC07417617EA56941C0
Alineacion AT,"{""type"":""Point"",""coordinates"":[-58.4090552576685,-34.8037411334448]}",0101000020E6100000B8F834EC5B344DC0334C4DFDE06641C0
Alineacion AT,"{""type"":""Point"",""coordinates"":[-58.4076519292454,-34.8352723176736]}",0101000020E610000050213CF02D344DC0C3D40B34EA6A41C0
Alineacion AT,"{""type"":""Point"",""coordinates"":[-58.4082202815911,-34.8345036627759]}",0101000020E6100000B47FEB8F40344DC0DD011A04D16A41C0
Alineacion AT,"{""type"":""Point"",""coordinates"":[-58.4086555035078,-34.8339150451389]}",0101000020E6100000BC72D3D24E344DC0CF416BBABD6A41C0
Alineacion AT,"{""type"":""Point"",""coordinates"":[-58.4091793421935,-34.8332248136884]}",0101000020E6100000C4751AFD5F344DC0EF80561CA76A41C0
Alineacion AT,"{""type"":""Point"",""coordinates"":[-58.4096548260882,-34.8325544244268]}",0101000020E61000004659C0916F344DC0D386B424916A41C0
Alineacion AT,"{""type"":""Point"",""coordinates"":[-58.4101862386765,-34.8318458700889]}",0101000020E6100000473190FB80344DC01BACEBEC796A41C0
Alineacion AT,"{""type"":""Point"",""coordinates"":[-58.4107191005317,-34.8311348992044]}",0101000020E61000002350887192344DC0D952DDA0626A41C0
Alineacion AT,"{""type"":""Point"",""coordinates"":[-58.4112045244793,-34.8304880089844]}",0101000020E61000008C4D9059A2344DC06D275B6E4D6A41C0
Alineacion AT,"{""type"":""Point"",""coordinates"":[-58.423019459385,-34.8142816726982]}",0101000020E6100000A6D06B8025364DC042FCC0613A6841C0
Alineacion AT,"{""type"":""Point"",""coordinates"":[-58.4225079118824,-34.8149762571558]}",0101000020E61000000CEB3FBD14364DC017C05924516841C0
Alineacion AT,"{""type"":""Point"",""coordinates"":[-58.4220338812186,-34.8156275832134]}",0101000020E6100000A2D1CA3405364DC001CF117C666841C0
Alineacion AT,"{""type"":""Point"",""coordinates"":[-58.4214984661872,-34.8163615304053]}",0101000020E61000004CCB67A9F3354DC0D166DD887E6841C0
Alineacion AT,"{""type"":""Point"",""coordinates"":[-58.4210972484925,-34.8169033618416]}",0101000020E6100000FE5ABF83E6354DC0148D134A906841C0
Alineacion AT,"{""type"":""Point"",""coordinates"":[-58.420711206296,-34.8174200203265]}",0101000020E61000000D0D64DDD9354DC0F6321F38A16841C0
Alineacion AT,"{""type"":""Point"",""coordinates"":[-58.4201588615423,-34.8181562199485]}",0101000020E610000071B9FCC3C7354DC058D9CF57B96841C0
Alineacion AT,"{""type"":""Point"",""coordinates"":[-58.419639045312,-34.8188558193065]}",0101000020E6100000B2DE73BBB6354DC0C0077A44D06841C0
Alineacion AT,"{""type"":""Point"",""coordinates"":[-58.4190883995354,-34.8195993141785]}",0101000020E61000009C114DB0A4354DC0411C5DA1E86841C0
Alineacion AT,"{""type"":""Point"",""coordinates"":[-58.4185851109325,-34.8202780907672]}",0101000020E61000001C06693294354DC038BC5ADFFE6841C0
Alineacion AT,"{""type"":""Point"",""coordinates"":[-58.418131411518,-34.8208898996711]}",0101000020E610000037F3805485354DC0225A94EB126941C0
Alineacion AT,"{""type"":""Point"",""coordinates"":[-58.4176526499028,-34.8215384714584]}",0101000020E6100000C5355CA475354DC0E7A8312C286941C0
Alineacion AT,"{""type"":""Point"",""coordinates"":[-58.4172540943827,-34.8221838071904]}",0101000020E610000073BF089568354DC08297A9513D6941C0
Alineacion AT,"{""type"":""Point"",""coordinates"":[-58.6430090535797,-34.926091220963]}",0101000020E61000000914E41E4E524DC0129339288A7641C0
Alineacion AT,"{""type"":""Point"",""coordinates"":[-58.7442299344153,-35.0459853353088]}",0101000020E61000004F822EED425F4DC09D9FF3D8E28541C0
Alineacion AT,"{""type"":""Point"",""coordinates"":[-58.7423596772998,-35.0443659188523]}",0101000020E610000091EF53A4055F4DC08E434DC8AD8541C0
Alineacion AT,"{""type"":""Point"",""coordinates"":[-58.7395543364995,-35.0419324260003]}",0101000020E6100000A8706CB7A95E4DC01328AF0A5E8541C0
Alineacion AT,"{""type"":""Point"",""coordinates"":[-58.6869580004875,-34.9710802313415]}",0101000020E6100000E0E8603DEE574DC0B4B3655B4C7C41C0
Alineacion AT,"{""type"":""Point"",""coordinates"":[-58.6872145612203,-34.9633892107457]}",0101000020E610000058E390A5F6574DC067BC7056507B41C0
Alineacion AT,"{""type"":""Point"",""coordinates"":[-58.6883596731996,-34.9620596369768]}",0101000020E61000008823762B1C584DC0F3CE2AC5247B41C0
Alineacion AT,"{""type"":""Point"",""coordinates"":[-58.6849255234851,-34.9660524948743]}",0101000020E610000035C8B9A3AB574DC023DAAF9BA77B41C0
Alineacion AT,"{""type"":""Point"",""coordinates"":[-58.6860709128144,-34.9647198677385]}",0101000020E610000023A3F22BD1574DC081DECCF07B7B41C0
Alineacion AT,"{""type"":""Point"",""coordinates"":[-58.613984524941,-34.9302662276812]}",0101000020E61000008F6F7F0B974E4DC0603BB8F6127741C0
Alineacion AT,"{""type"":""Point"",""coordinates"":[-58.6164345659477,-34.9299313954103]}",0101000020E6100000406FEE53E74E4DC0C467F1FD077741C0
Alineacion AT,"{""type"":""Point"",""coordinates"":[-58.6098274432239,-34.9308342309812]}",0101000020E6100000CD6C5ED30E4E4DC0E6077A93257741C0
Alineacion AT,"{""type"":""Point"",""coordinates"":[-58.6057358214128,-34.9313931428337]}",0101000020E6100000E97D5BC0884D4DC03918F8E3377741C0
Alineacion AT,"{""type"":""Point"",""coordinates"":[-58.6016442782369,-34.9319518978083]}",0101000020E61000002C6D01AE024D4DC00B4425334A7741C0
Alineacion AT,"{""type"":""Point"",""coordinates"":[-58.5975526195088,-34.9325105224101]}",0101000020E6100000FA36AF9A7C4C4DC0B5763A815C7741C0
Alineacion AT,"{""type"":""Point"",""coordinates"":[-58.5934609099737,-34.9330690077931]}",0101000020E610000052E5EF86F64B4DC0F5B024CE6E7741C0
Alineacion AT,"{""type"":""Point"",""coordinates"":[-58.5893691496682,-34.933627353949]}",0101000020E6100000568CC372704B4DC05CEEE319817741C0
Alineacion AT,"{""type"":""Point"",""coordinates"":[-58.585277338618,-34.9341855608698]}",0101000020E6100000253A2A5EEA4A4DC0662A7864937741C0
Alineacion AT,"{""type"":""Point"",""coordinates"":[-58.5811854768597,-34.9347436285473]}",0101000020E6100000DE022449644A4DC0A260E1ADA57741C0
Alineacion AT,"{""type"":""Point"",""coordinates"":[-58.577093564397,-34.935301556973]}",0101000020E61000009FE8B033DE494DC06A8C1FF6B77741C0
Alineacion AT,"{""type"":""Point"",""coordinates"":[-58.6210679378741,-34.9292980372599]}",0101000020E6100000B4E178277F4F4DC05C22F33CF37641C0
Alineacion AT,"{""type"":""Point"",""coordinates"":[-58.6257112108137,-34.9286631376807]}",0101000020E6100000B997114E17504DC06FAB066FDE7641C0
Alineacion AT,"{""type"":""Point"",""coordinates"":[-58.6303544180901,-34.9280280588528]}",0101000020E61000000A4B1D74AF504DC08545999FC97641C0
Alineacion AT,"{""type"":""Point"",""coordinates"":[-58.6469470665622,-34.9254606360203]}",0101000020E610000057905629CF524DC0A4B87E7E757641C0
Alineacion AT,"{""type"":""Point"",""coordinates"":[-58.6505525056885,-34.9248706313175]}",0101000020E6100000A621F44D45534DC00A452D29627641C0
Alineacion AT,"{""type"":""Point"",""coordinates"":[-58.6545076578122,-34.9242243986122]}",0101000020E610000076A42CE8C6534DC0361A2FFC4C7641C0
Alineacion AT,"{""type"":""Point"",""coordinates"":[-58.6602190897226,-34.9232968335978]}",0101000020E6100000D946230F82544DC0C36634972E7641C0
Alineacion AT,"{""type"":""Point"",""coordinates"":[-58.6646444976604,-34.9225717967745]}",0101000020E61000007375261213554DC0DBAD27D5167641C0
Alineacion AT,"{""type"":""Point"",""coordinates"":[-58.667151404309,-34.9221656914515]}",0101000020E6100000647E9B3765554DC084237F86097641C0
Alineacion AT,"{""type"":""Point"",""coordinates"":[-58.6706395647763,-34.9216030903069]}",0101000020E6100000140F6B84D7554DC05D610E17F77541C0
Alineacion AT,"{""type"":""Point"",""coordinates"":[-58.6624174161838,-34.9229380478555]}",0101000020E6100000BA670918CA544DC006E37DD5227641C0
Alineacion AT,"{""type"":""Point"",""coordinates"":[-58.6746323516607,-34.9209531984533]}",0101000020E6100000619A575A5A564DC07A405ECBE17541C0
Alineacion AT,"{""type"":""Point"",""coordinates"":[-58.6785186291228,-34.920321639018]}",0101000020E610000099E7CCB2D9564DC018B17619CD7541C0
Alineacion AT,"{""type"":""Point"",""coordinates"":[-58.6824036470624,-34.9196845973042]}",0101000020E6100000E766B10059574DC036079239B87541C0
Alineacion AT,"{""type"":""Point"",""coordinates"":[-58.6862863069394,-34.9190474394387]}",0101000020E6100000A7FFCD3AD8574DC04EEEB358A37541C0
Alineacion AT,"{""type"":""Point"",""coordinates"":[-58.6901694370137,-34.9184172867543]}",0101000020E61000001756DC7857584DC06A5899B28E7541C0
Alineacion AT,"{""type"":""Point"",""coordinates"":[-58.6940556997412,-34.9177837052507]}",0101000020E6100000CEFE31D1D6584DC0456DBBEF797541C0
Alineacion AT,"{""type"":""Point"",""coordinates"":[-58.6979435097999,-34.917151098945]}",0101000020E6100000DE85823656594DC0CCBA0B35657541C0
Alineacion AT,"{""type"":""Point"",""coordinates"":[-58.7018310554606,-34.9165183641102]}",0101000020E610000099429B99D5594DC0B7044879507541C0
Alineacion AT,"{""type"":""Point"",""coordinates"":[-58.7057157786311,-34.9158766304162]}",0101000020E6100000F5BE06E5545A4DC06F6707723B7541C0
Alineacion AT,"{""type"":""Point"",""coordinates"":[-58.7096030811961,-34.9152506036201]}",0101000020E610000066701546D45A4DC0A91889EE267541C0
Alineacion AT,"{""type"":""Point"",""coordinates"":[-58.7149069801372,-34.9133304701676]}",0101000020E61000008DAF6912825B4DC0B8E74903E87441C0
Alineacion AT,"{""type"":""Point"",""coordinates"":[-58.7116081195011,-34.9147418688028]}",0101000020E6100000A26990F9155B4DC02465F542167541C0
Alineacion AT,"{""type"":""Point"",""coordinates"":[-58.7083861439991,-34.9152642043374]}",0101000020E61000003BB5AC65AC5A4DC00C6AA060277541C0
Alineacion AT,"{""type"":""Point"",""coordinates"":[-58.7101045781777,-34.9149829205086]}",0101000020E6100000B201F2B4E45A4DC0CEFD0B291E7541C0
Alineacion AT,"{""type"":""Point"",""coordinates"":[-58.7067213891256,-34.9155373954428]}",0101000020E6100000C7D6B2D8755A4DC08BD85154307541C0
Alineacion AT,"{""type"":""Point"",""coordinates"":[-58.7032845538617,-34.9160942922405]}",0101000020E61000001B4F6F3A055A4DC0D19CE893427541C0
Alineacion AT,"{""type"":""Point"",""coordinates"":[-58.7050060034229,-34.9158116256925]}",0101000020E6100000B41700A33D5A4DC0A9D2BA50397541C0
Alineacion AT,"{""type"":""Point"",""coordinates"":[-58.6998475801614,-34.9166517543825]}",0101000020E6100000287D029B94594DC06C723DD8547541C0
Alineacion AT,"{""type"":""Point"",""coordinates"":[-58.7015658963963,-34.9163749373118]}",0101000020E61000006A814AE9CC594DC06A5021C64B7541C0
Alineacion AT,"{""type"":""Point"",""coordinates"":[-58.6964697232955,-34.9172027774117]}",0101000020E6100000A81A7EEB25594DC04E648EE6667541C0
Alineacion AT,"{""type"":""Point"",""coordinates"":[-58.6948043830931,-34.9174748018221]}",0101000020E61000004D409B59EF584DC0775D76D06F7541C0
Alineacion AT,"{""type"":""Point"",""coordinates"":[-58.6931406736724,-34.917743646872]}",0101000020E6100000A37966D5B8584DC0A2B6B29F787541C0
Alineacion AT,"{""type"":""Point"",""coordinates"":[-58.6914760147364,-34.9180158028339]}",0101000020E61000006EA13A4982584DC0FF30B58A817541C0
Alineacion AT,"{""type"":""Point"",""coordinates"":[-58.6897497871764,-34.918295358137]}",0101000020E61000003F2C95B849584DC02BA2C9B38A7541C0
Alineacion AT,"{""type"":""Point"",""coordinates"":[-58.6880849679337,-34.9185651108574]}",0101000020E61000007F12112B13584DC08A30A38A937541C0
Alineacion AT,"{""type"":""Point"",""coordinates"":[-58.6864201131885,-34.9188364296515]}",0101000020E61000000CBB409DDC574DC001DD9F6E9C7541C0
Alineacion AT,"{""type"":""Point"",""coordinates"":[-58.6847575658624,-34.9191063731139]}",0101000020E6100000A688CB22A6574DC0DF081347A57541C0
Alineacion AT,"{""type"":""Point"",""coordinates"":[-58.6830957372251,-34.9193785793058]}",0101000020E61000009BB55DAE6F574DC070618132AE7541C0
Alineacion AT,"{""type"":""Point"",""coordinates"":[-58.6814293774076,-34.9196463048521]}",0101000020E6100000EE3FED1339574DC00C9D59F8B67541C0
Alineacion AT,"{""type"":""Point"",""coordinates"":[-58.6797084177634,-34.9199282993823]}",0101000020E61000000F8E78AF00574DC08B41E435C07541C0
Alineacion AT,"{""type"":""Point"",""coordinates"":[-58.6780435879958,-34.9201947349736]}",0101000020E610000030DADD21CA564DC0E154EAF0C87541C0
Alineacion AT,"{""type"":""Point"",""coordinates"":[-58.6763800747746,-34.9204676366878]}",0101000020E610000058694E9F93564DC0E44C2EE2D17541C0
Alineacion AT,"{""type"":""Point"",""coordinates"":[-58.6747151680296,-34.9207375570646]}",0101000020E6100000B5660E115D564DC04EE56FBADA7541C0
Alineacion AT,"{""type"":""Point"",""coordinates"":[-58.6730523775343,-34.9210086549524]}",0101000020E6100000A5008F9426564DC0402D929CE37541C0
Alineacion AT,"{""type"":""Point"",""coordinates"":[-58.6713874409262,-34.9212791177735]}",0101000020E610000096DC0E06F0554DC091A96079EC7541C0
Alineacion AT,"{""type"":""Point"",""coordinates"":[-58.6679847051825,-34.9218318716206]}",0101000020E6100000597ED78580554DC0AC823696FE7541C0
Alineacion AT,"{""type"":""Point"",""coordinates"":[-58.6662824209505,-34.9221102203412]}",0101000020E6100000E9F00BBE48554DC024D62BB5077641C0
Alineacion AT,"{""type"":""Point"",""coordinates"":[-58.7162294724891,-34.9123808368571]}",0101000020E6100000D4624868AD5B4DC02DE62FE5C87441C0
Alineacion AT,"{""type"":""Point"",""coordinates"":[-58.6138030558961,-34.9029609631754]}",0101000020E610000017A13919914E4DC094338F39947341C0
Alineacion AT,"{""type"":""Point"",""coordinates"":[-58.6125880523367,-34.9023315247474]}",0101000020E6100000745A0949694E4DC0547872997F7341C0
Alineacion AT,"{""type"":""Point"",""coordinates"":[-58.6113730675805,-34.9017020745427]}",0101000020E6100000F2740179414E4DC0BA723CF96A7341C0
Alineacion AT,"{""type"":""Point"",""coordinates"":[-58.609474184513,-34.9019957357892]}",0101000020E6100000AB1E0540034E4DC0502CA598747341C0
Alineacion AT,"{""type"":""Point"",""coordinates"":[-58.6087813460408,-34.9029134656825]}",0101000020E61000007DD4118CEC4D4DC0B71C1FAB927341C0
Alineacion AT,"{""type"":""Point"",""coordinates"":[-58.6066334472703,-34.9030765555126]}",0101000020E6100000C657302AA64D4DC007DB3703987341C0
Alineacion AT,"{""type"":""Point"",""coordinates"":[-58.6052742045486,-34.9023821821028]}",0101000020E610000007D308A0794D4DC0F34F6442817341C0
Alineacion AT,"{""type"":""Point"",""coordinates"":[-58.6039172075948,-34.901688332795]}",0101000020E61000003E0EB8284D4D4DC00145F6856A7341C0
Alineacion AT,"{""type"":""Point"",""coordinates"":[-58.6025614538622,-34.9009926918458]}",0101000020E61000008A15D5BB204D4DC0D7B480BA537341C0
Alineacion AT,"{""type"":""Point"",""coordinates"":[-58.664559964517,-34.9223896612321]}",0101000020E610000070EA084D10554DC08B944ADD107641C0
Alineacion AT,"{""type"":""Point"",""coordinates"":[-58.6628545306075,-34.922663071222]}",0101000020E6100000797BD16AD8544DC01310D2D2197641C0
Alineacion AT,"{""type"":""Point"",""coordinates"":[-58.6611357650899,-34.9229456008779]}",0101000020E610000076A3C418A0544DC001E1D914237641C0
Alineacion AT,"{""type"":""Point"",""coordinates"":[-58.6594171144915,-34.9232203650649]}",0101000020E6100000F894AEC767544DC0407ABD152C7641C0
Alineacion AT,"{""type"":""Point"",""coordinates"":[-58.6577520354605,-34.9234942602735]}",0101000020E61000001497FC3731544DC089F5560F357641C0
Alineacion AT,"{""type"":""Point"",""coordinates"":[-58.6560870723375,-34.9237603913559]}",0101000020E6100000478243A9FA534DC05E1BCFC73D7641C0
Alineacion AT,"{""type"":""Point"",""coordinates"":[-58.6544205216566,-34.9240338156577]}",0101000020E61000005B2C390DC4534DC0F35275BD467641C0
Alineacion AT,"{""type"":""Point"",""coordinates"":[-58.6527555383342,-34.9242999007466]}",0101000020E6100000D0B6547E8D534DC08CB38A754F7641C0
Alineacion AT,"{""type"":""Point"",""coordinates"":[-58.6510920872126,-34.9245713462471]}",0101000020E6100000A0A14AFC56534DC09B79975A587641C0
Alineacion AT,"{""type"":""Point"",""coordinates"":[-58.6494269852925,-34.9248434216327]}",0101000020E6100000507C676C20534DC0A6EAEC44617641C0
Alineacion AT,"{""type"":""Point"",""coordinates"":[-58.6477635462783,-34.9251128088873]}",0101000020E6100000336777EAE9524DC014A4B5186A7641C0
Alineacion AT,"{""type"":""Point"",""coordinates"":[-58.6461529603294,-34.9253755961085]}",0101000020E6100000036AE423B5524DC0B9E620B5727641C0
Alineacion AT,"{""type"":""Point"",""coordinates"":[-58.6445448983381,-34.9256330238214]}",0101000020E610000036957D7280524DC085B496247B7641C0
Alineacion AT,"{""type"":""Point"",""coordinates"":[-58.6429301843973,-34.925897734488]}",0101000020E610000085CC49894B524DC07F8824D1837641C0
Alineacion AT,"{""type"":""Point"",""coordinates"":[-58.6394570898344,-34.9250639772428]}",0101000020E61000005C04DCBAD9514DC0907B147F687641C0
Alineacion AT,"{""type"":""Point"",""coordinates"":[-58.6384490866302,-34.9240073930141]}",0101000020E6100000729E1DB3B8514DC00021CFDF457641C0
Alineacion AT,"{""type"":""Point"",""coordinates"":[-58.6374113326448,-34.9229224635368]}",0101000020E610000096E7CDB196514DC033D1C252227641C0
Alineacion AT,"{""type"":""Point"",""coordinates"":[-58.6363052468675,-34.9217692238645]}",0101000020E6100000D7C8487372514DC0867AAF88FC7541C0
Alineacion AT,"{""type"":""Point"",""coordinates"":[-58.6352176889276,-34.9206278859392]}",0101000020E610000077E42FD04E514DC07FF27222D77541C0
Alineacion AT,"{""type"":""Point"",""coordinates"":[-58.6341660716775,-34.9195273433014]}",0101000020E6100000350B955A2C514DC0F2A06D12B37541C0
Alineacion AT,"{""type"":""Point"",""coordinates"":[-58.6330827620273,-34.9183953842111]}",0101000020E6100000C5481FDB08514DC0F3FDDDFA8D7541C0
Alineacion AT,"{""type"":""Point"",""coordinates"":[-58.6319927361746,-34.9172600766287]}",0101000020E6100000F9965223E5504DC0008637C7687541C0
Alineacion AT,"{""type"":""Point"",""coordinates"":[-58.6309769043339,-34.9161895203502]}",0101000020E61000009C52E8D9C3504DC0C76BBDB2457541C0
Alineacion AT,"{""type"":""Point"",""coordinates"":[-58.6298254322825,-34.9149879394367]}",0101000020E6100000D3EBA81E9E504DC0BE0E26531E7541C0
Alineacion AT,"{""type"":""Point"",""coordinates"":[-58.6287418940278,-34.9138532793143]}",0101000020E6100000BE3C489D7A504DC0AAFFED24F97441C0
Alineacion AT,"{""type"":""Point"",""coordinates"":[-58.6277154073584,-34.9127767337975]}",0101000020E61000005EE67CFA58504DC0E21A36DED57441C0
Alineacion AT,"{""type"":""Point"",""coordinates"":[-58.6267098632412,-34.9117283984038]}",0101000020E6100000C8595F0738504DC04FFD2284B37441C0
Alineacion AT,"{""type"":""Point"",""coordinates"":[-58.6257086654246,-34.9106783146801]}",0101000020E61000004C69B73817504DC01B5D651B917441C0
Alineacion AT,"{""type"":""Point"",""coordinates"":[-58.624669566787,-34.9095914454258]}",0101000020E61000001114202CF54F4DC0A369137E6D7441C0
Alineacion AT,"{""type"":""Point"",""coordinates"":[-58.623751234287,-34.9086292006062]}",0101000020E61000001C0D9814D74F4DC0A8652EF64D7441C0
Alineacion AT,"{""type"":""Point"",""coordinates"":[-58.6228392982059,-34.9076729989481]}",0101000020E6100000A33AB832B94F4DC0DBF8FAA02E7441C0
Alineacion AT,"{""type"":""Point"",""coordinates"":[-58.6186640287185,-34.9058714476785]}",0101000020E610000059470562304F4DC05E147998F37341C0
Alineacion AT,"{""type"":""Point"",""coordinates"":[-58.6162331194248,-34.9042198046886]}",0101000020E61000001D5213BAE04E4DC039C47C79BD7341C0
Alineacion AT,"{""type"":""Point"",""coordinates"":[-58.6150180782588,-34.9035903898167]}",0101000020E6100000FF4892E9B84E4DC0129F92D9A87341C0
Alineacion AT,"{""type"":""Point"",""coordinates"":[-58.7476102285861,-35.0531797656054]}",0101000020E61000005DF724B1B15F4DC0C40A3598CE8641C0
Alineacion AT,"{""type"":""Point"",""coordinates"":[-58.7467810648849,-35.0503283186986]}",0101000020E6100000EC799D85965F4DC0BD6F8928718641C0
Alineacion AT,"{""type"":""Point"",""coordinates"":[-58.747040787976,-35.0484140627957]}",0101000020E61000004C9154089F5F4DC0E02F986E328641C0
Alineacion AT,"{""type"":""Point"",""coordinates"":[-58.7460996940241,-35.0476078998922]}",0101000020E6100000D0B1DC31805F4DC0B9880204188641C0
Alineacion AT,"{""type"":""Point"",""coordinates"":[-58.7451648382104,-35.0467968506959]}",0101000020E61000000F1FB98F615F4DC0BFA56F70FD8541C0
Alineacion AT,"{""type"":""Point"",""coordinates"":[-58.7433051761391,-35.0451818549818]}",0101000020E61000007D3BBF9F245F4DC083C2DE84C88541C0
Alineacion AT,"{""type"":""Point"",""coordinates"":[-58.7414270644015,-35.0435517710925]}",0101000020E6100000A2FC0015E75E4DC03543BC1A938541C0
Alineacion AT,"{""type"":""Point"",""coordinates"":[-58.5108394320169,-34.9056538170491]}",0101000020E61000008E02BF2F63414DC099DCDA76EC7341C0
Alineacion AT,"{""type"":""Point"",""coordinates"":[-58.5097438636453,-34.9023497878036]}",0101000020E6100000BED873493F414DC0A515A632807341C0
Alineacion AT,"{""type"":""Point"",""coordinates"":[-58.5086460941671,-34.8990463001809]}",0101000020E6100000C4D7B1501B414DC0F66EFCF2137341C0
Alineacion AT,"{""type"":""Point"",""coordinates"":[-58.507553247203,-34.8957416358563]}",0101000020E610000098DB3A81F7404DC08BD573A9A77241C0
Alineacion AT,"{""type"":""Point"",""coordinates"":[-58.5064568857448,-34.8924378299634]}",0101000020E6100000D68D4894D3404DC0F2B31E673B7241C0
Alineacion AT,"{""type"":""Point"",""coordinates"":[-58.5053642902948,-34.8891331263202]}",0101000020E6100000F5B0EDC6AF404DC0F6AA411DCF7141C0
Alineacion AT,"{""type"":""Point"",""coordinates"":[-58.5042677451711,-34.8858293860745]}",0101000020E6100000FEF770D88B404DC0488379DB627141C0
Alineacion AT,"{""type"":""Point"",""coordinates"":[-58.5020788037876,-34.8792209368304]}",0101000020E61000003024451E44404DC091D2C84F8A7041C0
Alineacion AT,"{""type"":""Point"",""coordinates"":[-58.6895166815823,-34.960734584393]}",0101000020E61000009CB8261542584DC0580DD259F97A41C0
Alineacion AT,"{""type"":""Point"",""coordinates"":[-58.6906596185455,-34.9594020937217]}",0101000020E61000001129CD8867584DC0D61F14B0CD7A41C0
Alineacion AT,"{""type"":""Point"",""coordinates"":[-58.6918025181528,-34.9580695911962]}",0101000020E6100000DE6023FC8C584DC064BD3C06A27A41C0
Alineacion AT,"{""type"":""Point"",""coordinates"":[-58.6929453803964,-34.9567370768089]}",0101000020E6100000BA5B296FB2584DC0E2E14B5C767A41C0
Alineacion AT,"{""type"":""Point"",""coordinates"":[-58.6937030585216,-34.9558536353132]}",0101000020E610000024BE0643CB584DC06EB77369597A41C0
Alineacion AT,"{""type"":""Point"",""coordinates"":[-58.6944607202258,-34.954970188614]}",0101000020E6100000FBDCC016E4584DC0406090763C7A41C0
Alineacion AT,"{""type"":""Point"",""coordinates"":[-58.6953446381278,-34.9539394942001]}",0101000020E61000009B1A980D01594DC0DFF978B01A7A41C0
Alineacion AT,"{""type"":""Point"",""coordinates"":[-58.6960118485853,-34.9531614700223]}",0101000020E6100000B0A68FEA16594DC0CDC6EE31017A41C0
Alineacion AT,"{""type"":""Point"",""coordinates"":[-58.6967506145316,-34.9522999840208]}",0101000020E6100000CC70C71F2F594DC0DFAC43F7E47941C0
Alineacion AT,"{""type"":""Point"",""coordinates"":[-58.6975265384284,-34.9513951426404]}",0101000020E61000002E52B38C48594DC05A9BE750C77941C0
Alineacion AT,"{""type"":""Point"",""coordinates"":[-58.6982851203412,-34.950510499868]}",0101000020E61000001193256861594DC004B8FB53AA7941C0
Alineacion AT,"{""type"":""Point"",""coordinates"":[-58.6990400393309,-34.9496301044834]}",0101000020E6100000A5C2DD247A594DC0CF06B17A8D7941C0
Alineacion AT,"{""type"":""Point"",""coordinates"":[-58.6997968781872,-34.9487474458378]}",0101000020E610000015D4B0F192594DC0B6046A8E707941C0
Alineacion AT,"{""type"":""Point"",""coordinates"":[-58.6989406545296,-34.9463643380053]}",0101000020E610000053862AE376594DC0B1EA7477227941C0
Alineacion AT,"{""type"":""Point"",""coordinates"":[-58.6970519381527,-34.9446116242243]}",0101000020E61000005FFD76FF38594DC07EBBA008E97841C0
Alineacion AT,"{""type"":""Point"",""coordinates"":[-58.6953812174008,-34.9430611232214]}",0101000020E6100000967E714002594DC0BB2E153AB67841C0
Alineacion AT,"{""type"":""Point"",""coordinates"":[-58.7404886906123,-35.0427436933079]}",0101000020E6100000729E5A55C85E4DC0156F16A0788541C0
Alineacion AT,"{""type"":""Point"",""coordinates"":[-58.7386191264284,-35.0411217999806]}",0101000020E6100000E41A50128B5E4DC0DB08A97A438541C0
Alineacion AT,"{""type"":""Point"",""coordinates"":[-58.737683532459,-35.0403111202005]}",0101000020E6100000C15AFB696C5E4DC096762FEA288541C0
Alineacion AT,"{""type"":""Point"",""coordinates"":[-58.7367491767856,-35.0395014904849]}",0101000020E610000012D309CC4D5E4DC056E384620E8541C0
Alineacion AT,"{""type"":""Point"",""coordinates"":[-58.7358100980153,-35.0386928384753]}",0101000020E6100000658579062F5E4DC0A6EB0DE3F38441C0
Alineacion AT,"{""type"":""Point"",""coordinates"":[-58.7348786128921,-35.0378805571173]}",0101000020E61000005C739C80105E4DC089FC2445D98441C0
Alineacion AT,"{""type"":""Point"",""coordinates"":[-58.7311684617181,-35.0346636973535]}",0101000020E61000000F799BED965D4DC0F03E2BDC6F8441C0
Alineacion AT,"{""type"":""Point"",""coordinates"":[-58.7302334754673,-35.0338545777865]}",0101000020E6100000D0C95F4A785D4DC0DC34C858558441C0
Alineacion AT,"{""type"":""Point"",""coordinates"":[-58.7292715591996,-35.0330471791069]}",0101000020E610000021553CC5585D4DC09EBED4E33A8441C0
Alineacion AT,"{""type"":""Point"",""coordinates"":[-58.7283394901308,-35.0322393256589]}",0101000020E6100000A43F793A3A5D4DC0CDAC106B208441C0
Alineacion AT,"{""type"":""Point"",""coordinates"":[-58.7274037330045,-35.0314282527745]}",0101000020E61000000C1FC6901B5D4DC022EB4AD7058441C0
Alineacion AT,"{""type"":""Point"",""coordinates"":[-58.7264698666396,-35.0306187958485]}",0101000020E6100000925FEFF6FC5C4DC0F0671351EB8341C0
Alineacion AT,"{""type"":""Point"",""coordinates"":[-58.7255270322577,-35.0298020461327]}",0101000020E610000094F4DD11DE5C4DC030BFAE8DD08341C0
Alineacion AT,"{""type"":""Point"",""coordinates"":[-58.7245927451236,-35.0289916748719]}",0101000020E6100000C19C7F74BF5C4DC02BB7CBFFB58341C0
Alineacion AT,"{""type"":""Point"",""coordinates"":[-58.723657589274,-35.0281810313687]}",0101000020E61000008BB7D7CFA05C4DC0510CA06F9B8341C0
Alineacion AT,"{""type"":""Point"",""coordinates"":[-58.7227228251484,-35.027370704551]}",0101000020E6100000EA0A792E825C4DC01D751CE2808341C0
Alineacion AT,"{""type"":""Point"",""coordinates"":[-58.7217871505622,-35.0265595655396]}",0101000020E61000003E2B7785635C4DC0BCB1C84D668341C0
Alineacion AT,"{""type"":""Point"",""coordinates"":[-58.7208520500512,-35.0257489012849]}",0101000020E6100000C21C46E1445C4DC0A07670BD4B8341C0
Alineacion AT,"{""type"":""Point"",""coordinates"":[-58.7199169679729,-35.0249382301057]}",0101000020E6100000BCA33C3D265C4DC0AF5C092D318341C0
Alineacion AT,"{""type"":""Point"",""coordinates"":[-58.7189978573454,-35.024089473264]}",0101000020E6100000A0982D1F085C4DC05CEC255D158341C0
Alineacion AT,"{""type"":""Point"",""coordinates"":[-58.7180628124228,-35.0232787883799]}",0101000020E61000002FEA737BE95B4DC02064A1CCFA8241C0
Alineacion AT,"{""type"":""Point"",""coordinates"":[-58.7171277859301,-35.0224680965913]}",0101000020E6100000B9CFE1D7CA5B4DC00F080E3CE08241C0
Alineacion AT,"{""type"":""Point"",""coordinates"":[-58.7161927778889,-35.021657397881]}",0101000020E610000003557734AC5B4DC0BFCE6BABC58241C0
Alineacion AT,"{""type"":""Point"",""coordinates"":[-58.715257788276,-35.0208466922674]}",0101000020E61000006C6D34918D5B4DC053C2BA1AAB8241C0
Alineacion AT,"{""type"":""Point"",""coordinates"":[-58.7143228171019,-35.0200359797423]}",0101000020E6100000A01E19EE6E5B4DC041DEFA89908241C0
Alineacion AT,"{""type"":""Point"",""coordinates"":[-58.7140320611149,-35.0171377785896]}",0101000020E610000054640F67655B4DC0BE481B92318241C0
Alineacion AT,"{""type"":""Point"",""coordinates"":[-58.7155775416173,-35.0122181320705]}",0101000020E6100000CE7F7D0B985B4DC09FD41E5D908141C0
Alineacion AT,"{""type"":""Point"",""coordinates"":[-58.7160469544937,-35.0107237471311]}",0101000020E6100000B8F9356DA75B4DC0F69B4F655F8141C0
Alineacion AT,"{""type"":""Point"",""coordinates"":[-58.7165128836965,-35.009240393673]}",0101000020E6100000CC51B5B1B65B4DC05E500ACA2E8141C0
Alineacion AT,"{""type"":""Point"",""coordinates"":[-58.716978795272,-35.007757037708]}",0101000020E610000037CF0EF6C55B4DC08BA2BF2EFE8041C0
Alineacion AT,"{""type"":""Point"",""coordinates"":[-58.7174446892331,-35.0062736792365]}",0101000020E6100000F978423AD55B4DC0B9926F93CD8041C0
Alineacion AT,"{""type"":""Point"",""coordinates"":[-58.7179105655597,-35.0047903182584]}",0101000020E61000000D44507EE45B4DC0ED201AF89C8041C0
Alineacion AT,"{""type"":""Point"",""coordinates"":[-58.7183764242643,-35.0033069547832]}",0101000020E6100000653738C2F35B4DC05A52BF5C6C8041C0
Alineacion AT,"{""type"":""Point"",""coordinates"":[-58.7177418231896,-35.0007864285946]}",0101000020E610000008C9CCF6DE5B4DC0138C0AC5198041C0
Alineacion AT,"{""type"":""Point"",""coordinates"":[-58.7156160288092,-34.9987827791097]}",0101000020E61000004F1D584E995B4DC0C90A361DD87F41C0
Alineacion AT,"{""type"":""Point"",""coordinates"":[-58.7134919426563,-34.9967806068498]}",0101000020E61000008AD537B4535B4DC07ADAC581967F41C0
Alineacion AT,"{""type"":""Point"",""coordinates"":[-58.7113683976175,-34.9947788119036]}",0101000020E61000006F96A11E0E5B4DC098F07FE9547F41C0
Alineacion AT,"{""type"":""Point"",""coordinates"":[-58.7092372487987,-34.9927697156865]}",0101000020E6100000FE584249C85A4DC091AAFA13137F41C0
Alineacion AT,"{""type"":""Point"",""coordinates"":[-58.7071138168983,-34.9907677614869]}",0101000020E610000064109FB4825A4DC038C25E7AD17E41C0
Alineacion AT,"{""type"":""Point"",""coordinates"":[-58.704993345158,-34.9887684656739]}",0101000020E6100000F1ACD0383D5A4DC058B10FF78F7E41C0
Alineacion AT,"{""type"":""Point"",""coordinates"":[-58.7028704398843,-34.986766742829]}",0101000020E6100000635098A8F7594DC08B9D645F4E7E41C0
Alineacion AT,"{""type"":""Point"",""coordinates"":[-58.7007515047129,-34.9847686311684]}",0101000020E6100000B0AEAD39B2594DC0567F04E60C7E41C0
Alineacion AT,"{""type"":""Point"",""coordinates"":[-58.6986210073124,-34.982759483347]}",0101000020E6100000465AC5696C594DC08F671010CB7D41C0
Alineacion AT,"{""type"":""Point"",""coordinates"":[-58.6965001414356,-34.9807592857559]}",0101000020E61000000490A8EA26594DC0F9C83085897D41C0
Alineacion AT,"{""type"":""Point"",""coordinates"":[-58.6943731328242,-34.978753161969]}",0101000020E6100000B7590438E1584DC0B4C19AC8477D41C0
Alineacion AT,"{""type"":""Point"",""coordinates"":[-58.6922547849996,-34.9767465975257]}",0101000020E6100000500907CE9B584DC0166D5208067D41C0
Alineacion AT,"{""type"":""Point"",""coordinates"":[-58.6885385288306,-34.9729140851813]}",0101000020E610000082AECF0722584DC0F0D5E072887C41C0
Alineacion AT,"{""type"":""Point"",""coordinates"":[-58.6853726387793,-34.9692345083944]}",0101000020E6100000AD90664ABA574DC0B6DA59E00F7C41C0
Alineacion AT,"{""type"":""Point"",""coordinates"":[-58.6937105593655,-34.9415106002382]}",0101000020E6100000A9AEF281CB584DC01E6E5A6B837841C0
Alineacion AT,"{""type"":""Point"",""coordinates"":[-58.6920399640414,-34.9399600552785]}",0101000020E6100000A18AFAC394584DC0D57B709C507841C0
Alineacion AT,"{""type"":""Point"",""coordinates"":[-58.6911692652426,-34.9361419852629]}",0101000020E6100000D11B073C78584DC0EC8E2580D37741C0
Alineacion AT,"{""type"":""Point"",""coordinates"":[-58.6919660005957,-34.9338831297344]}",0101000020E61000005140875792584DC0663F7E7B897741C0
Alineacion AT,"{""type"":""Point"",""coordinates"":[-58.6927626904094,-34.9316242671927]}",0101000020E61000004499A572AC584DC05BE0C7763F7741C0
Alineacion AT,"{""type"":""Point"",""coordinates"":[-58.6935593346799,-34.9293653976391]}",0101000020E61000009324628DC6584DC073720272F57641C0
Alineacion AT,"{""type"":""Point"",""coordinates"":[-58.6943559334144,-34.927106521075]}",0101000020E61000002EE6BCA7E0584DC070F62D6DAB7641C0
Alineacion AT,"{""type"":""Point"",""coordinates"":[-58.6951524866199,-34.9248476375105]}",0101000020E6100000F9E1B5C1FA584DC0FA714A68617641C0
Alineacion AT,"{""type"":""Point"",""coordinates"":[-58.6959337359586,-34.9226320207622]}",0101000020E61000000E104E5B14594DC03DB559CE187641C0
Alineacion AT,"{""type"":""Point"",""coordinates"":[-58.6967454564622,-34.9203298493409]}",0101000020E61000002B9282F42E594DC0D739565ECD7541C0
Alineacion AT,"{""type"":""Point"",""coordinates"":[-58.6975418731243,-34.9180709447476]}",0101000020E61000006454560D49594DC0A68C4559837541C0
Alineacion AT,"{""type"":""Point"",""coordinates"":[-58.6983351931436,-34.9158206879977]}",0101000020E61000004C19300C63594DC0A5F9BF9C397541C0
Alineacion AT,"{""type"":""Point"",""coordinates"":[-58.698930153523,-34.9141329908748]}",0101000020E6100000ECC8138B76594DC03C00524F027541C0
Alineacion AT,"{""type"":""Point"",""coordinates"":[-58.7162899223421,-34.9130741955312]}",0101000020E6100000F9745F63AF5B4DC06050809DDF7441C0
Alineacion AT,"{""type"":""Point"",""coordinates"":[-58.71004098104,-34.9154159277341]}",0101000020E61000007531749FE25A4DC081ED5F592C7541C0
Alineacion AT,"{""type"":""Point"",""coordinates"":[-58.7060980422367,-34.9160589078972]}",0101000020E61000008F96AF6B615A4DC06650156B417541C0
Alineacion AT,"{""type"":""Point"",""coordinates"":[-58.702141078768,-34.9167040355673]}",0101000020E61000004E3E45C2DF594DC0B96FCE8E567541C0
Alineacion AT,"{""type"":""Point"",""coordinates"":[-58.6981840573796,-34.9173490329166]}",0101000020E610000054845E185E594DC06AB26FB16B7541C0
Alineacion AT,"{""type"":""Point"",""coordinates"":[-58.6940668886904,-34.9180199860173]}",0101000020E6100000AE140E2FD7584DC05E82CCAD817541C0
Alineacion AT,"{""type"":""Point"",""coordinates"":[-58.6902762875887,-34.9186375863651]}",0101000020E6100000EF3230F95A584DC044289BEA957541C0
Alineacion AT,"{""type"":""Point"",""coordinates"":[-58.6823575420384,-34.9199273689724]}",0101000020E6100000F49DEF7D57574DC04337162EC07541C0
Alineacion AT,"{""type"":""Point"",""coordinates"":[-58.6785753729235,-34.920543200345]}",0101000020E6100000E449CD8EDB564DC0C1040E5CD47541C0
Alineacion AT,"{""type"":""Point"",""coordinates"":[-58.6744933646937,-34.921207709725]}",0101000020E6100000425D6FCC55564DC0C60B5D22EA7541C0
Alineacion AT,"{""type"":""Point"",""coordinates"":[-58.6704102204923,-34.9218722552451]}",0101000020E61000008DF58900D0554DC010AFF9E8FF7541C0
Alineacion AT,"{""type"":""Point"",""coordinates"":[-58.6663270148126,-34.9225366619566]}",0101000020E6100000E28720344A554DC0773B6CAE157641C0
Alineacion AT,"{""type"":""Point"",""coordinates"":[-58.2230382586587,-34.8973076286352]}",0101000020E61000000F5985848C1C4DC044B8F3F9DA7241C0
Alineacion AT,"{""type"":""Point"",""coordinates"":[-58.2232709241152,-34.8939289787041]}",0101000020E61000007B9C4224941C4DC08E3DC8436C7241C0
Alineacion AT,"{""type"":""Point"",""coordinates"":[-58.2235002120639,-34.8905500188766]}",0101000020E610000057BBAAA79B1C4DC07443038BFD7141C0
Alineacion AT,"{""type"":""Point"",""coordinates"":[-58.2237363953963,-34.8870900910491]}",0101000020E61000007493EA64A31C4DC0B3D4082B8C7141C0
Alineacion AT,"{""type"":""Point"",""coordinates"":[-58.2239675117314,-34.8837747637172]}",0101000020E61000006020A9F7AA1C4DC00B990D881F7141C0
Alineacion AT,"{""type"":""Point"",""coordinates"":[-58.2242048441202,-34.8802877403894]}",0101000020E6100000ED8C8CBEB21C4DC06305C844AD7041C0
Alineacion AT,"{""type"":""Point"",""coordinates"":[-58.2238972577508,-34.8742741678122]}",0101000020E61000001ADA53AAA81C4DC0DB3E4737E86F41C0
Alineacion AT,"{""type"":""Point"",""coordinates"":[-58.2234172056069,-34.8709856394613]}",0101000020E610000004B95BEF981C4DC0D3621A757C6F41C0
Alineacion AT,"{""type"":""Point"",""coordinates"":[-58.2211987498778,-34.9241393440422]}",0101000020E61000000E529A3D501C4DC0D9CDB1324A7641C0
Alineacion AT,"{""type"":""Point"",""coordinates"":[-58.22143046892,-34.920815010746]}",0101000020E6100000B72C67D5571C4DC0F4682A44DD7541C0
Alineacion AT,"{""type"":""Point"",""coordinates"":[-58.2216492614339,-34.9176254912465]}",0101000020E61000004B85C4005F1C4DC0987089C0747541C0
Alineacion AT,"{""type"":""Point"",""coordinates"":[-58.2218865155171,-34.9142200649919]}",0101000020E6100000DEC8FFC6661C4DC0593EC029057541C0
Alineacion AT,"{""type"":""Point"",""coordinates"":[-58.2221095746651,-34.9108314710537]}",0101000020E61000004FA827166E1C4DC0F32B2A20967441C0
Alineacion AT,"{""type"":""Point"",""coordinates"":[-58.2223468605374,-34.9074441798236]}",0101000020E61000003130A7DC751C4DC0DAA48121277441C0
Alineacion AT,"{""type"":""Point"",""coordinates"":[-58.222579255202,-34.9040020406429]}",0101000020E61000002DEE1E7A7D1C4DC00B0AC056B67341C0
Alineacion AT,"{""type"":""Point"",""coordinates"":[-58.2229158944542,-34.8675102538004]}",0101000020E610000039380E82881C4DC0338274930A6F41C0
Alineacion AT,"{""type"":""Point"",""coordinates"":[-58.2224626423264,-34.8643360530427]}",0101000020E6100000D1AFE6A7791C4DC03A495490A26E41C0
Alineacion AT,"{""type"":""Point"",""coordinates"":[-58.2219875043165,-34.8610562931735]}",0101000020E6100000769427166A1C4DC0FC98B517376E41C0
Alineacion AT,"{""type"":""Point"",""coordinates"":[-58.2215058903718,-34.857704637921]}",0101000020E61000005782154E5A1C4DC0CABFFC43C96D41C0
Alineacion AT,"{""type"":""Point"",""coordinates"":[-58.221036147885,-34.854505857642]}",0101000020E6100000343399E94A1C4DC01168AC72606D41C0
Alineacion AT,"{""type"":""Point"",""coordinates"":[-58.2206001053751,-34.8514407439143]}",0101000020E6100000420ACF9F3C1C4DC003CCA202FC6C41C0
Alineacion AT,"{""type"":""Point"",""coordinates"":[-58.2179917924105,-34.9298367480877]}",0101000020E61000009099B127E71B4DC0EFD3FBE3047741C0
Alineacion AT,"{""type"":""Point"",""coordinates"":[-58.2197081912803,-34.8452032052372]}",0101000020E6100000231BE4651F1C4DC0ED7B5E9E2F6C41C0
Alineacion AT,"{""type"":""Point"",""coordinates"":[-58.2192907499893,-34.8423538173547]}",0101000020E61000007FC223B8111C4DC08599F83FD26B41C0
Alineacion AT,"{""type"":""Point"",""coordinates"":[-58.2150878936866,-34.9321279413912]}",0101000020E610000025930600881B4DC042FBE7F74F7741C0
Alineacion AT,"{""type"":""Point"",""coordinates"":[-58.2121114914827,-34.9344741665336]}",0101000020E610000013832778261B4DC0F81B78D99C7741C0
Alineacion AT,"{""type"":""Point"",""coordinates"":[-58.209138173589,-34.9368234336385]}",0101000020E61000007DF4270AC51A4DC04BCD8CD4E97741C0
Alineacion AT,"{""type"":""Point"",""coordinates"":[-58.2061582490891,-34.9391664470955]}",0101000020E6100000B8D1BC64631A4DC044E32B9B367841C0
Alineacion AT,"{""type"":""Point"",""coordinates"":[-58.2031685331951,-34.9415278198308]}",0101000020E610000021D32E6D011A4DC04B39CDFB837841C0
Alineacion AT,"{""type"":""Point"",""coordinates"":[-58.1971635094637,-34.9462677735266]}",0101000020E61000003D8E64A73C194DC01D476A4D1F7941C0
Alineacion AT,"{""type"":""Point"",""coordinates"":[-58.1943407461423,-34.948499019316]}",0101000020E61000000B7B5628E0184DC00C20766A687941C0
Alineacion AT,"{""type"":""Point"",""coordinates"":[-58.1917108719461,-34.9505694940209]}",0101000020E6100000E6A55AFB89184DC08BB2DC42AC7941C0
Alineacion AT,"{""type"":""Point"",""coordinates"":[-58.1889180823241,-34.9527604600402]}",0101000020E61000003E9ABC772E184DC0B365040EF47941C0
Alineacion AT,"{""type"":""Point"",""coordinates"":[-58.4872236279171,-34.8445526664126]}",0101000020E610000004DF05585D3E4DC0F5FE404D1A6C41C0
Alineacion AT,"{""type"":""Point"",""coordinates"":[-58.4869769449597,-34.843610361104]}",0101000020E61000000941B242553E4DC017C19F6CFB6B41C0
Alineacion AT,"{""type"":""Point"",""coordinates"":[-58.4865753946411,-34.8416764342641]}",0101000020E6100000CC823F1A483E4DC0357DAB0DBC6B41C0
Alineacion AT,"{""type"":""Point"",""coordinates"":[-58.4864207125986,-34.8406733859143]}",0101000020E6100000A55AAE08433E4DC04F8F7D2F9B6B41C0
Alineacion AT,"{""type"":""Point"",""coordinates"":[-58.4861211788589,-34.8391236809908]}",0101000020E6100000C58B0238393E4DC0D0939F67686B41C0
Alineacion AT,"{""type"":""Point"",""coordinates"":[-58.4859396039103,-34.838335462453]}",0101000020E61000001B50D944333E4DC00A2891934E6B41C0
Alineacion AT,"{""type"":""Point"",""coordinates"":[-58.4857088856137,-34.8373024549842]}",0101000020E6100000388B71B52B3E4DC0468212BA2C6B41C0
Alineacion AT,"{""type"":""Point"",""coordinates"":[-58.4899800307687,-34.8305865277053]}",0101000020E610000019EC67AAB73E4DC0067FCAA8506A41C0
Alineacion AT,"{""type"":""Point"",""coordinates"":[-58.4893105845937,-34.8312453465501]}",0101000020E61000005535AFBAA13E4DC03D315D3F666A41C0
Alineacion AT,"{""type"":""Point"",""coordinates"":[-58.4884123014882,-34.8321280161174]}",0101000020E61000008CED564B843E4DC0A4A7BB2B836A41C0
Alineacion AT,"{""type"":""Point"",""coordinates"":[-58.4876513592922,-34.8328756605688]}",0101000020E61000004B01185C6B3E4DC07BE36DAB9B6A41C0
Alineacion AT,"{""type"":""Point"",""coordinates"":[-58.4869623013948,-34.8335552319792]}",0101000020E61000001670DBC7543E4DC0566116F0B16A41C0
Alineacion AT,"{""type"":""Point"",""coordinates"":[-58.4860969637609,-34.8344077682535]}",0101000020E6100000DF04E16C383E4DC0B016AEDFCD6A41C0
Alineacion AT,"{""type"":""Point"",""coordinates"":[-58.4917322622935,-34.8282079596458]}",0101000020E610000020783015F13E4DC0977BEAB7026A41C0
Alineacion AT,"{""type"":""Point"",""coordinates"":[-58.4931256231174,-34.8270576743045]}",0101000020E6100000EA0D8CBD1E3F4DC09A859F06DD6941C0
Alineacion AT,"{""type"":""Point"",""coordinates"":[-58.4940539569235,-34.8265736427592]}",0101000020E610000017B9F9283D3F4DC07AB1452ACD6941C0
Alineacion AT,"{""type"":""Point"",""coordinates"":[-58.5031690833457,-34.8825232190219]}",0101000020E6100000FCA932D867404DC074D45585F67041C0
Alineacion AT,"{""type"":""Point"",""coordinates"":[-58.5009454190524,-34.8758322680409]}",0101000020E61000009AF4BFFA1E404DC0300292451B7041C0
Alineacion AT,"{""type"":""Point"",""coordinates"":[-58.4998803670337,-34.8726147139704]}",0101000020E610000039297214FC3F4DC07441C5D6B16F41C0
Alineacion AT,"{""type"":""Point"",""coordinates"":[-58.4959494865633,-34.8666920485718]}",0101000020E6100000F2A0D4457B3F4DC0D928DAC3EF6E41C0
Alineacion AT,"{""type"":""Point"",""coordinates"":[-58.4931220686661,-34.8640965106904]}",0101000020E6100000A9EDBA9F1E3F4DC05B00E7B69A6E41C0
Alineacion AT,"{""type"":""Point"",""coordinates"":[-58.4902839069396,-34.8614877448717]}",0101000020E6100000C707819FC13E4DC07F10FD3A456E41C0
Alineacion AT,"{""type"":""Point"",""coordinates"":[-58.487458374673,-34.8588909677196]}",0101000020E6100000DFB03809653E4DC0BF97A423F06D41C0
Alineacion AT,"{""type"":""Point"",""coordinates"":[-58.486454454775,-34.8534249428927]}",0101000020E61000004220BB23443E4DC045A84D073D6D41C0
Alineacion AT,"{""type"":""Point"",""coordinates"":[-58.4876759959711,-34.8462806158856]}",0101000020E6100000B8DEC22A6C3E4DC0D43B58EC526C41C0
Alineacion AT,"{""type"":""Point"",""coordinates"":[-58.487486887755,-34.8455582712368]}",0101000020E6100000791168F8653E4DC07EE9E0403B6C41C0
Alineacion AT,"{""type"":""Point"",""coordinates"":[-58.3015435252348,-34.7134492083579]}",0101000020E6100000199A6DFA98264DC08FA0BC4D525B41C0
Alineacion AT,"{""type"":""Point"",""coordinates"":[-58.3002633990775,-34.7123638975534]}",0101000020E61000009B9CF3076F264DC0E26B7DBD2E5B41C0
Alineacion AT,"{""type"":""Point"",""coordinates"":[-58.2982562229407,-34.7107095211141]}",0101000020E6100000EDAD89422D264DC00C129387F85A41C0
Alineacion AT,"{""type"":""Point"",""coordinates"":[-58.2975963723809,-34.7101577040062]}",0101000020E610000065644FA317264DC0BDDA9872E65A41C0
Alineacion AT,"{""type"":""Point"",""coordinates"":[-58.2968300552015,-34.6936330787342]}",0101000020E6100000BEC7F986FE254DC02C4BFEF7C85841C0
Alineacion AT,"{""type"":""Point"",""coordinates"":[-58.2957729729627,-34.6927214762302]}",0101000020E610000028F586E3DB254DC0A6D2EA18AB5841C0
Alineacion AT,"{""type"":""Point"",""coordinates"":[-58.294730983367,-34.6918093201703]}",0101000020E6100000EA56AFBEB9254DC0869932358D5841C0
Alineacion AT,"{""type"":""Point"",""coordinates"":[-58.2936758183344,-34.6908957994553]}",0101000020E6100000A6AF512B97254DC05BCD07466F5841C0
Alineacion AT,"{""type"":""Point"",""coordinates"":[-58.4854916996655,-34.836325122319]}",0101000020E61000007B458E97243E4DC073979CB30C6B41C0
Alineacion AT,"{""type"":""Point"",""coordinates"":[-58.6132079498029,-34.9484908102358]}",0101000020E610000080061D997D4E4DC073429925687941C0
Alineacion AT,"{""type"":""Point"",""coordinates"":[-58.6093268828829,-34.9475170612742]}",0101000020E61000001A475D6CFE4D4DC08D49333D487941C0
Alineacion AT,"{""type"":""Point"",""coordinates"":[-58.6054530749513,-34.9465489983245]}",0101000020E6100000DD16827C7F4D4DC0BBEE7F84287941C0
Alineacion AT,"{""type"":""Point"",""coordinates"":[-58.6015455852697,-34.9455697345353]}",0101000020E6100000AFE41B72FF4C4DC052F5D66D087941C0
Alineacion AT,"{""type"":""Point"",""coordinates"":[-58.5976029586356,-34.9445802541359]}",0101000020E61000009EAAF5407E4C4DC0FDFA7901E87841C0
Alineacion AT,"{""type"":""Point"",""coordinates"":[-58.5938695170826,-34.9436444432093]}",0101000020E61000000BFB94EA034C4DC06A515357C97841C0
Alineacion AT,"{""type"":""Point"",""coordinates"":[-58.5859674730412,-34.9424633718555]}",0101000020E6100000A49D6EFB004B4DC010E6C7A3A27841C0
Alineacion AT,"{""type"":""Point"",""coordinates"":[-58.5825159622681,-34.9422744474536]}",0101000020E610000072AB0FE28F4A4DC0B5D5F7729C7841C0
Alineacion AT,"{""type"":""Point"",""coordinates"":[-58.5788026059142,-34.9420662080549]}",0101000020E6100000DA9E2B34164A4DC09A2121A0957841C0
Alineacion AT,"{""type"":""Point"",""coordinates"":[-58.5752376467013,-34.9418690116882]}",0101000020E610000044012063A1494DC08328ED298F7841C0
Alineacion AT,"{""type"":""Point"",""coordinates"":[-58.5711268394474,-34.9416374097095]}",0101000020E6100000ABA52CAF1A494DC03DB21B93877841C0
Alineacion AT,"{""type"":""Point"",""coordinates"":[-58.5670078595181,-34.9414151052519]}",0101000020E61000004A9AAAB693484DC03D82484A807841C0
Alineacion AT,"{""type"":""Point"",""coordinates"":[-58.5629180444205,-34.9411810953748]}",0101000020E6100000A08ECFB20D484DC0C51F449F787841C0
Alineacion AT,"{""type"":""Point"",""coordinates"":[-58.558889999473,-34.9409594716494]}",0101000020E61000001EE61EB589474DC03BCC265C717841C0
Alineacion AT,"{""type"":""Point"",""coordinates"":[-58.499689331776,-34.814674678683]}",0101000020E6100000A411EDD1F53F4DC054E98642476841C0
Alineacion AT,"{""type"":""Point"",""coordinates"":[-58.5005322050148,-34.8109911771027]}",0101000020E61000001291757011404DC01B80138FCE6741C0
Alineacion AT,"{""type"":""Point"",""coordinates"":[-58.5012941465508,-34.8076338329831]}",0101000020E6100000508E16682A404DC016E7A18B606741C0
Alineacion AT,"{""type"":""Point"",""coordinates"":[-58.6286503459748,-34.952357120786]}",0101000020E6100000534A529D77504DC0C0F18FD6E67941C0
Alineacion AT,"{""type"":""Point"",""coordinates"":[-58.6248480729805,-34.9514051767754]}",0101000020E6100000C2358B05FB4F4DC068BF13A5C77941C0
Alineacion AT,"{""type"":""Point"",""coordinates"":[-58.6210615158297,-34.9504538748279]}",0101000020E610000075A599F17E4F4DC0055FFA78A87941C0
Alineacion AT,"{""type"":""Point"",""coordinates"":[-58.6171870345909,-34.9494873543131]}",0101000020E6100000A68A18FCFF4E4DC0C15E37CD887941C0
Alineacion AT,"{""type"":""Point"",""coordinates"":[-58.6600106395656,-34.9287138532165]}",0101000020E610000021F9873A7B544DC014747518E07641C0
Alineacion AT,"{""type"":""Point"",""coordinates"":[-58.6615750318214,-34.9256065338677]}",0101000020E6100000F9C29A7DAE544DC07DF65F467A7641C0
Alineacion AT,"{""type"":""Point"",""coordinates"":[-58.6584451252618,-34.9318311832911]}",0101000020E6100000DD9A0BEE47544DC06ED0843E467741C0
Alineacion AT,"{""type"":""Point"",""coordinates"":[-58.6553842477733,-34.937916566354]}",0101000020E610000001408BA1E3534DC0FE6E69A60D7841C0
Alineacion AT,"{""type"":""Point"",""coordinates"":[-58.6568536222965,-34.9349988018223]}",0101000020E6100000DE028DC713544DC01FD06D0AAE7741C0
Alineacion AT,"{""type"":""Point"",""coordinates"":[-58.6523662606605,-34.9439181198727]}",0101000020E61000007646D5BC80534DC0437A174FD27841C0
Alineacion AT,"{""type"":""Point"",""coordinates"":[-58.6538663007386,-34.9409312990606]}",0101000020E610000079D014E4B1534DC0C39FD26F707841C0
Alineacion AT,"{""type"":""Point"",""coordinates"":[-58.6475318639094,-34.9480069056156]}",0101000020E6100000EE4DF952E2524DC01F00504A587941C0
Alineacion AT,"{""type"":""Point"",""coordinates"":[-58.6442795715709,-34.9491452684327]}",0101000020E610000060B0C4C077524DC0278997977D7941C0
Alineacion AT,"{""type"":""Point"",""coordinates"":[-58.6406889151212,-34.9504034237875]}",0101000020E61000007CAD281802524DC03F96C3D1A67941C0
Alineacion AT,"{""type"":""Point"",""coordinates"":[-58.6373506798375,-34.9515715213721]}",0101000020E610000023FE02B594514DC0910C7A18CD7941C0
Alineacion AT,"{""type"":""Point"",""coordinates"":[-58.6346282033138,-34.9525256702634]}",0101000020E61000000B2D397F3B514DC0DB30755CEC7941C0
Alineacion AT,"{""type"":""Point"",""coordinates"":[-58.2727835624917,-34.7438062054502]}",0101000020E6100000E0E45F92EA224DC0367CAF0A355F41C0
Alineacion AT,"{""type"":""Point"",""coordinates"":[-58.2731887531913,-34.7432072907001]}",0101000020E6100000C24B5CD9F7224DC05ADA9F6A215F41C0
Alineacion AT,"{""type"":""Point"",""coordinates"":[-58.2747517996023,-34.7408385812368]}",0101000020E610000094E724112B234DC0740373CCD35E41C0
Alineacion AT,"{""type"":""Point"",""coordinates"":[-58.2743789089787,-34.7414003544789]}",0101000020E61000004C631CD91E234DC069DDF134E65E41C0
Alineacion AT,"{""type"":""Point"",""coordinates"":[-58.2740080159038,-34.7419629298572]}",0101000020E61000000493D5B112234DC05E4A2BA4F85E41C0
Alineacion AT,"{""type"":""Point"",""coordinates"":[-58.2735954649077,-34.7425889481775]}",0101000020E61000006B0E1B2D05234DC08E6597270D5F41C0
Alineacion AT,"{""type"":""Point"",""coordinates"":[-58.2699135988108,-34.7480652960965]}",0101000020E6100000AED15F878C224DC0E600879AC05F41C0
Alineacion AT,"{""type"":""Point"",""coordinates"":[-58.2703886458,-34.7473541286811]}",0101000020E6100000DD755B189C224DC0A89BD24CA95F41C0
Alineacion AT,"{""type"":""Point"",""coordinates"":[-58.2708391287258,-34.7466832048214]}",0101000020E61000005E2D48DBAA224DC01A97B450935F41C0
Alineacion AT,"{""type"":""Point"",""coordinates"":[-58.2713427756121,-34.7459334165526]}",0101000020E610000044A12D5CBB224DC01C8B06BF7A5F41C0
Alineacion AT,"{""type"":""Point"",""coordinates"":[-58.2717954124329,-34.7452633590334]}",0101000020E61000000ECD2B31CA224DC049FA2CCA645F41C0
Alineacion AT,"{""type"":""Point"",""coordinates"":[-58.2723082817876,-34.7445072538247]}",0101000020E6100000935A6EFFDA224DC0E76781034C5F41C0
Alineacion AT,"{""type"":""Point"",""coordinates"":[-58.2720462497341,-34.7380482420203]}",0101000020E6100000C3CD5869D2224DC0752C635D785E41C0
Alineacion AT,"{""type"":""Point"",""coordinates"":[-58.2683273377908,-34.7589782263886]}",0101000020E61000008F37DA8C58224DC0835BD232266141C0
Alineacion AT,"{""type"":""Point"",""coordinates"":[-58.2674418213862,-34.7584809545077]}",0101000020E6100000DF379A883B224DC0EB1F67E7156141C0
Alineacion AT,"{""type"":""Point"",""coordinates"":[-58.2695342369599,-34.7486028017746]}",0101000020E610000092720E1980224DC070A87337D25F41C0
Alineacion AT,"{""type"":""Point"",""coordinates"":[-58.2588085858435,-34.7556480448671]}",0101000020E61000009F0FC6A320214DC0C8FE3B13B96041C0
Alineacion AT,"{""type"":""Point"",""coordinates"":[-58.259397782233,-34.754997539342]}",0101000020E610000040AC4FF233214DC0660466C2A36041C0
Alineacion AT,"{""type"":""Point"",""coordinates"":[-58.2599968361978,-34.7543423708471]}",0101000020E61000003A448A9347214DC03B63724A8E6041C0
Alineacion AT,"{""type"":""Point"",""coordinates"":[-58.2134245028027,-34.8353649219421]}",0101000020E6100000EDD97D7E511B4DC0BEFBDD3CED6A41C0
Alineacion AT,"{""type"":""Point"",""coordinates"":[-58.2106605073609,-34.8326539741057]}",0101000020E610000044D66AECF61A4DC094D5C967946A41C0
Alineacion AT,"{""type"":""Point"",""coordinates"":[-58.2087879393858,-34.8308205866736]}",0101000020E61000000CBB2D90B91A4DC0A64D3854586A41C0
Alineacion AT,"{""type"":""Point"",""coordinates"":[-58.2064131979513,-34.8284759248946]}",0101000020E6100000F75467BF6B1A4DC01079C57F0B6A41C0
Alineacion AT,"{""type"":""Point"",""coordinates"":[-58.2168861418326,-34.8363017977049]}",0101000020E61000003610D3ECC21B4DC0405DF3EF0B6B41C0
Alineacion AT,"{""type"":""Point"",""coordinates"":[-58.2166777241153,-34.8366154761943]}",0101000020E6100000666C7D18BC1B4DC083CA4637166B41C0
Alineacion AT,"{""type"":""Point"",""coordinates"":[-58.2145651243723,-34.8359442496421]}",0101000020E61000004605B8DE761B4DC0FABE9E38006B41C0
Alineacion AT,"{""type"":""Point"",""coordinates"":[-58.2132632943315,-34.8346678196048]}",0101000020E6100000AC4B2D364C1B4DC0F91C2665D66A41C0
Alineacion AT,"{""type"":""Point"",""coordinates"":[-58.2147653191926,-34.8358325176935]}",0101000020E6100000A61F136E7D1B4DC0A036588FFC6A41C0
Alineacion AT,"{""type"":""Point"",""coordinates"":[-58.2134210926614,-34.8345145211614]}",0101000020E6100000F4A0E261511B4DC07036305FD16A41C0
Alineacion AT,"{""type"":""Point"",""coordinates"":[-58.2119611106586,-34.8333909906703]}",0101000020E6100000B626AB8A211B4DC0E7DA548EAC6A41C0
Alineacion AT,"{""type"":""Point"",""coordinates"":[-58.2106589669695,-34.8321141487591]}",0101000020E610000024DF7EDFF61A4DC0C4BA67B7826A41C0
Alineacion AT,"{""type"":""Point"",""coordinates"":[-58.2121261712606,-34.8332448150771]}",0101000020E610000054184CF3261B4DC0A9281FC4A76A41C0
Alineacion AT,"{""type"":""Point"",""coordinates"":[-58.2108242520894,-34.8319681954894]}",0101000020E6100000C3F6014AFC1A4DC033780FEF7D6A41C0
Alineacion AT,"{""type"":""Point"",""coordinates"":[-58.2096102424613,-34.8310857639493]}",0101000020E610000090232882D41A4DC0B12AB004616A41C0
Alineacion AT,"{""type"":""Point"",""coordinates"":[-58.209810894008,-34.8309744934247]}",0101000020E6100000F30D5815DB1A4DC0DA88485F5D6A41C0
Alineacion AT,"{""type"":""Point"",""coordinates"":[-58.2085231197213,-34.8297116523802]}",0101000020E6100000D9D4B5E2B01A4DC0A70ACEFD336A41C0
Alineacion AT,"{""type"":""Point"",""coordinates"":[-58.2083433615196,-34.8298434086634]}",0101000020E61000005E08CAFEAA1A4DC059810E4F386A41C0
Alineacion AT,"{""type"":""Point"",""coordinates"":[-58.2070789337075,-34.8285992322998]}",0101000020E61000006DFBFF8F811A4DC0F51B268A0F6A41C0
Alineacion AT,"{""type"":""Point"",""coordinates"":[-58.2072600129642,-34.8284729517055]}",0101000020E610000093B9007F871A4DC01199D4660B6A41C0
Alineacion AT,"{""type"":""Point"",""coordinates"":[-58.2039035341872,-34.8249297711263]}",0101000020E6100000B86FD182191A4DC0F63D7A4C976941C0
Alineacion AT,"{""type"":""Point"",""coordinates"":[-58.2023889000965,-34.8223307800208]}",0101000020E61000006D7E25E1E7194DC081578F22426941C0
Alineacion AT,"{""type"":""Point"",""coordinates"":[-58.2016306116245,-34.8210316769358]}",0101000020E610000063662908CF194DC0B1B5E490176941C0
Alineacion AT,"{""type"":""Point"",""coordinates"":[-58.2008695066625,-34.819733695331]}",0101000020E610000080F08C17B6194DC01C70A208ED6841C0
Alineacion AT,"{""type"":""Point"",""coordinates"":[-58.2001181762434,-34.8184318436023]}",0101000020E61000007226EF789D194DC07223E95FC26841C0
Alineacion AT,"{""type"":""Point"",""coordinates"":[-58.2294796786887,-34.714384358726]}",0101000020E6100000488811975F1D4DC045C058F2705B41C0
Alineacion AT,"{""type"":""Point"",""coordinates"":[-58.2252517566347,-34.7198731668589]}",0101000020E61000006F0EB00CD51C4DC0A476CECD245C41C0
Alineacion AT,"{""type"":""Point"",""coordinates"":[-58.2204064670321,-34.7250837537341]}",0101000020E610000063DD7347361C4DC01593608BCF5C41C0
Alineacion AT,"{""type"":""Point"",""coordinates"":[-58.2227615250276,-34.7225674281989]}",0101000020E61000007D661C73831C4DC076A2E8167D5C41C0
Alineacion AT,"{""type"":""Point"",""coordinates"":[-58.2182246016792,-34.7274432222631]}",0101000020E610000084B2A3C8EE1B4DC089A808DC1C5D41C0
Alineacion AT,"{""type"":""Point"",""coordinates"":[-58.2158905970441,-34.7299466444731]}",0101000020E6100000C0E8964DA21B4DC021EB42E46E5D41C0
Alineacion AT,"{""type"":""Point"",""coordinates"":[-58.2110294449599,-34.7343183980315]}",0101000020E6100000464C4A03031B4DC0BF323025FE5D41C0
Alineacion AT,"{""type"":""Point"",""coordinates"":[-58.2083011517806,-34.7363954476876]}",0101000020E6100000F04EB59CA91A4DC0E85EBE34425E41C0
Alineacion AT,"{""type"":""Point"",""coordinates"":[-58.2055206416421,-34.7385188557546]}",0101000020E6100000C24019804E1A4DC000792EC9875E41C0
Alineacion AT,"{""type"":""Point"",""coordinates"":[-58.2030352342887,-34.7404146647138]}",0101000020E6100000539AFD0EFD194DC05A3661E8C55E41C0
Alineacion AT,"{""type"":""Point"",""coordinates"":[-58.4647620025007,-34.7071756310488]}",0101000020E6100000FA9440527D3B4DC003F127BB845A41C0
Alineacion AT,"{""type"":""Point"",""coordinates"":[-58.4671510077997,-34.7419347292432]}",0101000020E61000008B65AE9ACB3B4DC0DDEE9AB7F75E41C0
Alineacion AT,"{""type"":""Point"",""coordinates"":[-58.4653083708303,-34.744395696817]}",0101000020E6100000BBA285398F3B4DC0578EB25B485F41C0
Alineacion AT,"{""type"":""Point"",""coordinates"":[-58.4635237502199,-34.7467803454801]}",0101000020E6100000950E0ABF543B4DC0F890947F965F41C0
Alineacion AT,"{""type"":""Point"",""coordinates"":[-58.4604101634944,-34.756393543195]}",0101000020E6100000287A61B8EE3A4DC0C876ED80D16041C0
Alineacion AT,"{""type"":""Point"",""coordinates"":[-58.4616979763222,-34.7492181773651]}",0101000020E61000006E7756EB183B4DC008AD9861E65F41C0
Alineacion AT,"{""type"":""Point"",""coordinates"":[-58.4658958098972,-34.7650094945148]}",0101000020E6100000066D5179A23B4DC00209C4D4EB6141C0
Alineacion AT,"{""type"":""Point"",""coordinates"":[-58.4640908866153,-34.7621679579651]}",0101000020E610000037318654673B4DC075C23AB88E6141C0
Alineacion AT,"{""type"":""Point"",""coordinates"":[-58.4622697141405,-34.7593131365563]}",0101000020E610000011156CA72B3B4DC05577402C316141C0
Alineacion AT,"{""type"":""Point"",""coordinates"":[-58.4677666873219,-34.7679344412663]}",0101000020E6100000561A60C7DF3B4DC0005BFFAC4B6241C0
Alineacion AT,"{""type"":""Point"",""coordinates"":[-58.4939820732197,-34.7837149151853]}",0101000020E6100000FFA4F8CD3A3F4DC0DA0D35C5506441C0
Alineacion AT,"{""type"":""Point"",""coordinates"":[-58.5012790376332,-34.8012687554146]}",0101000020E61000000B6758E929404DC0F5E77DF98F6641C0
Alineacion AT,"{""type"":""Point"",""coordinates"":[-58.5004440251921,-34.797900103718]}",0101000020E6100000DFD6C08C0E404DC0D1783197216641C0
Alineacion AT,"{""type"":""Point"",""coordinates"":[-58.4996645087444,-34.7947430099959]}",0101000020E6100000BE03B201F53F4DC013549223BA6541C0
Alineacion AT,"{""type"":""Point"",""coordinates"":[-58.4988283359204,-34.7913732302005]}",0101000020E6100000528C5E9BD93F4DC00752CFB74B6541C0
Alineacion AT,"{""type"":""Point"",""coordinates"":[-58.4980177435004,-34.7880831200258]}",0101000020E6100000B594A00BBF3F4DC034855DE8DF6441C0
Alineacion AT,"{""type"":""Point"",""coordinates"":[-58.4905628576809,-34.7819923441432]}",0101000020E6100000912F83C3CA3E4DC09EE83B53186441C0
Alineacion AT,"{""type"":""Point"",""coordinates"":[-58.4600872751453,-34.7513697351653]}",0101000020E61000000907CC23E43A4DC0A0DE2BE22C6041C0
Alineacion AT,"{""type"":""Point"",""coordinates"":[-58.4802826702864,-34.7762420492542]}",0101000020E6100000A1DB0CE7793D4DC0D5A943E65B6341C0
Alineacion AT,"{""type"":""Point"",""coordinates"":[-58.4767820719396,-34.7744703514832]}",0101000020E61000005926E731073D4DC0CCAB2FD8216341C0
Alineacion AT,"{""type"":""Point"",""coordinates"":[-58.4731484885297,-34.7726363411971]}",0101000020E610000085313221903C4DC0409264BFE56241C0
Alineacion AT,"{""type"":""Point"",""coordinates"":[-58.4797008956116,-34.721501009446]}",0101000020E6100000C241C5D6663D4DC000CD23255A5C41C0
Alineacion AT,"{""type"":""Point"",""coordinates"":[-58.4799275230197,-34.730070602374]}",0101000020E6100000ECE8DB436E3D4DC0D27B18F4725D41C0
Alineacion AT,"{""type"":""Point"",""coordinates"":[-58.4768984548411,-34.7323857099964]}",0101000020E61000001B8731020B3D4DC0FC3EA0D0BE5D41C0
Alineacion AT,"{""type"":""Point"",""coordinates"":[-58.4744053950612,-34.7342940797037]}",0101000020E6100000B76AE450B93C4DC0A1FC3059FD5D41C0
Alineacion AT,"{""type"":""Point"",""coordinates"":[-58.4767857415032,-34.7188782807533]}",0101000020E6100000467AAF50073D4DC0ECD11834045C41C0
Alineacion AT,"{""type"":""Point"",""coordinates"":[-58.4670773397741,-34.7095659984668]}",0101000020E61000002384B530C93B4DC063E2020FD35A41C0
Alineacion AT,"{""type"":""Point"",""coordinates"":[-58.4720300527305,-34.7144585238]}",0101000020E61000006F9A137B6B3C4DC0E3087D60735B41C0
Alineacion AT,"{""type"":""Point"",""coordinates"":[-58.4608972158426,-34.7029528762225]}",0101000020E6100000456E12AEFE3A4DC09D001F5CFA5941C0
Alineacion AT,"{""type"":""Point"",""coordinates"":[-58.4598753444219,-34.7016621150844]}",0101000020E6100000B343FE31DD3A4DC09C906E10D05941C0
Alineacion AT,"{""type"":""Point"",""coordinates"":[-58.4592645718078,-34.7009637762941]}",0101000020E61000002210762EC93A4DC0976E572EB95941C0
Alineacion AT,"{""type"":""Point"",""coordinates"":[-58.4584471610521,-34.7000308923804]}",0101000020E6100000DCD48565AE3A4DC0587BBE9C9A5941C0
Alineacion AT,"{""type"":""Point"",""coordinates"":[-58.4570826460573,-34.6984736699182]}",0101000020E6100000533124AF813A4DC031B5D095675941C0
Alineacion AT,"{""type"":""Point"",""coordinates"":[-58.4562695256191,-34.6975375945348]}",0101000020E6100000FF58310A673A4DC0F42072E9485941C0
Alineacion AT,"{""type"":""Point"",""coordinates"":[-58.4554980069847,-34.6966555308089]}",0101000020E61000003CB239C24D3A4DC068B328022C5941C0
Alineacion AT,"{""type"":""Point"",""coordinates"":[-58.4548237189978,-34.6958831388197]}",0101000020E61000003045E3A9373A4DC0BD88DDB2125941C0
Alineacion AT,"{""type"":""Point"",""coordinates"":[-58.4540502531178,-34.6950025480227]}",0101000020E6100000DAF095511E3A4DC07A32EFD7F55841C0
Alineacion AT,"{""type"":""Point"",""coordinates"":[-58.4532817327007,-34.6941182599905]}",0101000020E610000072E9C422053A4DC0991BFDDDD85841C0
Alineacion AT,"{""type"":""Point"",""coordinates"":[-58.4525111031112,-34.6932355595687]}",0101000020E6100000447842E2EB394DC0D2625CF1BB5841C0
Alineacion AT,"{""type"":""Point"",""coordinates"":[-58.4517409807649,-34.6923524867258]}",0101000020E6100000FC5201A6D2394DC04DE59B019F5841C0
Alineacion AT,"{""type"":""Point"",""coordinates"":[-58.4509814516219,-34.6914858188188]}",0101000020E6100000CBE89CC2B9394DC0C4BC789B825841C0
Alineacion AT,"{""type"":""Point"",""coordinates"":[-58.4502088400338,-34.6906046257291]}",0101000020E610000060287A71A0394DC081FC7CBB655841C0
Alineacion AT,"{""type"":""Point"",""coordinates"":[-58.4494403102221,-34.6897203824708]}",0101000020E61000003BF4944287394DC05A0CEBC1485841C0
Alineacion AT,"{""type"":""Point"",""coordinates"":[-58.4486702330214,-34.6888373059689]}",0101000020E610000002C2B4066E394DC05AB322D22B5841C0
Alineacion AT,"{""type"":""Point"",""coordinates"":[-58.4480274490994,-34.6881022034141]}",0101000020E6100000C8CBA4F658394DC00BFCA5BB135841C0
Alineacion AT,"{""type"":""Point"",""coordinates"":[-58.4473502334452,-34.687322944182]}",0101000020E6100000AD40BFC542394DC0AC86BF32FA5741C0
Alineacion AT,"{""type"":""Point"",""coordinates"":[-58.4462823753314,-34.6855974605352]}",0101000020E6100000336AE7C71F394DC0109C57A8C15741C0
Alineacion AT,"{""type"":""Point"",""coordinates"":[-58.2778047303319,-34.7381161705205]}",0101000020E61000008EB9FB1A8F234DC05F8436977A5E41C0
Alineacion AT,"{""type"":""Point"",""coordinates"":[-58.2770927084335,-34.7391152808124]}",0101000020E61000004D571CC677234DC019885B549B5E41C0
Alineacion AT,"{""type"":""Point"",""coordinates"":[-58.2766405120157,-34.7397497883141]}",0101000020E610000090EDCFF468234DC01104FE1EB05E41C0
Alineacion AT,"{""type"":""Point"",""coordinates"":[-58.200168966418,-34.7425943444721]}",0101000020E61000003A38FE229F194DC0DDD9DB540D5F41C0
Alineacion AT,"{""type"":""Point"",""coordinates"":[-58.1971744597312,-34.7448719767992]}",0101000020E6100000741340033D194DC0980706F7575F41C0
Alineacion AT,"{""type"":""Point"",""coordinates"":[-58.1941859831179,-34.7471417815829]}",0101000020E61000009C6A1716DB184DC0DBAF8657A25F41C0
Alineacion AT,"{""type"":""Point"",""coordinates"":[-58.1912029361547,-34.7494165125501]}",0101000020E61000007CD77A5679184DC0143E5AE1EC5F41C0
Alineacion AT,"{""type"":""Point"",""coordinates"":[-58.1882409642209,-34.7516702964221]}",0101000020E6100000528CA84718184DC0FD4076BB366041C0
Alineacion AT,"{""type"":""Point"",""coordinates"":[-58.1829134276143,-34.7557282064501]}",0101000020E610000020CD0AB569174DC011AFADB3BB6041C0
Alineacion AT,"{""type"":""Point"",""coordinates"":[-58.1801454646179,-34.7578367907533]}",0101000020E61000004387AF010F174DC0D4FEC3CB006141C0
Alineacion AT,"{""type"":""Point"",""coordinates"":[-58.1773674243591,-34.7599497060455]}",0101000020E6100000C87FCBF9B3164DC001092F08466141C0
Alineacion AT,"{""type"":""Point"",""coordinates"":[-58.1745989644981,-34.7620579609723]}",0101000020E6100000A837454259164DC02704821D8B6141C0
Alineacion AT,"{""type"":""Point"",""coordinates"":[-58.1708843639304,-34.7750332702316]}",0101000020E61000004D3DF189DF154DC0757A4A4A346341C0
Alineacion AT,"{""type"":""Point"",""coordinates"":[-58.1718446007272,-34.764152302999]}",0101000020E61000000C0FFE00FF154DC09F451FBECF6141C0
Alineacion AT,"{""type"":""Point"",""coordinates"":[-58.1701800924531,-34.7716313193534]}",0101000020E61000001DC21576C8154DC09D98A8D0C46241C0
Alineacion AT,"{""type"":""Point"",""coordinates"":[-58.1694798393601,-34.7682562307897]}",0101000020E610000002B1EF83B1154DC057185D38566241C0
Angulo AT,"{""type"":""Point"",""coordinates"":[-58.4399670906166,-34.83625453215]}",0101000020E6100000DFC174D750384DC0A75B75630A6B41C0
Angulo AT,"{""type"":""Point"",""coordinates"":[-58.4319883627259,-34.8322836215781]}",0101000020E6100000801409654B374DC04ED60B45886A41C0
Angulo AT,"{""type"":""Point"",""coordinates"":[-58.4218369591065,-34.8310776706617]}",0101000020E6100000A1CDE3C0FE354DC0C0F6CBC0606A41C0
Angulo AT,"{""type"":""Point"",""coordinates"":[-58.4111393293073,-34.8339243280803]}",0101000020E6100000B6BCAA36A0344DC0C6384A08BE6A41C0
Angulo AT,"{""type"":""Point"",""coordinates"":[-58.4101182053493,-34.8341583508575]}",0101000020E61000001CBCDBC07E344DC02A4F6AB3C56A41C0
Angulo AT,"{""type"":""Point"",""coordinates"":[-58.3871743236032,-34.8373544560466]}",0101000020E6100000FFDCA0ED8E314DC0A7F0496E2E6B41C0
Angulo AT,"{""type"":""Point"",""coordinates"":[-58.3543819386279,-34.8102598103431]}",0101000020E610000091592A635C2D4DC0E557ED97B66741C0
Angulo AT,"{""type"":""Point"",""coordinates"":[-58.3887503177608,-34.829514406211]}",0101000020E6100000D58B0692C2314DC0581E2F872D6A41C0
Angulo AT,"{""type"":""Point"",""coordinates"":[-58.4179793461925,-34.8283168567505]}",0101000020E61000006F26E35880354DC0053C6949066A41C0
Angulo AT,"{""type"":""Point"",""coordinates"":[-58.4241387663916,-34.8244108035886]}",0101000020E6100000184FD92D4A364DC0E6F00F4B866941C0
Angulo AT,"{""type"":""Point"",""coordinates"":[-58.4402563301428,-34.836247341181]}",0101000020E6100000FDE8C5515A384DC0AADE22270A6B41C0
Angulo AT,"{""type"":""Point"",""coordinates"":[-58.2706072836305,-34.8171016564047]}",0101000020E610000050A06C42A3224DC0FBE17DC9966841C0
Angulo AT,"{""type"":""Point"",""coordinates"":[-58.270492866744,-34.8169636372144]}",0101000020E6100000C43BA0829F224DC0B5EDB343926841C0
Angulo AT,"{""type"":""Point"",""coordinates"":[-58.2302641035903,-34.8349880205421]}",0101000020E6100000752E4D4B791D4DC0D76330E3E06A41C0
Angulo AT,"{""type"":""Point"",""coordinates"":[-58.2228593502093,-34.8402761695647]}",0101000020E6100000D760BAA7861C4DC0B5F1652B8E6B41C0
Angulo AT,"{""type"":""Point"",""coordinates"":[-58.2079224938927,-34.8017526913264]}",0101000020E610000094AF4B349D1A4DC0075D0AD59F6641C0
Angulo AT,"{""type"":""Point"",""coordinates"":[-58.3471390784166,-34.806562685081]}",0101000020E61000003D7BA60D6F2C4DC06B4C31723D6741C0
Angulo AT,"{""type"":""Point"",""coordinates"":[-58.3474518370173,-34.8065071983876]}",0101000020E61000005A76424D792C4DC01A88BCA03B6741C0
Angulo AT,"{""type"":""Point"",""coordinates"":[-58.3552243605776,-34.8108221592093]}",0101000020E610000033B6E9FD772D4DC08D564005C96741C0
Angulo AT,"{""type"":""Point"",""coordinates"":[-58.3657231956836,-34.8166699100819]}",0101000020E6100000C66C8604D02E4DC0EFB6BDA3886841C0
Angulo AT,"{""type"":""Point"",""coordinates"":[-58.3664901682103,-34.8174154153368]}",0101000020E610000065625B26E92E4DC0140F7E11A16841C0
Angulo AT,"{""type"":""Point"",""coordinates"":[-58.3692910487698,-34.8193481542868]}",0101000020E61000000496D8ED442F4DC090597B66E06841C0
Angulo AT,"{""type"":""Point"",""coordinates"":[-58.3815676808751,-34.8259167623575]}",0101000020E6100000D548B335D7304DC090C5F5A3B76941C0
Angulo AT,"{""type"":""Point"",""coordinates"":[-58.3846823379422,-34.8280478131633]}",0101000020E6100000BD6756453D314DC0C8878278FD6941C0
Angulo AT,"{""type"":""Point"",""coordinates"":[-58.3870492796489,-34.8294184015984]}",0101000020E61000002504AFD48A314DC063C8D6612A6A41C0
Angulo AT,"{""type"":""Point"",""coordinates"":[-58.3431082624447,-34.8114254202946]}",0101000020E6100000FA17B7F8EA2B4DC078A7C5C9DC6741C0
Angulo AT,"{""type"":""Point"",""coordinates"":[-58.3459053692241,-34.8129314629027]}",0101000020E6100000052A8CA0462C4DC042875F230E6841C0
Angulo AT,"{""type"":""Point"",""coordinates"":[-58.3474289432985,-34.8110322057301]}",0101000020E61000005393368D782C4DC083CE3FE7CF6741C0
Angulo AT,"{""type"":""Point"",""coordinates"":[-58.3510214895324,-34.8130164889491]}",0101000020E61000000DDEAC45EE2C4DC093929FEC106841C0
Angulo AT,"{""type"":""Point"",""coordinates"":[-58.351983378908,-34.81355625136]}",0101000020E61000009A9296CA0D2D4DC01A867A9C226841C0
Angulo AT,"{""type"":""Point"",""coordinates"":[-58.3529929559869,-34.8140115174429]}",0101000020E610000051D788DF2E2D4DC008FE8687316841C0
Angulo AT,"{""type"":""Point"",""coordinates"":[-58.3833788078418,-34.8304690899341]}",0101000020E61000007BD4888E12314DC086CDA6CF4C6A41C0
Angulo AT,"{""type"":""Point"",""coordinates"":[-58.3793276625099,-34.8356333444862]}",0101000020E6100000587910CF8D304DC0F7018F08F66A41C0
Angulo AT,"{""type"":""Point"",""coordinates"":[-58.3825199271356,-34.8373642738111]}",0101000020E6100000CA8EB869F6304DC0C76DA5C02E6B41C0
Angulo AT,"{""type"":""Point"",""coordinates"":[-58.3827440289962,-34.8372493843567]}",0101000020E61000008EA39FC1FD304DC03D34E2FC2A6B41C0
Angulo AT,"{""type"":""Point"",""coordinates"":[-58.3833021387405,-34.8364077908846]}",0101000020E61000004D30630B10314DC004FC15690F6B41C0
Angulo AT,"{""type"":""Point"",""coordinates"":[-58.3838028432352,-34.8356944187069]}",0101000020E610000048E7997320314DC0DAE5E208F86A41C0
Angulo AT,"{""type"":""Point"",""coordinates"":[-58.3870514667495,-34.8371737728635]}",0101000020E610000070C707E78A314DC041C29B82286B41C0
Angulo AT,"{""type"":""Point"",""coordinates"":[-58.3874848769048,-34.8349098441932]}",0101000020E61000001300BD1A99314DC08BF56553DE6A41C0
Angulo AT,"{""type"":""Point"",""coordinates"":[-58.3881514397867,-34.8346881076467]}",0101000020E6100000BBE345F2AE314DC0F859560FD76A41C0
Angulo AT,"{""type"":""Point"",""coordinates"":[-58.3911464914027,-34.8297720710281]}",0101000020E61000008442961611324DC09C19A2F8356A41C0
Angulo AT,"{""type"":""Point"",""coordinates"":[-58.3990348106464,-34.8303399498173]}",0101000020E610000093D89A9213334DC08D835894486A41C0
Angulo AT,"{""type"":""Point"",""coordinates"":[-58.3995092409698,-34.8299249801469]}",0101000020E61000001D356A1E23334DC0A9EE53FB3A6A41C0
Angulo AT,"{""type"":""Point"",""coordinates"":[-58.2373084794657,-34.7781257845385]}",0101000020E6100000362FCF1F601E4DC034622EA0996341C0
Angulo AT,"{""type"":""Point"",""coordinates"":[-58.2375100561745,-34.7780694606905]}",0101000020E6100000D2DEC1BA661E4DC052D7B3C7976341C0
Angulo AT,"{""type"":""Point"",""coordinates"":[-58.2753007130743,-34.7400208135416]}",0101000020E6100000199CC30D3D234DC0A6428400B95E41C0
Angulo AT,"{""type"":""Point"",""coordinates"":[-58.236797590972,-34.7789843251098]}",0101000020E6100000857F2A624F1E4DC0C13824C2B56341C0
Angulo AT,"{""type"":""Point"",""coordinates"":[-58.2366028818812,-34.7790180984768]}",0101000020E6100000DCE8D300491E4DC094F973DDB66341C0
Angulo AT,"{""type"":""Point"",""coordinates"":[-58.2356582879214,-34.7785023882885]}",0101000020E6100000ABD3FF0C2A1E4DC04FC75CF7A56341C0
Angulo AT,"{""type"":""Point"",""coordinates"":[-58.2244907139033,-34.7937154374218]}",0101000020E6100000393C991CBC1C4DC04407AB77986541C0
Angulo AT,"{""type"":""Point"",""coordinates"":[-58.520326332768,-34.9265599844376]}",0101000020E6100000383EA30D9A424DC089787F84997641C0
Angulo AT,"{""type"":""Point"",""coordinates"":[-58.2363584544812,-34.7774417542636]}",0101000020E6100000A0106CFE401E4DC0B88D1E36836341C0
Angulo AT,"{""type"":""Point"",""coordinates"":[-58.2371101738663,-34.7764101435732]}",0101000020E610000003274DA0591E4DC001775768616341C0
Angulo AT,"{""type"":""Point"",""coordinates"":[-58.2369754446897,-34.776571748767]}",0101000020E6100000DD721C36551E4DC0D1F9FBB3666341C0
Angulo AT,"{""type"":""Point"",""coordinates"":[-58.4234711059705,-34.7810767419381]}",0101000020E6100000D9781B4D34364DC030259B52FA6341C0
Angulo AT,"{""type"":""Point"",""coordinates"":[-58.4235738870904,-34.7810287643694]}",0101000020E61000001A3F4CAB37364DC0D21924C0F86341C0
Angulo AT,"{""type"":""Point"",""coordinates"":[-58.4223162451638,-34.7804662327788]}",0101000020E61000002DC66E750E364DC068B54851E66341C0
Angulo AT,"{""type"":""Point"",""coordinates"":[-58.4224220420945,-34.7804060993223]}",0101000020E6100000E8F3EBEC11364DC01E18D958E46341C0
Angulo AT,"{""type"":""Point"",""coordinates"":[-58.2779365122838,-34.6957196181681]}",0101000020E6100000C84F736C93234DC0E09B27570D5941C0
Angulo AT,"{""type"":""Point"",""coordinates"":[-58.3392466077205,-34.7505589882122]}",0101000020E610000025B8CE6E6C2B4DC08B0B2251126041C0
Angulo AT,"{""type"":""Point"",""coordinates"":[-58.3234335893835,-34.7728637365529]}",0101000020E6100000386A984566294DC02961EC32ED6241C0
Angulo AT,"{""type"":""Point"",""coordinates"":[-58.3203500821478,-34.7775573110002]}",0101000020E61000003E0C433B01294DC07BC17AFF866341C0
Angulo AT,"{""type"":""Point"",""coordinates"":[-58.3194971575076,-34.7784071384694]}",0101000020E610000082546948E5284DC0735959D8A26341C0
Angulo AT,"{""type"":""Point"",""coordinates"":[-58.319415737901,-34.7792210844088]}",0101000020E6100000680E6A9DE2284DC0DFF13884BD6341C0
Angulo AT,"{""type"":""Point"",""coordinates"":[-58.3009305735428,-34.8020159530925]}",0101000020E6100000CFDD9DE484264DC08EB37075A86641C0
Angulo AT,"{""type"":""Point"",""coordinates"":[-58.2965872411717,-34.8066060975289]}",0101000020E6100000229F1A92F6254DC000D25CDE3E6741C0
Angulo AT,"{""type"":""Point"",""coordinates"":[-58.2955662059697,-34.8070978167561]}",0101000020E6100000AA380A1DD5254DC0F4D133FB4E6741C0
Angulo AT,"{""type"":""Point"",""coordinates"":[-58.2895788596846,-34.8148361818048]}",0101000020E6100000ABFA89EB10254DC08139508D4C6841C0
Angulo AT,"{""type"":""Point"",""coordinates"":[-58.2887761355599,-34.8164433445865]}",0101000020E6100000290CCD9DF6244DC099042C37816841C0
Angulo AT,"{""type"":""Point"",""coordinates"":[-58.2845797674398,-34.8214785476343]}",0101000020E6100000EA201D1C6D244DC03D3A8435266941C0
Angulo AT,"{""type"":""Point"",""coordinates"":[-58.275899583898,-34.8181379769407]}",0101000020E610000035E974AD50234DC0B449C7BEB86841C0
Angulo AT,"{""type"":""Point"",""coordinates"":[-58.2783036695309,-34.8168032927982]}",0101000020E6100000F57E63749F234DC0B1EAA2028D6841C0
Angulo AT,"{""type"":""Point"",""coordinates"":[-58.2849652747453,-34.8203430653358]}",0101000020E610000070C3FBBD79244DC00D8F6600016941C0
Angulo AT,"{""type"":""Point"",""coordinates"":[-58.2727498748186,-34.816619032223]}",0101000020E6100000C62AC877E9224DC03358F2F8866841C0
Angulo AT,"{""type"":""Point"",""coordinates"":[-58.2704942597224,-34.8153369286071]}",0101000020E6100000BAA14F8E9F224DC05BCBE1F55C6841C0
Angulo AT,"{""type"":""Point"",""coordinates"":[-58.408811061179,-34.8062274705039]}",0101000020E6100000DF00BDEB53344DC0BC793576326741C0
Angulo AT,"{""type"":""Point"",""coordinates"":[-58.4073689574426,-34.8245589912574]}",0101000020E610000095CF7EAA24344DC0668926268B6941C0
Angulo AT,"{""type"":""Point"",""coordinates"":[-58.4067492836092,-34.8243657738637]}",0101000020E6100000F6624B5C10344DC0D45753D1846941C0
Angulo AT,"{""type"":""Point"",""coordinates"":[-58.4076779955346,-34.8075064029321]}",0101000020E6100000610FE5CA2E344DC0B5F3AB5E5C6741C0
Angulo AT,"{""type"":""Point"",""coordinates"":[-58.4075275583697,-34.8072751227067]}",0101000020E610000057B5EFDC29344DC022738DCA546741C0
Angulo AT,"{""type"":""Point"",""coordinates"":[-58.2677082092435,-34.7512722355122]}",0101000020E610000023C9394344224DC073F548B0296041C0
Angulo AT,"{""type"":""Point"",""coordinates"":[-58.2619250990842,-34.7520551472764]}",0101000020E6100000BD48FBC286214DC09C2BD357436041C0
Angulo AT,"{""type"":""Point"",""coordinates"":[-58.267409027521,-34.7513123748682]}",0101000020E6100000D3ED81753A224DC0CE91FF002B6041C0
Angulo AT,"{""type"":""Point"",""coordinates"":[-58.2713156066355,-34.7375965697252]}",0101000020E610000068B24478BA224DC04A4E7C90695E41C0
Angulo AT,"{""type"":""Point"",""coordinates"":[-58.2750371169991,-34.7398970545871]}",0101000020E61000003E598F6A34234DC0E3ED59F2B45E41C0
Angulo AT,"{""type"":""Point"",""coordinates"":[-58.2709957667428,-34.7376404794836]}",0101000020E6100000E5C141FDAF224DC03ECBD3006B5E41C0
Angulo AT,"{""type"":""Point"",""coordinates"":[-58.3233156433736,-34.6635451162104]}",0101000020E61000008D49316862294DC0ADC5DE0BEF5441C0
Angulo AT,"{""type"":""Point"",""coordinates"":[-58.3221908238616,-34.6649288468192]}",0101000020E610000041C7858C3D294DC0ACA071631C5541C0
Angulo AT,"{""type"":""Point"",""coordinates"":[-58.3084787468589,-34.6757217308604]}",0101000020E61000008FA2483B7C274DC0FD9EB70C7E5641C0
Angulo AT,"{""type"":""Point"",""coordinates"":[-58.3142276891889,-34.6807072106988]}",0101000020E61000003548E89C38284DC0210DF469215741C0
Angulo AT,"{""type"":""Point"",""coordinates"":[-58.3028035489405,-34.6844701840215]}",0101000020E6100000F5E74544C2264DC0D4BA0FB89C5741C0
Angulo AT,"{""type"":""Point"",""coordinates"":[-58.3016383732934,-34.6853735268039]}",0101000020E6100000C34112169C264DC05D95D951BA5741C0
Angulo AT,"{""type"":""Point"",""coordinates"":[-58.3010747921711,-34.6856497673938]}",0101000020E61000003503699E89264DC0B5BB1F5FC35741C0
Angulo AT,"{""type"":""Point"",""coordinates"":[-58.3005597359959,-34.6857973073179]}",0101000020E61000005D4CCEBD78264DC0C14EC734C85741C0
Angulo AT,"{""type"":""Point"",""coordinates"":[-58.293788693084,-34.6877175154375]}",0101000020E6100000795D2EDE9A254DC05BD8A620075841C0
Angulo AT,"{""type"":""Point"",""coordinates"":[-58.293520502387,-34.6872194571489]}",0101000020E61000009B3A6F1492254DC091D0A2CEF65741C0
Angulo AT,"{""type"":""Point"",""coordinates"":[-58.2883011091664,-34.6889453976332]}",0101000020E610000095A2FD0CE7244DC03AC8DF5C2F5841C0
Angulo AT,"{""type"":""Point"",""coordinates"":[-58.286714663749,-34.6896639432376]}",0101000020E6100000F10AEC10B3244DC0C8B778E8465841C0
Angulo AT,"{""type"":""Point"",""coordinates"":[-58.2829645046957,-34.6920528786402]}",0101000020E61000006DCC4E2E38244DC0656E5030955841C0
Angulo AT,"{""type"":""Point"",""coordinates"":[-58.3044354322787,-34.696524401106]}",0101000020E6100000B2B080BDF7264DC0E4CE29B6275941C0
Angulo AT,"{""type"":""Point"",""coordinates"":[-58.3036336251412,-34.7005800325835]}",0101000020E610000042F97477DD264DC0A216449BAC5941C0
Angulo AT,"{""type"":""Point"",""coordinates"":[-58.303173073288,-34.7033460476303]}",0101000020E610000065661160CE264DC0EB2B483E075A41C0
Angulo AT,"{""type"":""Point"",""coordinates"":[-58.3034187272201,-34.7013777533504]}",0101000020E6100000C333C36CD6264DC0106408BFC65941C0
Angulo AT,"{""type"":""Point"",""coordinates"":[-58.295987158946,-34.70894212109]}",0101000020E6100000BEDA3FE8E2254DC0506B8C9DBE5A41C0
Angulo AT,"{""type"":""Point"",""coordinates"":[-58.3022294603659,-34.7139860711214]}",0101000020E61000005D147874AF264DC00CA244E5635B41C0
Angulo AT,"{""type"":""Point"",""coordinates"":[-58.3021525307838,-34.7142500695211]}",0101000020E6100000580F23EFAC264DC01BE1D88B6C5B41C0
Angulo AT,"{""type"":""Point"",""coordinates"":[-58.3030467993,-34.8001762219529]}",0101000020E61000005A13CE3CCA264DC08F29A82C6C6641C0
Angulo AT,"{""type"":""Point"",""coordinates"":[-58.3026712966381,-34.7998309593978]}",0101000020E6100000D43FDCEEBD264DC0937862DC606641C0
Angulo AT,"{""type"":""Point"",""coordinates"":[-58.2939282015428,-34.7213653954025]}",0101000020E6100000C97F76709F254DC01EDC86B3555C41C0
Angulo AT,"{""type"":""Point"",""coordinates"":[-58.2942120084105,-34.7211958100185]}",0101000020E6100000571B35BDA8254DC05505F124505C41C0
Angulo AT,"{""type"":""Point"",""coordinates"":[-58.3017483126504,-34.7139080483358]}",0101000020E6100000753A4FB09F264DC009FAC356615B41C0
Angulo AT,"{""type"":""Point"",""coordinates"":[-58.2908179345692,-34.7194061112219]}",0101000020E61000004C08A78539254DC0C61EDC7F155C41C0
Angulo AT,"{""type"":""Point"",""coordinates"":[-58.2792905893653,-34.7418713509077]}",0101000020E6100000C7B345CBBF234DC075FEF2A3F55E41C0
Angulo AT,"{""type"":""Point"",""coordinates"":[-58.2169899915394,-34.8020909555018]}",0101000020E6100000469CFA53C61B4DC01F269BEAAA6641C0
Angulo AT,"{""type"":""Point"",""coordinates"":[-58.2603485388133,-34.7070422075473]}",0101000020E6100000DCE1D51953214DC05127EB5B805A41C0
Angulo AT,"{""type"":""Point"",""coordinates"":[-58.2618524955912,-34.7063031586077]}",0101000020E61000005878F06184214DC005A45324685A41C0
Angulo AT,"{""type"":""Point"",""coordinates"":[-58.2688527844393,-34.7046086899288]}",0101000020E61000007A4D9EC469224DC061DC179E305A41C0
Angulo AT,"{""type"":""Point"",""coordinates"":[-58.2716029002061,-34.7031642183255]}",0101000020E610000024F142E2C3224DC072B6FC48015A41C0
Angulo AT,"{""type"":""Point"",""coordinates"":[-58.2725751639796,-34.7024419817171]}",0101000020E6100000497F33BEE3224DC001686D9EE95941C0
Angulo AT,"{""type"":""Point"",""coordinates"":[-58.2037488460577,-34.8119808498039]}",0101000020E61000002F353371141A4DC06C710DFDEE6741C0
Angulo AT,"{""type"":""Point"",""coordinates"":[-58.2301851508328,-34.7211082326698]}",0101000020E6100000076DFFB4761D4DC0BD184A464D5C41C0
Angulo AT,"{""type"":""Point"",""coordinates"":[-58.2185728873343,-34.731664756276]}",0101000020E610000052724532FA1B4DC0AEEBD330A75D41C0
Angulo AT,"{""type"":""Point"",""coordinates"":[-58.2186838896023,-34.7333575879939]}",0101000020E61000007B006DD5FD1B4DC08B5A54A9DE5D41C0
Angulo AT,"{""type"":""Point"",""coordinates"":[-58.2196280437945,-34.7348308227348]}",0101000020E6100000E6B090C51C1C4DC092DEB7EF0E5E41C0
Angulo AT,"{""type"":""Point"",""coordinates"":[-58.2196562523239,-34.7357759627332]}",0101000020E6100000F00B32B21D1C4DC09F8F20E82D5E41C0
Angulo AT,"{""type"":""Point"",""coordinates"":[-58.2201284899655,-34.737025992011]}",0101000020E6100000ECA89C2B2D1C4DC09FFE21DE565E41C0
Angulo AT,"{""type"":""Point"",""coordinates"":[-58.2200729288374,-34.7381371281823]}",0101000020E6100000BB0B88592B1C4DC0CFC004477B5E41C0
Angulo AT,"{""type"":""Point"",""coordinates"":[-58.2208505710589,-34.7392758047576]}",0101000020E61000001900DED4441C4DC03614EE96A05E41C0
Angulo AT,"{""type"":""Point"",""coordinates"":[-58.2312396865465,-34.7198872195338]}",0101000020E61000008EA01543991D4DC0655AB043255C41C0
Angulo AT,"{""type"":""Point"",""coordinates"":[-58.3135920226496,-34.6812074653551]}",0101000020E610000089C88CC823284DC0DCBE64CE315741C0
Angulo AT,"{""type"":""Point"",""coordinates"":[-58.2962710281439,-34.7090632529806]}",0101000020E6100000B5508435EC254DC06D2CAD95C25A41C0
Angulo AT,"{""type"":""Point"",""coordinates"":[-58.3014973190952,-34.7136027241285]}",0101000020E610000035ACD27697264DC0F83B8555575B41C0
Angulo AT,"{""type"":""Point"",""coordinates"":[-58.2904186742953,-34.719581775644]}",0101000020E6100000821F6A702C254DC0289870411B5C41C0
Angulo AT,"{""type"":""Point"",""coordinates"":[-58.4237664722903,-34.7813069231616]}",0101000020E610000069D0D1FA3D364DC0048F81DD016441C0
Angulo AT,"{""type"":""Point"",""coordinates"":[-58.2790935033307,-34.742002839185]}",0101000020E610000070AAFE55B9234DC059EBF3F2F95E41C0
Angulo AT,"{""type"":""Point"",""coordinates"":[-58.4004123939446,-34.8342085185373]}",0101000020E6100000DD739CB640334DC0CA944058C76A41C0
Angulo AT,"{""type"":""Point"",""coordinates"":[-58.4073570296825,-34.824761076866]}",0101000020E61000001A24704624344DC0A1135EC5916941C0
Angulo AT,"{""type"":""Point"",""coordinates"":[-58.4086237350823,-34.8010708752868]}",0101000020E61000001C4655C84D344DC045918D7D896641C0
Angulo AT,"{""type"":""Point"",""coordinates"":[-58.1832091904179,-34.9572595311205]}",0101000020E6100000F995146673174DC031F9F57A877A41C0
Angulo AT,"{""type"":""Point"",""coordinates"":[-58.1926180498536,-34.8011535624372]}",0101000020E6100000CF5E50B5A7184DC0F2DE2E338C6641C0
Angulo AT,"{""type"":""Point"",""coordinates"":[-58.1829064621876,-34.7860228427644]}",0101000020E610000050A99C7A69174DC07DCA81659C6441C0
Angulo AT,"{""type"":""Point"",""coordinates"":[-58.1814647263483,-34.7913517881468]}",0101000020E61000008E85743C3A174DC05DDCF0034B6541C0
Angulo AT,"{""type"":""Point"",""coordinates"":[-58.1772993344343,-34.7806226254687]}",0101000020E6100000BA7F9DBEB1164DC0EB733371EB6341C0
Angulo AT,"{""type"":""Point"",""coordinates"":[-58.1778673340893,-34.7819670840487]}",0101000020E61000005878575BC4164DC0CB44567F176441C0
Angulo AT,"{""type"":""Point"",""coordinates"":[-58.1716075059796,-34.7784508393096]}",0101000020E61000001EF7183CF7154DC07230F046A46341C0
Angulo AT,"{""type"":""Point"",""coordinates"":[-58.1856773079889,-34.8340506674391]}",0101000020E6100000F4B52646C4174DC0D3ED192CC26A41C0
Angulo AT,"{""type"":""Point"",""coordinates"":[-58.2377541765797,-34.7576315302886]}",0101000020E6100000DC7296BA6E1E4DC00181EA11FA6041C0
Angulo AT,"{""type"":""Point"",""coordinates"":[-58.2387698640155,-34.7495846983215]}",0101000020E6100000CA9BCA02901E4DC0BD6F3264F25F41C0
Angulo AT,"{""type"":""Point"",""coordinates"":[-58.2382604182865,-34.7488179537643]}",0101000020E6100000673C40517F1E4DC09F094744D95F41C0
Angulo AT,"{""type"":""Point"",""coordinates"":[-58.2345360698504,-34.7655544149989]}",0101000020E6100000B0DE2647051E4DC042DDE3AFFD6141C0
Angulo AT,"{""type"":""Point"",""coordinates"":[-58.2324704863736,-34.7644352250735]}",0101000020E61000004021C897C11D4DC0F2CC7103D96141C0
Angulo AT,"{""type"":""Point"",""coordinates"":[-58.1990308445178,-34.8158003848538]}",0101000020E6100000AD0CBCD779194DC06F81A2256C6841C0
Angulo AT,"{""type"":""Point"",""coordinates"":[-58.3950651852737,-34.8361455674062]}",0101000020E6100000F244F97E91324DC0435A65D1066B41C0
Angulo AT,"{""type"":""Point"",""coordinates"":[-58.4699156208281,-34.9090259734342]}",0101000020E61000000BABEF31263C4DC0A68E8DF65A7441C0
Angulo AT,"{""type"":""Point"",""coordinates"":[-58.466613695039,-34.906978422039]}",0101000020E6100000720760FFB93B4DC0EC6A72DE177441C0
Angulo AT,"{""type"":""Point"",""coordinates"":[-58.4387392475442,-34.8903851634061]}",0101000020E610000046D68F9B28384DC01FD61A24F87141C0
Angulo AT,"{""type"":""Point"",""coordinates"":[-58.6388895540203,-34.9267619204114]}",0101000020E6100000FA220622C7514DC02FAC7522A07641C0
Angulo AT,"{""type"":""Point"",""coordinates"":[-58.5557316683816,-34.9407882042553]}",0101000020E610000074861E3722474DC09BDE74BF6B7841C0
Angulo AT,"{""type"":""Point"",""coordinates"":[-58.1990646186298,-34.8185805851612]}",0101000020E610000027670DF37A194DC03934A53FC76841C0
Angulo AT,"{""type"":""Point"",""coordinates"":[-58.4365202903061,-34.8701630015133]}",0101000020E6100000DD7399E5DF374DC031D85080616F41C0
Angulo AT,"{""type"":""Point"",""coordinates"":[-58.4099969085488,-34.8571930579111]}",0101000020E6100000D5D658C77A344DC00E0B8B80B86D41C0
Angulo AT,"{""type"":""Point"",""coordinates"":[-58.3395733746649,-34.6691548211729]}",0101000020E61000009763ED23772B4DC0FD727CDDA65541C0
Angulo AT,"{""type"":""Point"",""coordinates"":[-58.3391803811152,-34.6603842653885]}",0101000020E6100000D32A42436A2B4DC07951BB78875441C0
Angulo AT,"{""type"":""Point"",""coordinates"":[-58.4089686444572,-34.8002740791653]}",0101000020E61000003E84A41559344DC0F9EC8A616F6641C0
Angulo AT,"{""type"":""Point"",""coordinates"":[-58.2660353707745,-34.8209523338758]}",0101000020E6100000288770720D224DC021C950F7146941C0
Angulo AT,"{""type"":""Point"",""coordinates"":[-58.24637810776,-34.84515604586]}",0101000020E6100000CCA35D51891F4DC01A7EC4122E6C41C0
Angulo AT,"{""type"":""Point"",""coordinates"":[-58.2364615282779,-34.840199244467]}",0101000020E61000009F5B115F441E4DC0108E1AA68B6B41C0
Angulo AT,"{""type"":""Point"",""coordinates"":[-58.2359888290423,-34.8403060042958]}",0101000020E6100000A47AC7E1341E4DC0A28AAB258F6B41C0
Angulo AT,"{""type"":""Point"",""coordinates"":[-58.236434405847,-34.8396933238914]}",0101000020E61000008C618C7B431E4DC0386422127B6B41C0
Angulo AT,"{""type"":""Point"",""coordinates"":[-58.230826068741,-34.8344429894301]}",0101000020E61000004D2768B58B1D4DC045FD2207CF6A41C0
Angulo AT,"{""type"":""Point"",""coordinates"":[-58.2478094151233,-34.7676404358898]}",0101000020E61000003ACC0A38B81F4DC0ED9DB30A426241C0
Angulo AT,"{""type"":""Point"",""coordinates"":[-58.2458337212689,-34.7694324660826]}",0101000020E6100000488DB87A771F4DC01A2757C37C6241C0
Angulo AT,"{""type"":""Point"",""coordinates"":[-58.2406532094377,-34.7740601470394]}",0101000020E6100000291B70B9CD1E4DC0EB552467146341C0
Angulo AT,"{""type"":""Point"",""coordinates"":[-58.2394460452109,-34.7753251259854]}",0101000020E61000002EAB022BA61E4DC0E7EF8DDA3D6341C0
Angulo AT,"{""type"":""Point"",""coordinates"":[-58.2395323278331,-34.7754540702524]}",0101000020E61000006130CDFEA81E4DC063A43714426341C0
Angulo AT,"{""type"":""Point"",""coordinates"":[-58.2413598992742,-34.7735051341433]}",0101000020E61000006BF994E1E41E4DC085375B37026341C0
Angulo AT,"{""type"":""Point"",""coordinates"":[-58.2391661194063,-34.7751747307764]}",0101000020E6100000A894D2FE9C1E4DC068AFF2EC386341C0
Angulo AT,"{""type"":""Point"",""coordinates"":[-58.3381325209103,-34.627761068524]}",0101000020E61000000E832BED472B4DC09C8185795A5041C0
Angulo AT,"{""type"":""Point"",""coordinates"":[-58.3334449910935,-34.6432083355301]}",0101000020E61000007CE15153AE2A4DC0E5CE96A6545241C0
Angulo AT,"{""type"":""Point"",""coordinates"":[-58.3009708079385,-34.6729102853785]}",0101000020E6100000BF92203686264DC0DE6B9AEC215641C0
Angulo AT,"{""type"":""Point"",""coordinates"":[-58.2854090130659,-34.6845741715702]}",0101000020E6100000028D544888244DC0454A5F20A05741C0
Angulo AT,"{""type"":""Point"",""coordinates"":[-58.256662611025,-34.6931845524425]}",0101000020E6100000AA3A0852DA204DC0A46A7B45BA5841C0
Angulo AT,"{""type"":""Point"",""coordinates"":[-58.2500182693335,-34.6946487845279]}",0101000020E61000004A18419900204DC073E05940EA5841C0
Angulo AT,"{""type"":""Point"",""coordinates"":[-58.2436228422647,-34.6981125779302]}",0101000020E6100000F30A86082F1F4DC07D91C1C05B5941C0
Angulo AT,"{""type"":""Point"",""coordinates"":[-58.240037949236,-34.7026393726808]}",0101000020E61000003FE24290B91E4DC0DE454316F05941C0
Angulo AT,"{""type"":""Point"",""coordinates"":[-58.235398777459,-34.7067902144677]}",0101000020E6100000315A118C211E4DC0C0220C1A785A41C0
Angulo AT,"{""type"":""Point"",""coordinates"":[-58.231527975147,-34.7111079893142]}",0101000020E6100000C9AE6CB5A21D4DC0AC032B96055B41C0
Angulo AT,"{""type"":""Point"",""coordinates"":[-58.2363041456468,-34.7776254012046]}",0101000020E61000002CBBD8363F1E4DC0365BA93A896341C0
Angulo AT,"{""type"":""Point"",""coordinates"":[-58.2352088239809,-34.7783319063315]}",0101000020E6100000455D9F521B1E4DC040904161A06341C0
Angulo AT,"{""type"":""Point"",""coordinates"":[-58.23587515007,-34.7773780685757]}",0101000020E6100000B1BE2B28311E4DC08594E21F816341C0
Angulo AT,"{""type"":""Point"",""coordinates"":[-58.2250131878575,-34.7927231594539]}",0101000020E610000025826D3BCD1C4DC07051D6F3776541C0
Angulo AT,"{""type"":""Point"",""coordinates"":[-58.2209635253626,-34.7967635238964]}",0101000020E610000048856588481C4DC0F4E3DE58FC6541C0
Angulo AT,"{""type"":""Point"",""coordinates"":[-58.2175730526452,-34.8011483106368]}",0101000020E610000013CD0C6FD91B4DC022B720078C6641C0
Angulo AT,"{""type"":""Point"",""coordinates"":[-58.2164690968151,-34.8039400575747]}",0101000020E610000029B56542B51B4DC01F9DFF81E76641C0
Angulo AT,"{""type"":""Point"",""coordinates"":[-58.2139925832195,-34.8084289252983]}",0101000020E6100000D841E51B641B4DC0FDA559997A6741C0
Angulo AT,"{""type"":""Point"",""coordinates"":[-58.2135001259681,-34.8088365573256]}",0101000020E6100000CA5CDDF8531B4DC0E6C2D0F4876741C0
Angulo AT,"{""type"":""Point"",""coordinates"":[-58.2093197417818,-34.8108919629712]}",0101000020E61000001BAE42FDCA1A4DC07FC6CE4ECB6741C0
Angulo AT,"{""type"":""Point"",""coordinates"":[-58.2020289034815,-34.8126796520918]}",0101000020E610000065A64615DC194DC0F1ED07E3056841C0
Angulo AT,"{""type"":""Point"",""coordinates"":[-58.1996179814273,-34.8142337784232]}",0101000020E610000044F6FE148D194DC026D0FCCF386841C0
Angulo AT,"{""type"":""Point"",""coordinates"":[-58.2024756283338,-34.8205579981591]}",0101000020E61000001DF7ACB8EA194DC04648630B086941C0
Angulo AT,"{""type"":""Point"",""coordinates"":[-58.1989676402501,-34.8150683016852]}",0101000020E610000010EB89C577194DC041DF7928546841C0
Angulo AT,"{""type"":""Point"",""coordinates"":[-58.1995788646373,-34.8165269545532]}",0101000020E61000007F4BDCCC8B194DC0E40D8BF4836841C0
Angulo AT,"{""type"":""Point"",""coordinates"":[-58.4601738373029,-34.7514570020383]}",0101000020E61000006FD8EEF9E63A4DC0640D38BE2F6041C0
Angulo AT,"{""type"":""Point"",""coordinates"":[-58.4600071443687,-34.751383470175]}",0101000020E6100000B27E9C83E13A4DC00E9463552D6041C0
Angulo AT,"{""type"":""Point"",""coordinates"":[-58.4599826231961,-34.7514068853631]}",0101000020E610000085ADE9B5E03A4DC0D34FCF192E6041C0
Angulo AT,"{""type"":""Point"",""coordinates"":[-58.4422976566582,-34.8334466316249]}",0101000020E6100000E738A9359D384DC02AE51461AE6A41C0
Angulo AT,"{""type"":""Point"",""coordinates"":[-58.461473813139,-34.8382398016815]}",0101000020E61000003FB2EB92113B4DC0BA361B714B6B41C0
Angulo AT,"{""type"":""Point"",""coordinates"":[-58.4618926767421,-34.8381559315711]}",0101000020E6100000436F9A4C1F3B4DC0E8858DB1486B41C0
Angulo AT,"{""type"":""Point"",""coordinates"":[-58.468241361766,-34.8397499261833]}",0101000020E6100000B7B53B55EF3B4DC04AE3F2EC7C6B41C0
Angulo AT,"{""type"":""Point"",""coordinates"":[-58.4833732628248,-34.8384037550466]}",0101000020E6100000EECBD12CDF3D4DC0676272D0506B41C0
Angulo AT,"{""type"":""Point"",""coordinates"":[-58.4853800408621,-34.8366745605051]}",0101000020E610000026D1E4EE203E4DC0E161E926186B41C0
Angulo AT,"{""type"":""Point"",""coordinates"":[-58.4856894313868,-34.8361656634399]}",0101000020E6100000D6E83F122B3E4DC09D41F979076B41C0
Angulo AT,"{""type"":""Point"",""coordinates"":[-58.4906125363187,-34.8354494496441]}",0101000020E6100000853F3F64CC3E4DC05CD7EF01F06A41C0
Angulo AT,"{""type"":""Point"",""coordinates"":[-58.48487452696,-34.8391760827387]}",0101000020E61000006EFA555E103E4DC06279331F6A6B41C0
Angulo AT,"{""type"":""Point"",""coordinates"":[-58.4846766704373,-34.8390813817965]}",0101000020E6100000C25498E2093E4DC0CEBFCA04676B41C0
Angulo AT,"{""type"":""Point"",""coordinates"":[-58.4839950593332,-34.8387609383671]}",0101000020E610000085A1D38CF33D4DC072B9B7845C6B41C0
Angulo AT,"{""type"":""Point"",""coordinates"":[-58.4724942147454,-34.8489896041662]}",0101000020E6100000BDF0BFB07A3C4DC0D144FCB0AB6C41C0
Angulo AT,"{""type"":""Point"",""coordinates"":[-58.4722370498208,-34.849088261605]}",0101000020E610000048787E43723C4DC0638195ECAE6C41C0
Angulo AT,"{""type"":""Point"",""coordinates"":[-58.7162139306667,-34.9126596413204]}",0101000020E61000009B93E8E5AC5B4DC0CFECF707D27441C0
Angulo AT,"{""type"":""Point"",""coordinates"":[-58.7134881269452,-34.9146146718617]}",0101000020E61000002FA83594535B4DC0420BF417127541C0
Angulo AT,"{""type"":""Point"",""coordinates"":[-58.5730019162564,-34.9358593894783]}",0101000020E6100000E86E752058494DC064BB8F3DCA7741C0
Angulo AT,"{""type"":""Point"",""coordinates"":[-58.7133287359054,-34.9144591657416]}",0101000020E61000005901245B4E5B4DC0A13179FF0C7541C0
Angulo AT,"{""type"":""Point"",""coordinates"":[-58.7192767859501,-34.9112473455042]}",0101000020E6100000C1360043115C4DC0F4C0C5C0A37441C0
Angulo AT,"{""type"":""Point"",""coordinates"":[-58.718582623733,-34.9106977053861]}",0101000020E61000002334F283FA5B4DC07F960EBE917441C0
Angulo AT,"{""type"":""Point"",""coordinates"":[-58.6101694060604,-34.9010784693834]}",0101000020E61000004906F6071A4E4DC0D0900E8A567341C0
Angulo AT,"{""type"":""Point"",""coordinates"":[-58.6080912899966,-34.9038199143233]}",0101000020E610000049C275EFD54D4DC0FABEF65EB07341C0
Angulo AT,"{""type"":""Point"",""coordinates"":[-58.6406178216171,-34.9262704711914]}",0101000020E6100000408AC8C3FF514DC04682E207907641C0
Angulo AT,"{""type"":""Point"",""coordinates"":[-58.6217824273041,-34.9065707697958]}",0101000020E6100000CD3F0B91964F4DC030E4CF820A7441C0
Angulo AT,"{""type"":""Point"",""coordinates"":[-58.6206187296934,-34.906886470069]}",0101000020E6100000B5A83D6F704F4DC0D11019DB147441C0
Angulo AT,"{""type"":""Point"",""coordinates"":[-58.6199147392798,-34.9069175008628]}",0101000020E6100000EEC1BD5D594F4DC0143067DF157441C0
Angulo AT,"{""type"":""Point"",""coordinates"":[-58.6174481793943,-34.9048492077811]}",0101000020E610000096BCBC8A084F4DC0A19D4D19D27341C0
Angulo AT,"{""type"":""Point"",""coordinates"":[-58.7454762760493,-35.0513669619243]}",0101000020E6100000A7C940C46B5F4DC0AAC74E31938641C0
Angulo AT,"{""type"":""Point"",""coordinates"":[-58.5120906020731,-34.9094260075907]}",0101000020E61000001E3F522F8C414DC0F45D4812687441C0
Angulo AT,"{""type"":""Point"",""coordinates"":[-58.6901105650205,-34.9747598470624]}",0101000020E610000090B1018B55584DC0234B40EEC47C41C0
Angulo AT,"{""type"":""Point"",""coordinates"":[-58.7192805522036,-34.9109354366671]}",0101000020E6100000822E9862115C4DC051A04A88997441C0
Angulo AT,"{""type"":""Point"",""coordinates"":[-58.7139032862838,-34.9147859620517]}",0101000020E6100000458CD12E615B4DC00CEDD6B4177541C0
Angulo AT,"{""type"":""Point"",""coordinates"":[-58.6628433470814,-34.9231033960496]}",0101000020E6100000F50A010DD8544DC0036E8840287641C0
Angulo AT,"{""type"":""Point"",""coordinates"":[-58.2243742600903,-34.877667686832]}",0101000020E61000007893B64BB81C4DC084D92D6A577041C0
Angulo AT,"{""type"":""Point"",""coordinates"":[-58.2209676824506,-34.9274909362037]}",0101000020E610000091CC44AB481C4DC0622AE305B87641C0
Angulo AT,"{""type"":""Point"",""coordinates"":[-58.4867518866092,-34.8427551631955]}",0101000020E61000006120C5E24D3E4DC0DC3AB466DF6B41C0
Angulo AT,"{""type"":""Point"",""coordinates"":[-58.4862990315489,-34.839931500387]}",0101000020E61000001C4AF20B3F3E4DC06B851AE0826B41C0
Angulo AT,"{""type"":""Point"",""coordinates"":[-58.4852449319838,-34.8352461087993]}",0101000020E6100000C5B584811C3E4DC0BDB33058E96A41C0
Angulo AT,"{""type"":""Point"",""coordinates"":[-58.4908312233205,-34.8297477388468]}",0101000020E61000003B02BA8ED33E4DC07523852C356A41C0
Angulo AT,"{""type"":""Point"",""coordinates"":[-58.4921909941328,-34.8275419339686]}",0101000020E6100000CD974F1D003F4DC0553BE3E4EC6941C0
Angulo AT,"{""type"":""Point"",""coordinates"":[-58.4912461798499,-34.828915462118]}",0101000020E6100000BD5EA227E13E4DC00479E0E6196A41C0
Angulo AT,"{""type"":""Point"",""coordinates"":[-58.4951096033548,-34.8260195739113]}",0101000020E61000001C2C61C05F3F4DC004E76702BB6941C0
Angulo AT,"{""type"":""Point"",""coordinates"":[-58.4968402257242,-34.8233255699137]}",0101000020E61000005269E475983F4DC0B85E76BB626941C0
Angulo AT,"{""type"":""Point"",""coordinates"":[-58.4973154449836,-34.8209250321637]}",0101000020E61000000D005208A83F4DC032CE4A12146941C0
Angulo AT,"{""type"":""Point"",""coordinates"":[-58.4989446462149,-34.8179491749836]}",0101000020E6100000E8000D6BDD3F4DC0222CFE8EB26841C0
Angulo AT,"{""type"":""Point"",""coordinates"":[-58.4987682686618,-34.8692828095084]}",0101000020E6100000AF177DA3D73F4DC020E8BAA8446F41C0
Angulo AT,"{""type"":""Point"",""coordinates"":[-58.4846367398813,-34.8562909678268]}",0101000020E6100000751DA293083E4DC0905643F19A6D41C0
Angulo AT,"{""type"":""Point"",""coordinates"":[-58.488416601793,-34.8503508992347]}",0101000020E61000001CC3696F843E4DC02D2B5B4CD86C41C0
Angulo AT,"{""type"":""Point"",""coordinates"":[-58.4878938455717,-34.8471034445708]}",0101000020E61000003353374E733E4DC05D61BBE26D6C41C0
Angulo AT,"{""type"":""Point"",""coordinates"":[-58.2921707765013,-34.6895889434037]}",0101000020E6100000BFF51CDA65254DC013CD5373445841C0
Angulo AT,"{""type"":""Point"",""coordinates"":[-58.5900637308732,-34.9426943223259]}",0101000020E6100000F8535535874B4DC0D9412235AA7841C0
Angulo AT,"{""type"":""Point"",""coordinates"":[-58.5020406205971,-34.8043611822566]}",0101000020E6100000385DF7DD42404DC069FBA54EF56641C0
Angulo AT,"{""type"":""Point"",""coordinates"":[-58.6509052511228,-34.9468254022774]}",0101000020E6100000F92EFFDC50534DC0D2E62493317941C0
Angulo AT,"{""type"":""Point"",""coordinates"":[-58.6324204391177,-34.9532980850215]}",0101000020E610000094AA2727F3504DC0D740F1AB057A41C0
Angulo AT,"{""type"":""Point"",""coordinates"":[-58.2724777371467,-34.7581596141433]}",0101000020E61000006EF7EC8CE0224DC063F2CD5F0B6141C0
Angulo AT,"{""type"":""Point"",""coordinates"":[-58.2752243187003,-34.7402290047414]}",0101000020E6100000DDF0EB8C3A234DC02375F3D2BF5E41C0
Angulo AT,"{""type"":""Point"",""coordinates"":[-58.2751468277176,-34.7402441435573]}",0101000020E61000009152E10238234DC032D1F151C05E41C0
Angulo AT,"{""type"":""Point"",""coordinates"":[-58.2617896796546,-34.7523862580065]}",0101000020E61000000246005382214DC07E0C62314E6041C0
Angulo AT,"{""type"":""Point"",""coordinates"":[-58.2607865540351,-34.7527681850231]}",0101000020E610000099682C7461214DC05D1238B55A6041C0
Angulo AT,"{""type"":""Point"",""coordinates"":[-58.2611169587504,-34.7517900446623]}",0101000020E6100000C721CF476C214DC03BA4FBA73A6041C0
Angulo AT,"{""type"":""Point"",""coordinates"":[-58.2164978905266,-34.8374701638817]}",0101000020E61000007DBBEF33B61B4DC0AD9FEA38326B41C0
Angulo AT,"{""type"":""Point"",""coordinates"":[-58.2153093407828,-34.8372129472922]}",0101000020E6100000C297A8418F1B4DC02F343ACB296B41C0
Angulo AT,"{""type"":""Point"",""coordinates"":[-58.2043186229679,-34.8264197854169]}",0101000020E61000002CCED51C271A4DC0FD909F1FC86941C0
Angulo AT,"{""type"":""Point"",""coordinates"":[-58.2159542179349,-34.8369930250503]}",0101000020E610000055BB4763A41B4DC01BC96296226B41C0
Angulo AT,"{""type"":""Point"",""coordinates"":[-58.2158638711938,-34.8372176046533]}",0101000020E61000002395656DA11B4DC085CF4BF2296B41C0
Angulo AT,"{""type"":""Point"",""coordinates"":[-58.2046701745654,-34.8262355762295]}",0101000020E6100000CF1CDDA1321A4DC040595D16C26941C0
Angulo AT,"{""type"":""Point"",""coordinates"":[-58.2048785563817,-34.8261373767229]}",0101000020E6100000D0A7E575391A4DC096839BDEBE6941C0
Angulo AT,"{""type"":""Point"",""coordinates"":[-58.2276341015987,-34.7173187529304]}",0101000020E61000000CE93E1D231D4DC06152D419D15B41C0
Angulo AT,"{""type"":""Point"",""coordinates"":[-58.2137512922339,-34.7322374708313]}",0101000020E6100000A6CFCC335C1B4DC021101BF5B95D41C0
Angulo AT,"{""type"":""Point"",""coordinates"":[-58.4714335143422,-34.7365676134718]}",0101000020E61000004C2BF3EE573C4DC0BA93F9D8475E41C0
Angulo AT,"{""type"":""Point"",""coordinates"":[-58.4691094983841,-34.7393155442258]}",0101000020E6100000C4E6B0C70B3C4DC0E9EF49E4A15E41C0
Angulo AT,"{""type"":""Point"",""coordinates"":[-58.4837844822958,-34.7780122270397]}",0101000020E6100000EBE260A6EC3D4DC0088397E7956341C0
Angulo AT,"{""type"":""Point"",""coordinates"":[-58.4696246424196,-34.7708530453199]}",0101000020E6100000424B08A91C3C4DC0E6D50550AB6241C0
Angulo AT,"{""type"":""Point"",""coordinates"":[-58.4832992388008,-34.7274891232693]}",0101000020E61000005C6ADCBFDC3D4DC09751145D1E5D41C0
Angulo AT,"{""type"":""Point"",""coordinates"":[-58.4826233183098,-34.7241361624001]}",0101000020E6100000BB36D499C63D4DC004AE677EB05C41C0
Angulo AT,"{""type"":""Point"",""coordinates"":[-58.4693934497995,-34.7119558446633]}",0101000020E610000037ECA515153C4DC02E837E5E215B41C0
Angulo AT,"{""type"":""Point"",""coordinates"":[-58.4973560854217,-34.7854161431828]}",0101000020E610000022AD3C5DA93F4DC0385C2484886441C0
Angulo AT,"{""type"":""Point"",""coordinates"":[-58.4577768544307,-34.6992676596226]}",0101000020E6100000A652956E983A4DC05D9D489A815941C0
Angulo AT,"{""type"":""Point"",""coordinates"":[-58.4467059901152,-34.6865889456987]}",0101000020E6100000673C71A92D394DC017C98525E25741C0
Angulo AT,"{""type"":""Point"",""coordinates"":[-58.1856342382015,-34.7536572318854]}",0101000020E6100000ED0BDBDCC2174DC0C0AB15D7776041C0
Angulo AT,"{""type"":""Point"",""coordinates"":[-58.1690648995431,-34.7662639043952]}",0101000020E610000037382BEBA3154DC0C3BD84EF146241C0
Angulo AT,"{""type"":""Point"",""coordinates"":[-58.4056809198094,-34.8379358772847]}",0101000020E6100000A898355AED334DC09E8A9A7B416B41C0
Angulo AT,"{""type"":""Point"",""coordinates"":[-58.4025667097993,-34.8375381605258]}",0101000020E6100000E885524E87334DC0194E5073346B41C0
Angulo AT,"{""type"":""Point"",""coordinates"":[-58.4015521864522,-34.8377589442739]}",0101000020E61000008F39E20F66334DC039CB61AF3B6B41C0
Angulo AT,"{""type"":""Point"",""coordinates"":[-58.4045896013957,-34.8379857371604]}",0101000020E6100000E6259197C9334DC024CFDB1D436B41C0
Angulo AT,"{""type"":""Point"",""coordinates"":[-58.4599666849991,-34.751436478599]}",0101000020E610000012A93630E03A4DC04D4D0E122F6041C0
Angulo AT,"{""type"":""Point"",""coordinates"":[-58.4612785748518,-34.7518224012347]}",0101000020E6100000B9AA242D0B3B4DC006DA68B73B6041C0
Angulo AT,"{""type"":""Point"",""coordinates"":[-58.4620799642549,-34.7517165264027]}",0101000020E6100000454EAF6F253B4DC09661443F386041C0
Anclaje AT,"{""type"":""Point"",""coordinates"":[-58.4674142343081,-34.8408870076463]}",0101000020E6100000DF04C93AD43B4DC074BC7A2FA26B41C0
Anclaje AT,"{""type"":""Point"",""coordinates"":[-58.4322592642937,-34.8324184604705]}",0101000020E610000064C4854554374DC0562728B08C6A41C0
Anclaje AT,"{""type"":""Point"",""coordinates"":[-58.4298910699241,-34.8350874178888]}",0101000020E61000004C15ABAB06374DC01991FE24E46A41C0
Anclaje AT,"{""type"":""Point"",""coordinates"":[-58.430013887992,-34.8349872064466]}",0101000020E61000002CE0F0B10A374DC018225CDCE06A41C0
Anclaje AT,"{""type"":""Point"",""coordinates"":[-58.4220072602995,-34.8311624647097]}",0101000020E61000009CD47A5504364DC0A3CB1988636A41C0
Anclaje AT,"{""type"":""Point"",""coordinates"":[-58.4203008364782,-34.8330588926304]}",0101000020E6100000E293F56ACC354DC0ACBE7DACA16A41C0
Anclaje AT,"{""type"":""Point"",""coordinates"":[-58.4204323672496,-34.8330103806242]}",0101000020E610000024C251BAD0354DC03A018B15A06A41C0
Anclaje AT,"{""type"":""Point"",""coordinates"":[-58.4153840537685,-34.8305619366585]}",0101000020E61000009C1BFF4D2B354DC01AA081DA4F6A41C0
Anclaje AT,"{""type"":""Point"",""coordinates"":[-58.4151815131136,-34.8306102724855]}",0101000020E6100000FE5CF6AA24354DC00506FA6F516A41C0
Anclaje AT,"{""type"":""Point"",""coordinates"":[-58.4089860277602,-34.8343348449346]}",0101000020E610000027E076A759344DC02174F47BCB6A41C0
Anclaje AT,"{""type"":""Point"",""coordinates"":[-58.408081145703,-34.8344664878302]}",0101000020E61000004874C3003C344DC05F6B41CCCF6A41C0
Anclaje AT,"{""type"":""Point"",""coordinates"":[-58.4018616991863,-34.835381733419]}",0101000020E610000092C2433470334DC0EE5AE4C9ED6A41C0
Anclaje AT,"{""type"":""Point"",""coordinates"":[-58.4004135703165,-34.8355905314792]}",0101000020E610000026B17AC040334DC074C66AA1F46A41C0
Anclaje AT,"{""type"":""Point"",""coordinates"":[-58.3881821067784,-34.8352741726284]}",0101000020E6100000B3C086F3AF314DC0F8509B43EA6A41C0
Anclaje AT,"{""type"":""Point"",""coordinates"":[-58.3864921584761,-34.8377637364603]}",0101000020E61000005E68369378314DC093EF94D73B6B41C0
Anclaje AT,"{""type"":""Point"",""coordinates"":[-58.3864082918696,-34.8377908546519]}",0101000020E6100000DC3DB0D375314DC018CF10BB3C6B41C0
Anclaje AT,"{""type"":""Point"",""coordinates"":[-58.417498657139,-34.8280708551019]}",0101000020E61000009B44939870354DC07DB7CC39FE6941C0
Anclaje AT,"{""type"":""Point"",""coordinates"":[-58.4098040751915,-34.8243444537861]}",0101000020E6100000805BBE7574344DC03BD37A1E846941C0
Anclaje AT,"{""type"":""Point"",""coordinates"":[-58.4089526732618,-34.8239108453688]}",0101000020E6100000B8A2AA8F58344DC0E4D61BE9756941C0
Anclaje AT,"{""type"":""Point"",""coordinates"":[-58.4081368940727,-34.8234853302401]}",0101000020E6100000A52A6AD43D344DC0F40EA1F7676941C0
Anclaje AT,"{""type"":""Point"",""coordinates"":[-58.4235911567054,-34.8239399779688]}",0101000020E61000005B762A3C38364DC01B9F7DDD766941C0
Anclaje AT,"{""type"":""Point"",""coordinates"":[-58.4233797685514,-34.8239720876124]}",0101000020E6100000ADDBE94E31364DC05D8ED8EA776941C0
Anclaje AT,"{""type"":""Point"",""coordinates"":[-58.4421680009077,-34.8333445638555]}",0101000020E61000003D9E07F698384DC08107E008AB6A41C0
Anclaje AT,"{""type"":""Point"",""coordinates"":[-58.3867881250496,-34.8372838030366]}",0101000020E6100000DFC8F54582314DC09FC19B1D2C6B41C0
Anclaje AT,"{""type"":""Point"",""coordinates"":[-58.2001019192547,-34.8132623715803]}",0101000020E61000006F888FF09C194DC098803CFB186841C0
Anclaje AT,"{""type"":""Point"",""coordinates"":[-58.2090888088691,-34.8007752351395]}",0101000020E6100000B9060E6CC31A4DC07D2F8BCD7F6641C0
Anclaje AT,"{""type"":""Point"",""coordinates"":[-58.2333338335063,-34.7460393410654]}",0101000020E6100000DBFA0FE2DD1D4DC0E4B395377E5F41C0
Anclaje AT,"{""type"":""Point"",""coordinates"":[-58.233282825039,-34.7460138507682]}",0101000020E610000067212C36DC1D4DC0C7B4C1617D5F41C0
Anclaje AT,"{""type"":""Point"",""coordinates"":[-58.3444506621953,-34.8096641074669]}",0101000020E6100000729B94F5162C4DC05D28CF12A36741C0
Anclaje AT,"{""type"":""Point"",""coordinates"":[-58.3808012031574,-34.8270220384912]}",0101000020E610000059EB0418BE304DC00A32B0DBDB6941C0
Anclaje AT,"{""type"":""Point"",""coordinates"":[-58.3840675334352,-34.8288051015839]}",0101000020E61000009AC7FB1F29314DC0CD071B49166A41C0
Anclaje AT,"{""type"":""Point"",""coordinates"":[-58.3841591359465,-34.8367892658872]}",0101000020E6100000C4AC66202C314DC0945021E91B6B41C0
Anclaje AT,"{""type"":""Point"",""coordinates"":[-58.3835219928515,-34.8361046558687]}",0101000020E61000000A4CA83F17314DC0AA7E347A056B41C0
Anclaje AT,"{""type"":""Point"",""coordinates"":[-58.384024264762,-34.8357968164255]}",0101000020E6100000F70205B527314DC0FF52DC63FB6A41C0
Anclaje AT,"{""type"":""Point"",""coordinates"":[-58.3872034600167,-34.8371621235857]}",0101000020E6100000BFD50AE28F314DC00D20E320286B41C0
Anclaje AT,"{""type"":""Point"",""coordinates"":[-58.388733470003,-34.8296812045178]}",0101000020E6100000FD42B204C2314DC041C163FE326A41C0
Anclaje AT,"{""type"":""Point"",""coordinates"":[-58.3904583796927,-34.829634905528]}",0101000020E6100000609D498AFA314DC0716E017A316A41C0
Anclaje AT,"{""type"":""Point"",""coordinates"":[-58.3983474981885,-34.8302921231954]}",0101000020E6100000E494020DFD324DC01CA02503476A41C0
Anclaje AT,"{""type"":""Point"",""coordinates"":[-58.5167992903518,-34.9256435407801]}",0101000020E61000001B54A97A26424DC0BEB3CF7C7B7641C0
Anclaje AT,"{""type"":""Point"",""coordinates"":[-58.404091734567,-34.8382530087374]}",0101000020E610000051462847B9334DC07A26E5DF4B6B41C0
Anclaje AT,"{""type"":""Point"",""coordinates"":[-58.2213456967435,-34.7398364280102]}",0101000020E6100000D74F480E551C4DC0C258C7F5B25E41C0
Anclaje AT,"{""type"":""Point"",""coordinates"":[-58.282327488428,-34.7302614431651]}",0101000020E6100000AAC7A04E23244DC03DF6FB34795D41C0
Anclaje AT,"{""type"":""Point"",""coordinates"":[-58.3322618422381,-34.7473337629134]}",0101000020E6100000850F598E872A4DC07574FBA1A85F41C0
Anclaje AT,"{""type"":""Point"",""coordinates"":[-58.3040290807647,-34.8009056496078]}",0101000020E61000006875C76CEA264DC0A11F8A13846641C0
Anclaje AT,"{""type"":""Point"",""coordinates"":[-58.3004406961924,-34.8022810813862]}",0101000020E61000004F443AD774264DC069607F25B16641C0
Anclaje AT,"{""type"":""Point"",""coordinates"":[-58.2929368233741,-34.8105487040765]}",0101000020E6100000D1172EF47E254DC071E9570FC06741C0
Anclaje AT,"{""type"":""Point"",""coordinates"":[-58.2924734697399,-34.8112901416693]}",0101000020E61000007FBD49C56F254DC0BC04F95AD86741C0
Anclaje AT,"{""type"":""Point"",""coordinates"":[-58.2784611395603,-34.8183947387783]}",0101000020E610000024CF579DA4234DC0BF22A728C16841C0
Anclaje AT,"{""type"":""Point"",""coordinates"":[-58.2779546299045,-34.8190512907439]}",0101000020E6100000119B6E0494234DC0EDBE35ACD66841C0
Anclaje AT,"{""type"":""Point"",""coordinates"":[-58.2692524000817,-34.8189420857779]}",0101000020E6100000355CD6DC76224DC0F3DD2118D36841C0
Anclaje AT,"{""type"":""Point"",""coordinates"":[-58.2696756721273,-34.8163700906159]}",0101000020E61000001F2880BB84224DC05C50ACD07E6841C0
Anclaje AT,"{""type"":""Point"",""coordinates"":[-58.2735875406948,-34.8211370926189]}",0101000020E61000004BF0A1EA04234DC0512A2F051B6941C0
Anclaje AT,"{""type"":""Point"",""coordinates"":[-58.4083905376557,-34.8060957475994]}",0101000020E6100000189D212446344DC02AB13C252E6741C0
Anclaje AT,"{""type"":""Point"",""coordinates"":[-58.4082597186286,-34.8062880693126]}",0101000020E61000005AE4BDDA41344DC01F6D8C72346741C0
Anclaje AT,"{""type"":""Point"",""coordinates"":[-58.4068472968232,-34.8242324844412]}",0101000020E610000031297D9213344DC0EA7C3673806941C0
Anclaje AT,"{""type"":""Point"",""coordinates"":[-58.4159817164033,-34.8116408463883]}",0101000020E6100000D5D78DE33E354DC0EFAAE5D8E36741C0
Anclaje AT,"{""type"":""Point"",""coordinates"":[-58.4076539410158,-34.8056342089683]}",0101000020E6100000CF5F1C012E344DC0650792051F6741C0
Anclaje AT,"{""type"":""Point"",""coordinates"":[-58.2946193207484,-34.6873033997562]}",0101000020E610000027B1FD15B6254DC0F930CC8EF95741C0
Anclaje AT,"{""type"":""Point"",""coordinates"":[-58.3230340493763,-34.6817772290499]}",0101000020E610000061C8022E59294DC0A6F6EA79445741C0
Anclaje AT,"{""type"":""Point"",""coordinates"":[-58.3092080493741,-34.6921511266898]}",0101000020E61000005CDC1D2194274DC0DE827A68985841C0
Anclaje AT,"{""type"":""Point"",""coordinates"":[-58.3056777183219,-34.6949965500293]}",0101000020E610000082A78D7220274DC0B89A9EA5F55841C0
Anclaje AT,"{""type"":""Point"",""coordinates"":[-58.3038430300762,-34.6978187995708]}",0101000020E6100000B6A51254E4264DC064585D20525941C0
Anclaje AT,"{""type"":""Point"",""coordinates"":[-58.3036752487068,-34.6989923850149]}",0101000020E610000077E69ED4DE264DC05CE51C95785941C0
Anclaje AT,"{""type"":""Point"",""coordinates"":[-58.2985588735398,-34.7070982763707]}",0101000020E610000058E45A2D37264DC0F7084232825A41C0
Anclaje AT,"{""type"":""Point"",""coordinates"":[-58.2962627636938,-34.708965256984]}",0101000020E6100000358B30F0EB254DC08F5FA05FBF5A41C0
Anclaje AT,"{""type"":""Point"",""coordinates"":[-58.244405935431,-34.7139428805717]}",0101000020E6100000F4CF95B1481F4DC040A2F57A625B41C0
Anclaje AT,"{""type"":""Point"",""coordinates"":[-58.2322957033684,-34.719164501066]}",0101000020E6100000F97B98DDBB1D4DC0E34216950D5C41C0
Anclaje AT,"{""type"":""Point"",""coordinates"":[-58.2763261311707,-34.7607238514818]}",0101000020E6100000463498A75E234DC05FB32F665F6141C0
Anclaje AT,"{""type"":""Point"",""coordinates"":[-58.2747804978706,-34.7623785087673]}",0101000020E61000006BF7E1012C234DC01D2A759E956141C0
Anclaje AT,"{""type"":""Point"",""coordinates"":[-58.2724476266099,-34.7585697548578]}",0101000020E6100000C8145790DF224DC0AD6C50D0186141C0
Anclaje AT,"{""type"":""Point"",""coordinates"":[-58.3330150895757,-34.6561669033233]}",0101000020E6100000A9660B3DA02A4DC0DC3EEF46FD5341C0
Anclaje AT,"{""type"":""Point"",""coordinates"":[-58.3328402473253,-34.6563536773955]}",0101000020E6100000FC865C829A2A4DC0F682B565035441C0
Anclaje AT,"{""type"":""Point"",""coordinates"":[-58.2979936663492,-34.6946447568776]}",0101000020E610000044B10DA824264DC04590901EEA5841C0
Anclaje AT,"{""type"":""Point"",""coordinates"":[-58.3102407116079,-34.6910861552189]}",0101000020E6100000331FB7F7B5274DC016B1D982755841C0
Anclaje AT,"{""type"":""Point"",""coordinates"":[-58.289851742028,-34.7202599154108]}",0101000020E61000007A59A4DC19254DC097A7167A315C41C0
Anclaje AT,"{""type"":""Point"",""coordinates"":[-58.4122152946179,-34.7958031395518]}",0101000020E6100000C0A58478C3344DC0EC3695E0DC6541C0
Anclaje AT,"{""type"":""Point"",""coordinates"":[-58.2762276266262,-34.7406800565798]}",0101000020E61000003E4E476D5B234DC0A5E7A59ACE5E41C0
Anclaje AT,"{""type"":""Point"",""coordinates"":[-58.4578062695781,-34.8437335333281]}",0101000020E6100000F4DE5565993A4DC06517DE75FF6B41C0
Anclaje AT,"{""type"":""Point"",""coordinates"":[-58.3656922906791,-34.8211363866427]}",0101000020E6100000DE6E4601CF2E4DC0D61743FF1A6941C0
Anclaje AT,"{""type"":""Point"",""coordinates"":[-58.4102141765168,-34.8018339450592]}",0101000020E6100000623FECE581344DC00C6DA57EA26641C0
Anclaje AT,"{""type"":""Point"",""coordinates"":[-58.337901943845,-34.6702680450468]}",0101000020E6100000D708F35E402B4DC0D583E257CB5541C0
Anclaje AT,"{""type"":""Point"",""coordinates"":[-58.3391806960941,-34.6694097429155]}",0101000020E61000004D94E6456A2B4DC00EB9EC37AF5541C0
Anclaje AT,"{""type"":""Point"",""coordinates"":[-58.3342481832822,-34.6730812350061]}",0101000020E6100000E8F8FBA4C82A4DC07FF3A186275641C0
Anclaje AT,"{""type"":""Point"",""coordinates"":[-58.3277847683208,-34.6780238399844]}",0101000020E61000005108EED9F4294DC01152357CC95641C0
Anclaje AT,"{""type"":""Point"",""coordinates"":[-58.3241650606854,-34.6808820389488]}",0101000020E61000002C139F3D7E294DC003DC8424275741C0
Anclaje AT,"{""type"":""Point"",""coordinates"":[-58.3221714224612,-34.6824604500643]}",0101000020E6100000A196C5E93C294DC07CEB30DD5A5741C0
Anclaje AT,"{""type"":""Point"",""coordinates"":[-58.3038209769645,-34.6980449711649]}",0101000020E61000005BF3139BE3264DC03625A189595941C0
Anclaje AT,"{""type"":""Point"",""coordinates"":[-58.1687339470507,-34.9667737199465]}",0101000020E61000006127F01299154DC0B7E6C23DBF7B41C0
Anclaje AT,"{""type"":""Point"",""coordinates"":[-58.2058869734802,-34.8274336655215]}",0101000020E610000090E21C815A1A4DC01D83AA58E96941C0
Anclaje AT,"{""type"":""Point"",""coordinates"":[-58.2052420619231,-34.8276447705317]}",0101000020E610000093DC335F451A4DC0C7118B43F06941C0
Anclaje AT,"{""type"":""Point"",""coordinates"":[-58.1876702205791,-34.8383855926146]}",0101000020E610000005E9E99305184DC0D0DB1638506B41C0
Anclaje AT,"{""type"":""Point"",""coordinates"":[-58.2333543967303,-34.7461275643652]}",0101000020E6100000CC2A8F8EDE1D4DC0D8CBA71B815F41C0
Anclaje AT,"{""type"":""Point"",""coordinates"":[-58.2339619428266,-34.7451387112995]}",0101000020E610000078790677F21D4DC0EA018EB4605F41C0
Anclaje AT,"{""type"":""Point"",""coordinates"":[-58.2340537819126,-34.7451074838002]}",0101000020E6100000F0686D79F51D4DC0A47699AE5F5F41C0
Anclaje AT,"{""type"":""Point"",""coordinates"":[-58.2101858785584,-34.799627380672]}",0101000020E6100000A63EF15EE71A4DC0747CA4305A6641C0
Anclaje AT,"{""type"":""Point"",""coordinates"":[-58.2108775663547,-34.7989768193249]}",0101000020E61000000B7A3D09FE1A4DC0A2A156DF446641C0
Anclaje AT,"{""type"":""Point"",""coordinates"":[-58.2055427467354,-34.8072045735929]}",0101000020E6100000469487394F1A4DC0A961BE7A526741C0
Anclaje AT,"{""type"":""Point"",""coordinates"":[-58.2005671053636,-34.8186922435948]}",0101000020E61000005618D32EAC194DC046DD4DE8CA6841C0
Anclaje AT,"{""type"":""Point"",""coordinates"":[-58.225569237173,-34.779471398959]}",0101000020E61000002152E873DF1C4DC0195903B8C56341C0
Anclaje AT,"{""type"":""Point"",""coordinates"":[-58.1987256090658,-34.8150652160832]}",0101000020E610000057E83BD76F194DC09E97970E546841C0
Anclaje AT,"{""type"":""Point"",""coordinates"":[-58.3977140180855,-34.8359490705213]}",0101000020E6100000416BFE4AE8324DC059810F61006B41C0
Anclaje AT,"{""type"":""Point"",""coordinates"":[-58.3959397777007,-34.8361939109405]}",0101000020E610000082349627AE324DC04C4DEE66086B41C0
Anclaje AT,"{""type"":""Point"",""coordinates"":[-58.3906943533326,-34.8356786738283]}",0101000020E6100000D025C74502324DC04F07CF84F76A41C0
Anclaje AT,"{""type"":""Point"",""coordinates"":[-58.3892900153613,-34.8354529298477]}",0101000020E610000067515641D4314DC08985211FF06A41C0
Anclaje AT,"{""type"":""Point"",""coordinates"":[-58.3883920744067,-34.8352084136726]}",0101000020E61000001DCDDCD4B6314DC0B508FB1BE86A41C0
Anclaje AT,"{""type"":""Point"",""coordinates"":[-58.4939811252966,-34.9175572980558]}",0101000020E6100000BBFE04C63A3F4DC088AD7D84727541C0
Anclaje AT,"{""type"":""Point"",""coordinates"":[-58.4598802251315,-34.903510448332]}",0101000020E61000002582EF5ADD3A4DC01397F93AA67341C0
Anclaje AT,"{""type"":""Point"",""coordinates"":[-58.4575664945664,-34.9023191510538]}",0101000020E610000038F4F489913A4DC04F2AA6317F7341C0
Anclaje AT,"{""type"":""Point"",""coordinates"":[-58.4051855712939,-34.8396489511229]}",0101000020E610000060C2EC1EDD334DC0C898E89D796B41C0
Anclaje AT,"{""type"":""Point"",""coordinates"":[-58.5055033639129,-34.8422390615847]}",0101000020E610000011039055B4404DC0BD75547DCE6B41C0
Anclaje AT,"{""type"":""Point"",""coordinates"":[-58.3383789594995,-34.6582664242229]}",0101000020E6100000375A7200502B4DC0D20BFE12425441C0
Anclaje AT,"{""type"":""Point"",""coordinates"":[-58.3388359623674,-34.6594671046018]}",0101000020E6100000D08910FA5E2B4DC0B386076B695441C0
Anclaje AT,"{""type"":""Point"",""coordinates"":[-58.3380485541451,-34.6573831021096]}",0101000020E6100000B941CE2C452B4DC077402621255441C0
Anclaje AT,"{""type"":""Point"",""coordinates"":[-58.3372631028227,-34.655292832813]}",0101000020E6100000A962F66F2B2B4DC0171EB3A2E05341C0
Anclaje AT,"{""type"":""Point"",""coordinates"":[-58.3368069422732,-34.6542551008675]}",0101000020E61000008910697D1C2B4DC0CFBB92A1BE5341C0
Anclaje AT,"{""type"":""Point"",""coordinates"":[-58.3364633126897,-34.6532534477856]}",0101000020E61000003127D63A112B4DC0851E19CF9D5341C0
Anclaje AT,"{""type"":""Point"",""coordinates"":[-58.3360362213729,-34.6523334034495]}",0101000020E6100000B788223C032B4DC0B1F334A97F5341C0
Anclaje AT,"{""type"":""Point"",""coordinates"":[-58.3357944572118,-34.6518101746118]}",0101000020E610000087F31150FB2A4DC030940B846E5341C0
Anclaje AT,"{""type"":""Point"",""coordinates"":[-58.4208186005418,-34.7853106693298]}",0101000020E610000016704762DD354DC05CFC5C0F856441C0
Anclaje AT,"{""type"":""Point"",""coordinates"":[-58.4213266760999,-34.784610010125]}",0101000020E610000009645308EE354DC0F1CCCE196E6441C0
Anclaje AT,"{""type"":""Point"",""coordinates"":[-58.4119597918929,-34.8016314719125]}",0101000020E610000032B93419BB344DC07CA72DDC9B6641C0
Anclaje AT,"{""type"":""Point"",""coordinates"":[-58.4128312726929,-34.7953031637251]}",0101000020E6100000B27DB7A7D7344DC0614D7B7ECC6541C0
Anclaje AT,"{""type"":""Point"",""coordinates"":[-58.40933465477,-34.8003261388639]}",0101000020E6100000ACADF51365344DC0F4464016716641C0
Anclaje AT,"{""type"":""Point"",""coordinates"":[-58.2573118853547,-34.8301160107975]}",0101000020E6100000373C8A98EF204DC07421CF3D416A41C0
Anclaje AT,"{""type"":""Point"",""coordinates"":[-58.2189477137082,-34.8367188749474]}",0101000020E610000093F48A7A061C4DC02AECA59A196B41C0
Anclaje AT,"{""type"":""Point"",""coordinates"":[-58.2392066876101,-34.7749958214324]}",0101000020E61000008B2222539E1E4DC064CB2510336341C0
Anclaje AT,"{""type"":""Point"",""coordinates"":[-58.3405582647647,-34.6273789159262]}",0101000020E6100000FFC5C869972B4DC0330DCBF34D5041C0
Anclaje AT,"{""type"":""Point"",""coordinates"":[-58.3354640968709,-34.6365472062907]}",0101000020E61000007785CE7CF02A4DC080B0FC607A5141C0
Anclaje AT,"{""type"":""Point"",""coordinates"":[-58.334451971924,-34.6398772413634]}",0101000020E610000081BF7C52CF2A4DC0218E587FE75141C0
Anclaje AT,"{""type"":""Point"",""coordinates"":[-58.2371211747232,-34.778024820413]}",0101000020E61000000C5095FC591E4DC03C933B51966341C0
Anclaje AT,"{""type"":""Point"",""coordinates"":[-58.4478779381193,-34.8314060389023]}",0101000020E61000003E69741054394DC0266459836B6A41C0
Anclaje AT,"{""type"":""Point"",""coordinates"":[-58.4487125167161,-34.831774596897]}",0101000020E6100000FD4C68696F394DC078A80997776A41C0
Anclaje AT,"{""type"":""Point"",""coordinates"":[-58.4535551928028,-34.8342404525005]}",0101000020E61000006902B8180E3A4DC0B23E2264C86A41C0
Anclaje AT,"{""type"":""Point"",""coordinates"":[-58.456118576692,-34.8355355930959]}",0101000020E6100000BDFEF017623A4DC0D57E8FD4F26A41C0
Anclaje AT,"{""type"":""Point"",""coordinates"":[-58.4551686150659,-34.8350605133155]}",0101000020E6100000D9EF15F7423A4DC07F6F4D43E36A41C0
Anclaje AT,"{""type"":""Point"",""coordinates"":[-58.4543581144374,-34.8346614060958]}",0101000020E610000020171D68283A4DC01F35592FD66A41C0
Anclaje AT,"{""type"":""Point"",""coordinates"":[-58.4672954404083,-34.8408959615231]}",0101000020E6100000CD0F4556D03B4DC03D0A977AA26B41C0
Anclaje AT,"{""type"":""Point"",""coordinates"":[-58.4677513941379,-34.8404237157888]}",0101000020E6100000853D1647DF3B4DC0460C1B01936B41C0
Anclaje AT,"{""type"":""Point"",""coordinates"":[-58.4683729375866,-34.839814367959]}",0101000020E61000000AA2F8A4F33B4DC01C8C86097F6B41C0
Anclaje AT,"{""type"":""Point"",""coordinates"":[-58.4699376601676,-34.8405808422001]}",0101000020E61000000BCAD0EA263C4DC05C722D27986B41C0
Anclaje AT,"{""type"":""Point"",""coordinates"":[-58.4707373198759,-34.84097274896]}",0101000020E6100000DBEFD81E413C4DC023CEBAFEA46B41C0
Anclaje AT,"{""type"":""Point"",""coordinates"":[-58.4792475026704,-34.8426155644452]}",0101000020E61000005D546FFB573D4DC04032AAD3DA6B41C0
Anclaje AT,"{""type"":""Point"",""coordinates"":[-58.4784269163613,-34.842278000099]}",0101000020E610000025A6DB173D3D4DC06048F8C3CF6B41C0
Anclaje AT,"{""type"":""Point"",""coordinates"":[-58.4804015771576,-34.8424822250411]}",0101000020E6100000556B83CC7D3D4DC0A1012275D66B41C0
Anclaje AT,"{""type"":""Point"",""coordinates"":[-58.4809125612111,-34.8417832686811]}",0101000020E61000008E51F58A8E3D4DC010A7DC8DBF6B41C0
Anclaje AT,"{""type"":""Point"",""coordinates"":[-58.4829029155228,-34.8390517670147]}",0101000020E61000001FA842C3CF3D4DC0597D5D0C666B41C0
Anclaje AT,"{""type"":""Point"",""coordinates"":[-58.5008730495672,-34.8434997170279]}",0101000020E610000060ABAB9B1C404DC0F86879CCF76B41C0
Anclaje AT,"{""type"":""Point"",""coordinates"":[-58.5015188211645,-34.8439628812187]}",0101000020E61000006B9DCBC431404DC0A7EFC6F9066C41C0
Anclaje AT,"{""type"":""Point"",""coordinates"":[-58.5030697071284,-34.8433279082618]}",0101000020E6100000CADC919664404DC0EFE43C2BF26B41C0
Anclaje AT,"{""type"":""Point"",""coordinates"":[-58.5038673263735,-34.8426590422226]}",0101000020E61000000D267CB97E404DC026036240DC6B41C0
Anclaje AT,"{""type"":""Point"",""coordinates"":[-58.5050808725316,-34.8420414026604]}",0101000020E6100000E3AD727DA6404DC0FC263F03C86B41C0
Anclaje AT,"{""type"":""Point"",""coordinates"":[-58.5050152142457,-34.8422225744877]}",0101000020E61000007995AA56A4404DC052B006F3CD6B41C0
Anclaje AT,"{""type"":""Point"",""coordinates"":[-58.5043501697293,-34.8431241508773]}",0101000020E61000000F5CDE8B8E404DC02A3EFF7DEB6B41C0
Anclaje AT,"{""type"":""Point"",""coordinates"":[-58.5036043279339,-34.8437144362924]}",0101000020E6100000CF4C4B1B76404DC00285ABD5FE6B41C0
Anclaje AT,"{""type"":""Point"",""coordinates"":[-58.5011613782657,-34.8471580818828]}",0101000020E6100000B4D5580E26404DC0471D10AD6F6C41C0
Anclaje AT,"{""type"":""Point"",""coordinates"":[-58.5009584289492,-34.8472232603333]}",0101000020E6100000FF7EE2671F404DC05DC5D1CF716C41C0
Anclaje AT,"{""type"":""Point"",""coordinates"":[-58.4907068848753,-34.8421565301432]}",0101000020E61000000A3BB37BCF3E4DC0F38901C9CB6B41C0
Anclaje AT,"{""type"":""Point"",""coordinates"":[-58.4904774069477,-34.84194267832]}",0101000020E61000003222B3F6C73E4DC0E13E16C7C46B41C0
Anclaje AT,"{""type"":""Point"",""coordinates"":[-58.4866126116028,-34.8400521099131]}",0101000020E6100000DB537252493E4DC0A181D9D3866B41C0
Anclaje AT,"{""type"":""Point"",""coordinates"":[-58.4857684414655,-34.8396032140944]}",0101000020E6100000F2C208A92D3E4DC074133D1E786B41C0
Anclaje AT,"{""type"":""Point"",""coordinates"":[-58.4839135099505,-34.8388606050773]}",0101000020E610000036AABDE0F03D4DC0D75AC8C85F6B41C0
Anclaje AT,"{""type"":""Point"",""coordinates"":[-58.4785942212047,-34.8432255675506]}",0101000020E610000077105093423D4DC0EEE3BDD0EE6B41C0
Anclaje AT,"{""type"":""Point"",""coordinates"":[-58.4781010648706,-34.8430557177564]}",0101000020E6100000AEE66A6A323D4DC0203CF03FE96B41C0
Anclaje AT,"{""type"":""Point"",""coordinates"":[-58.4680900805822,-34.8488444062624]}",0101000020E610000064D73160EA3B4DC00B25FAEEA66C41C0
Anclaje AT,"{""type"":""Point"",""coordinates"":[-58.4513556608272,-34.8403491171143]}",0101000020E6100000080FB505C6394DC0389D538F906B41C0
Anclaje AT,"{""type"":""Point"",""coordinates"":[-58.4455563707757,-34.8374977154406]}",0101000020E6100000C880BCFD07394DC05D250920336B41C0
Anclaje AT,"{""type"":""Point"",""coordinates"":[-58.4447276599087,-34.8370840948056]}",0101000020E61000009A7701D6EC384DC090985592256B41C0
Anclaje AT,"{""type"":""Point"",""coordinates"":[-58.4117326980375,-34.8297737144321]}",0101000020E6100000E96134A8B3344DC07F486B06366A41C0
Anclaje AT,"{""type"":""Point"",""coordinates"":[-58.7190107669103,-34.9106689825535]}",0101000020E610000001AD788B085C4DC042C61CCD907441C0
Anclaje AT,"{""type"":""Point"",""coordinates"":[-58.7175555880301,-34.9114344487297]}",0101000020E610000062D38BDCD85B4DC0F5DE4EE2A97441C0
Anclaje AT,"{""type"":""Point"",""coordinates"":[-58.6981315578218,-34.9169327211671]}",0101000020E61000003C93F85F5C594DC0BE05290D5E7541C0
Anclaje AT,"{""type"":""Point"",""coordinates"":[-58.6696627816485,-34.9215605624546]}",0101000020E6100000A7439182B7554DC052834EB2F57541C0
Anclaje AT,"{""type"":""Point"",""coordinates"":[-58.720339558838,-34.9115012759876]}",0101000020E6100000B29C2F16345C4DC08A50E512AC7441C0
Anclaje AT,"{""type"":""Point"",""coordinates"":[-58.6011553112901,-34.9002806926582]}",0101000020E61000005DE740A8F24C4DC0F517D2653C7341C0
Anclaje AT,"{""type"":""Point"",""coordinates"":[-58.7490947091915,-35.0544438389946]}",0101000020E6100000CBCADE55E25F4DC0A5F90504F88641C0
Anclaje AT,"{""type"":""Point"",""coordinates"":[-58.748118957357,-35.0492624666975]}",0101000020E6100000D8AEAB5CC25F4DC065B1853B4E8641C0
Anclaje AT,"{""type"":""Point"",""coordinates"":[-58.7480348955191,-35.0492801668486]}",0101000020E6100000B442829BBF5F4DC05E7A00D04E8641C0
Anclaje AT,"{""type"":""Point"",""coordinates"":[-58.7005554345501,-34.9478627597818]}",0101000020E6100000BA36ECCCAB594DC0FE2D2191537941C0
Anclaje AT,"{""type"":""Point"",""coordinates"":[-58.7339386961699,-35.0370722407178]}",0101000020E6100000C3A804B4F15D4DC07DBC7EC8BE8441C0
Anclaje AT,"{""type"":""Point"",""coordinates"":[-58.7321056982984,-35.0354742896126]}",0101000020E610000011B4B7A3B55D4DC00CDEE86B8A8441C0
Anclaje AT,"{""type"":""Point"",""coordinates"":[-58.7133723110173,-35.0192377298181]}",0101000020E61000007AD8ACC84F5B4DC08135C661768241C0
Anclaje AT,"{""type"":""Point"",""coordinates"":[-58.7147146160357,-35.0149651170839]}",0101000020E610000055ECBEC47B5B4DC05F3A8060EA8141C0
Anclaje AT,"{""type"":""Point"",""coordinates"":[-58.7151150431992,-35.0136904465249]}",0101000020E610000081B5C5E3885B4DC0C90BCA9BC08141C0
Anclaje AT,"{""type"":""Point"",""coordinates"":[-58.7188422653492,-35.0018235887933]}",0101000020E61000002654FA05035C4DC03F1D5FC13B8041C0
Anclaje AT,"{""type"":""Point"",""coordinates"":[-58.6837808264589,-34.967384261089]}",0101000020E6100000EAA24F2186574DC06B055A3FD37B41C0
Anclaje AT,"{""type"":""Point"",""coordinates"":[-58.6903694314342,-34.9384094883555]}",0101000020E61000007B1589065E584DC0155F57CD1D7841C0
Anclaje AT,"{""type"":""Point"",""coordinates"":[-58.6995354960914,-34.9124032878143]}",0101000020E61000003F0D0F618A594DC071F684A1C97441C0
Anclaje AT,"{""type"":""Point"",""coordinates"":[-58.7213859811974,-34.9111569587779]}",0101000020E610000098843660565C4DC0A9BC8DCAA07441C0
Anclaje AT,"{""type"":""Point"",""coordinates"":[-58.6863362839763,-34.9192793928337]}",0101000020E61000003CDE0ADED9574DC0C50D78F2AA7541C0
Anclaje AT,"{""type"":""Point"",""coordinates"":[-58.2228129819457,-34.9006053558018]}",0101000020E61000005A4AC322851C4DC0B4E24A09477341C0
Anclaje AT,"{""type"":""Point"",""coordinates"":[-58.2188415689815,-34.8392221852511]}",0101000020E6100000F6E32200031C4DC090DDEFA16B6B41C0
Anclaje AT,"{""type"":""Point"",""coordinates"":[-58.2001467627165,-34.9439138661595]}",0101000020E61000004422BC689E194DC0AEB2682BD27841C0
Anclaje AT,"{""type"":""Point"",""coordinates"":[-58.3219173179821,-34.7412534261881]}",0101000020E6100000E95F309634294DC050C36B64E15E41C0
Anclaje AT,"{""type"":""Point"",""coordinates"":[-58.3039548720102,-34.8012256645614]}",0101000020E6100000325F45FEE7264DC0E60005908E6641C0
Anclaje AT,"{""type"":""Point"",""coordinates"":[-58.3036305468646,-34.8014490684669]}",0101000020E6100000D26CA25DDD264DC0C73C11E2956641C0
Anclaje AT,"{""type"":""Point"",""coordinates"":[-58.2772544917821,-34.7372575426199]}",0101000020E6100000CA6F3F137D234DC00B2485745E5E41C0
Anclaje AT,"{""type"":""Point"",""coordinates"":[-58.2768670229686,-34.7609206833734]}",0101000020E6100000D77EEC6070234DC02AF854D9656141C0
Anclaje AT,"{""type"":""Point"",""coordinates"":[-58.2769613092468,-34.7608947133009]}",0101000020E61000007ABCDA7773234DC0CAA97AFF646141C0
Anclaje AT,"{""type"":""Point"",""coordinates"":[-58.2620057695166,-34.7522975433783]}",0101000020E6100000F3B7B16789214DC0DCD530494B6041C0
Anclaje AT,"{""type"":""Point"",""coordinates"":[-58.2601356193579,-34.7543965511707]}",0101000020E610000057D5BC1F4C214DC027BFF110906041C0
Anclaje AT,"{""type"":""Point"",""coordinates"":[-58.2611223633036,-34.7531019667437]}",0101000020E6100000545225756C214DC0DADB2EA5656041C0
Anclaje AT,"{""type"":""Point"",""coordinates"":[-58.2175829979998,-34.8359349799893]}",0101000020E610000091497AC2D91B4DC07151DCEAFF6A41C0
Anclaje AT,"{""type"":""Point"",""coordinates"":[-58.2178332324395,-34.8355993012277]}",0101000020E6100000A0A798F5E11B4DC0B0AAFBEAF46A41C0
Anclaje AT,"{""type"":""Point"",""coordinates"":[-58.2060654556587,-34.8273014307844]}",0101000020E6100000DD71545A601A4DC090936603E56941C0
Anclaje AT,"{""type"":""Point"",""coordinates"":[-58.4870366639804,-34.7802202255808]}",0101000020E6100000DADFA737573E4DC01346A041DE6341C0
Anclaje AT,"{""type"":""Point"",""coordinates"":[-58.4585311335428,-34.753451114416]}",0101000020E6100000D061EF25B13A4DC094C60B16716041C0
Anclaje AT,"{""type"":""Point"",""coordinates"":[-58.4624427243428,-34.7047882737151]}",0101000020E6100000A4A9BC52313B4DC0F91A8D80365A41C0
Anclaje AT,"{""type"":""Point"",""coordinates"":[-58.4615702364766,-34.7038844495191]}",0101000020E6100000AE3CC7BB143B4DC0756CB9E2185A41C0
Anclaje AT,"{""type"":""Point"",""coordinates"":[-58.460393416788,-34.7022473935342]}",0101000020E6100000F832E62BEE3A4DC019771A3EE35941C0
Anclaje AT,"{""type"":""Point"",""coordinates"":[-58.4458785657204,-34.6846542999773]}",0101000020E6100000D2E0808C12394DC0EFBB89C0A25741C0
Anclaje AT,"{""type"":""Point"",""coordinates"":[-58.2780780358411,-34.7377326599884]}",0101000020E610000031D6A20F98234DC0ACEB17066E5E41C0
Anclaje AT,"{""type"":""Point"",""coordinates"":[-58.2761829673032,-34.7403917883029]}",0101000020E6100000C023A6F659234DC0787E7A28C55E41C0
Fin de Linea AT,"{""type"":""Point"",""coordinates"":[-58.4299382490351,-34.8352231172013]}",0101000020E6100000DB736F3708374DC00F9F5297E86A41C0
Fin de Linea AT,"{""type"":""Point"",""coordinates"":[-58.4202691897351,-34.833215592403]}",0101000020E6100000E2B67C61CB354DC0B0F1FBCEA66A41C0
Fin de Linea AT,"{""type"":""Point"",""coordinates"":[-58.3881534533405,-34.8374207579411]}",0101000020E6100000A9F62903AF314DC0972C789A306B41C0
Fin de Linea AT,"{""type"":""Point"",""coordinates"":[-58.3879115413453,-34.837494301749]}",0101000020E6100000CFE8DB15A7314DC0904C6603336B41C0
Fin de Linea AT,"{""type"":""Point"",""coordinates"":[-58.3867735232134,-34.8371879687721]}",0101000020E6100000859478CB81314DC08B3DB1F9286B41C0
Fin de Linea AT,"{""type"":""Point"",""coordinates"":[-58.3866494547052,-34.8379047968892]}",0101000020E6100000CA7CB5BA7D314DC077E6E176406B41C0
Fin de Linea AT,"{""type"":""Point"",""coordinates"":[-58.4024909933426,-34.8287519883196]}",0101000020E6100000ADAB2AD384334DC0EC298F8B146A41C0
Fin de Linea AT,"{""type"":""Point"",""coordinates"":[-58.4022765586415,-34.8288731662878]}",0101000020E6100000FFA75BCC7D334DC078DE1284186A41C0
Fin de Linea AT,"{""type"":""Point"",""coordinates"":[-58.4067843089149,-34.8226813364093]}",0101000020E610000066A81B8211344DC02A743D9F4D6941C0
Fin de Linea AT,"{""type"":""Point"",""coordinates"":[-58.4064960937314,-34.8226738249177]}",0101000020E6100000A043621008344DC0F9A53A604D6941C0
Fin de Linea AT,"{""type"":""Point"",""coordinates"":[-58.4235977026567,-34.8237966654482]}",0101000020E61000001EC9137338364DC0B0534C2B726941C0
Fin de Linea AT,"{""type"":""Point"",""coordinates"":[-58.4153633004959,-34.8304485813478]}",0101000020E610000050CBE79F2A354DC004F39C234C6A41C0
Fin de Linea AT,"{""type"":""Point"",""coordinates"":[-58.2670950032858,-34.8215903839507]}",0101000020E6100000D404482B30224DC061E3AADF296941C0
Fin de Linea AT,"{""type"":""Point"",""coordinates"":[-58.2672423452585,-34.8215938575913]}",0101000020E6100000F17E46FF34224DC08279CEFC296941C0
Fin de Linea AT,"{""type"":""Point"",""coordinates"":[-58.2693868240096,-34.8163845599691]}",0101000020E61000001A8C77447B224DC06B030D4A7F6841C0
Fin de Linea AT,"{""type"":""Point"",""coordinates"":[-58.3806304686834,-34.827042738623]}",0101000020E61000009B6DCB7FB8304DC0D3635589DC6941C0
Fin de Linea AT,"{""type"":""Point"",""coordinates"":[-58.4009665704517,-34.827906319068]}",0101000020E61000008C7061DF52334DC0424692D5F86941C0
Fin de Linea AT,"{""type"":""Point"",""coordinates"":[-58.3841175782422,-34.8289509195433]}",0101000020E6100000362FCAC32A314DC0BFB650101B6A41C0
Fin de Linea AT,"{""type"":""Point"",""coordinates"":[-58.4007013296005,-34.8278964367848]}",0101000020E6100000800C612E4A334DC0983BAC82F86941C0
Fin de Linea AT,"{""type"":""Point"",""coordinates"":[-58.3872959233299,-34.8372505633521]}",0101000020E6100000B949AEE992314DC0CB13C6062B6B41C0
Fin de Linea AT,"{""type"":""Point"",""coordinates"":[-58.2784457250442,-34.8182582580664]}",0101000020E61000004C63091CA4234DC0DE09C5AFBC6841C0
Fin de Linea AT,"{""type"":""Point"",""coordinates"":[-58.2736296791324,-34.821228791732]}",0101000020E6100000558B1D4C06234DC0E08269061E6941C0
Fin de Linea AT,"{""type"":""Point"",""coordinates"":[-58.4236891547556,-34.8137423350375]}",0101000020E610000034AC3B723B364DC0AC2D76B5286841C0
Fin de Linea AT,"{""type"":""Point"",""coordinates"":[-58.4121908013279,-34.8016225849849]}",0101000020E610000027B50DABC2344DC0601FA1919B6641C0
Fin de Linea AT,"{""type"":""Point"",""coordinates"":[-58.4161235099952,-34.8115287327771]}",0101000020E61000005C43018943354DC066856B2CE06741C0
Fin de Linea AT,"{""type"":""Point"",""coordinates"":[-58.4073847354527,-34.8056436491484]}",0101000020E61000005BD4D92E25344DC041A9C2541F6741C0
Fin de Linea AT,"{""type"":""Point"",""coordinates"":[-58.2780906346313,-34.8192618763887]}",0101000020E61000005888527998234DC07CF9BA92DD6841C0
Fin de Linea AT,"{""type"":""Point"",""coordinates"":[-58.2749038219137,-34.7625282793672]}",0101000020E61000001C55660C30234DC02414D3869A6141C0
Fin de Linea AT,"{""type"":""Point"",""coordinates"":[-58.2722557703182,-34.7586277381764]}",0101000020E6100000FFD4EE46D9224DC02EA7B6B61A6141C0
Fin de Linea AT,"{""type"":""Point"",""coordinates"":[-58.4104424920962,-34.8018003935888]}",0101000020E610000092382C6189344DC024313265A16641C0
Fin de Linea AT,"{""type"":""Point"",""coordinates"":[-58.2059895500878,-34.8274239879443]}",0101000020E6100000F07896DD5D1A4DC0C3127C07E96941C0
Fin de Linea AT,"{""type"":""Point"",""coordinates"":[-58.2059532193922,-34.8273880813908]}",0101000020E6100000CEE5D2AC5C1A4DC0415647DAE76941C0
Fin de Linea AT,"{""type"":""Point"",""coordinates"":[-58.3881194042882,-34.8351321506433]}",0101000020E61000002E2E8AE5AD314DC0F56C3D9CE56A41C0
Fin de Linea AT,"{""type"":""Point"",""coordinates"":[-58.4449995976893,-34.8297736983202]}",0101000020E610000087672FBFF5384DC0E1AE4806366A41C0
Fin de Linea AT,"{""type"":""Point"",""coordinates"":[-58.4446984028966,-34.8297999186669]}",0101000020E6100000218394E0EB384DC0E4723CE2366A41C0
Fin de Linea AT,"{""type"":""Point"",""coordinates"":[-58.4672515037454,-34.8411106719444]}",0101000020E6100000EDCBB3E5CE3B4DC0AD28B683A96B41C0
Fin de Linea AT,"{""type"":""Point"",""coordinates"":[-58.4757875945122,-34.8434605925515]}",0101000020E6100000DF229F9BE63C4DC0983C4684F66B41C0
Fin de Linea AT,"{""type"":""Point"",""coordinates"":[-58.4755660335788,-34.8435588862689]}",0101000020E610000094A70859DF3C4DC03763D2BCF96B41C0
Fin de Linea AT,"{""type"":""Point"",""coordinates"":[-58.4768165603306,-34.8414682137702]}",0101000020E6100000D3673653083D4DC02362FD3AB56B41C0
Fin de Linea AT,"{""type"":""Point"",""coordinates"":[-58.4770873783761,-34.8414536893899]}",0101000020E6100000D8BAFF32113D4DC0978326C1B46B41C0
Fin de Linea AT,"{""type"":""Point"",""coordinates"":[-58.4801287042812,-34.843044328188]}",0101000020E61000001F617DDB743D4DC0AF5265E0E86B41C0
Fin de Linea AT,"{""type"":""Point"",""coordinates"":[-58.4799212480433,-34.8431521164573]}",0101000020E61000002C80380F6E3D4DC062DE9668EC6B41C0
Fin de Linea AT,"{""type"":""Point"",""coordinates"":[-58.4880372406961,-34.8336189829526]}",0101000020E610000085021A01783E4DC0988DDE06B46A41C0
Fin de Linea AT,"{""type"":""Point"",""coordinates"":[-58.4883147644926,-34.8336199448579]}",0101000020E610000026D32319813E4DC0A03AF00EB46A41C0
Fin de Linea AT,"{""type"":""Point"",""coordinates"":[-58.5023955373246,-34.8443823164263]}",0101000020E6100000933B397F4E404DC0912F41B8146C41C0
Fin de Linea AT,"{""type"":""Point"",""coordinates"":[-58.5022424789375,-34.8444170091607]}",0101000020E610000064D9467B49404DC0014447DB156C41C0
Fin de Linea AT,"{""type"":""Point"",""coordinates"":[-58.5045862699806,-34.8416706755953]}",0101000020E6100000DFC96B4896404DC08DD75CDDBB6B41C0
Fin de Linea AT,"{""type"":""Point"",""coordinates"":[-58.504350166298,-34.8416566623558]}",0101000020E6100000B6FDD68B8E404DC0ACA3CF67BB6B41C0
Fin de Linea AT,"{""type"":""Point"",""coordinates"":[-58.5049660848633,-34.8420914431603]}",0101000020E6100000DA098ABAA2404DC0B34E04A7C96B41C0
Fin de Linea AT,"{""type"":""Point"",""coordinates"":[-58.501249052481,-34.8473696880667]}",0101000020E610000044C7CFED28404DC01BEF249C766C41C0
Fin de Linea AT,"{""type"":""Point"",""coordinates"":[-58.4801196831268,-34.8440759171735]}",0101000020E61000000B99D08F743D4DC0FFCCFDAD0A6C41C0
Fin de Linea AT,"{""type"":""Point"",""coordinates"":[-58.4803591978352,-34.8440954141384]}",0101000020E61000007E8402697C3D4DC0C4368B510B6C41C0
Fin de Linea AT,"{""type"":""Point"",""coordinates"":[-58.4770069359978,-34.842510674676]}",0101000020E6100000B60933900E3D4DC0DB21C963D76B41C0
Fin de Linea AT,"{""type"":""Point"",""coordinates"":[-58.477212441974,-34.8425220515402]}",0101000020E6100000E5C21B4C153D4DC00EC338C3D76B41C0
Fin de Linea AT,"{""type"":""Point"",""coordinates"":[-58.469045698608,-34.8474582624152]}",0101000020E6100000E6EC7FB0093C4DC02AE62883796C41C0
Fin de Linea AT,"{""type"":""Point"",""coordinates"":[-58.4692669814496,-34.8473606653543]}",0101000020E61000009A35C1F0103C4DC088CE7450766C41C0
Fin de Linea AT,"{""type"":""Point"",""coordinates"":[-58.46813184493,-34.8489303263608]}",0101000020E610000068188ABEEB3B4DC0B126BABFA96C41C0
Fin de Linea AT,"{""type"":""Point"",""coordinates"":[-58.4411215595152,-34.8350612381859]}",0101000020E6100000CDD6D7AB76384DC030156249E36A41C0
Fin de Linea AT,"{""type"":""Point"",""coordinates"":[-58.4407984522992,-34.8351375262268]}",0101000020E61000004C606C156C384DC0336755C9E56A41C0
Fin de Linea AT,"{""type"":""Point"",""coordinates"":[-58.4235421285655,-34.8135926835136]}",0101000020E61000005D55E3A036364DC057FA17CE236841C0
Fin de Linea AT,"{""type"":""Point"",""coordinates"":[-58.3039650995311,-34.8011792091114]}",0101000020E610000046CE1054E8264DC034AF520A8D6641C0
Fin de Linea AT,"{""type"":""Point"",""coordinates"":[-58.2762395548797,-34.7605807037303]}",0101000020E6100000F40857D15B234DC0BE3E60B55A6141C0
Portico AT,"{""type"":""Point"",""coordinates"":[-58.4601214700378,-34.7514688265293]}",0101000020E61000000000A542E53A4DC00EF46821306041C0
Portico AT,"{""type"":""Point"",""coordinates"":[-58.7205847676166,-34.9119277644181]}",0101000020E61000005C74251F3C5C4DC0C03E8A0CBA7441C0
Portico AT,"{""type"":""Point"",""coordinates"":[-58.7208802479683,-34.9116132042845]}",0101000020E610000097ADD0CD455C4DC07580D1BDAF7441C0
Portico AT,"{""type"":""Point"",""coordinates"":[-58.6006034705274,-34.9010314615282]}",0101000020E6100000C0E31393E04C4DC01DF7B9FF547341C0
Portico AT,"{""type"":""Point"",""coordinates"":[-58.4041311054244,-34.8378701436965]}",0101000020E61000000C8C6C91BA334DC04EBC30543F6B41C0
Portico AT,"{""type"":""Point"",""coordinates"":[-58.4034613256723,-34.83795427258]}",0101000020E61000004E7BE79EA4334DC01F23EA15426B41C0
Portico AT,"{""type"":""Point"",""coordinates"":[-58.4629383982695,-34.7519939054558]}",0101000020E6100000AA50C090413B4DC0A75C1756416041C0
Portico AT,"{""type"":""Point"",""coordinates"":[-58.4627231947365,-34.7522403978102]}",0101000020E6100000373F7E833A3B4DC096A9D169496041C0
